Pooling Layers,Max RF,Highest Internal Layer Parameters,Conv Layers,RF25 Layer Name,Family,Origin,Architecture,MAX RF,Attention Layers,Parameters,Recurrent Layers,Model,Layers,Crop Percentage,Dense Layers,Output Features,RF25 Layer Number,Bottlenecks,Last Layer Parameters,First Layer Parameters,Lowest Internal Layer Parameters,Training Dataset,Residual Blocks,Normalization Layers,Has Convolutional Layers,Has Residual Blocks,Has Dense Layers,Has Bottlenecks,Has Recurrent Layers,Has Skip Connections,Has Attention Layers,Tokenized,Transformer,Has ReLU,Has GeLU,Other,Year Made,Learning Type,Primary Application,Key Distinguishing Feature,Pooling Type
0.0,,,49.0,,mobilenetv3,keras,,,0.0,5.507432,0.0,MobilenetV3large,27.3,,0.0,1000,,0.0,,,,ImageNet-1K,10.0,46.0,1.0,0.0,1.0,1.0,0.0,1.0,0.0,0.0,0.0,1.0,0.0,0,2019.0,Supervised,"Image Classification, Object Detection, Image Segmentation",Hardware-aware Network Design,"Average, Spatial Pyramid"
0.0,,,43.0,,mobilenetv3,keras,,,0.0,2.554968,0.0,MobilenetV3small,23.9,,0.0,1000,,0.0,,,,ImageNet-1K,6.0,34.0,1.0,0.0,1.0,1.0,0.0,1.0,0.0,0.0,0.0,1.0,0.0,0,2019.0,Supervised,"Image Classification, Object Detection, Image Segmentation",Hardware-aware Network Design,"Average, Spatial Pyramid"
0.0,,,36.0,,convnext,keras,,,0.0,350.196968,0.0,convnext_xlarge,29.7,,73.0,1000,,0.0,,,,ImageNet-21K,0.0,37.0,1.0,1.0,1.0,1.0,0.0,1.0,0.0,0.0,0.0,0.0,1.0,0,2022.0,Supervised,"Image Classification, Object Detection, Image Segmentation",Transformer Design Principles in ConvNet,Average
0.0,,,65.0,,efficientnet,keras,,,0.0,5.330571,0.0,efficientnetb0,24.1,,1.0,1000,,0.0,,,,ImageNet-1K,9.0,49.0,1.0,1.0,1.0,1.0,0.0,1.0,0.0,0.0,0.0,1.0,0.0,0,2019.0,Supervised,Image Classification,Compound Scaling Method,Average
0.0,,,92.0,,efficientnet,keras,,,0.0,7.856239,0.0,efficientnetb1,34.3,,1.0,1000,,0.0,,,,ImageNet-1K,16.0,69.0,1.0,1.0,1.0,1.0,0.0,1.0,0.0,0.0,0.0,1.0,0.0,0,2019.0,Supervised,Image Classification,Compound Scaling Method,Average
0.0,,,92.0,,efficientnet,keras,,,0.0,9.177569,0.0,efficientnetb2,34.3,,1.0,1000,,0.0,,,,ImageNet-1K,16.0,69.0,1.0,1.0,1.0,1.0,0.0,1.0,0.0,0.0,0.0,1.0,0.0,0,2019.0,Supervised,Image Classification,Compound Scaling Method,Average
0.0,,,104.0,,efficientnet,keras,,,0.0,12.320535,0.0,efficientnetb3,38.8,,1.0,1000,,0.0,,,,ImageNet-1K,19.0,78.0,1.0,1.0,1.0,1.0,0.0,1.0,0.0,0.0,0.0,1.0,0.0,0,2019.0,Supervised,Image Classification,Compound Scaling Method,Average
0.0,,,128.0,,efficientnet,keras,,,0.0,19.466823,0.0,efficientnetb4,47.8,,1.0,1000,,0.0,,,,ImageNet-1K,25.0,96.0,1.0,1.0,1.0,1.0,0.0,1.0,0.0,0.0,0.0,1.0,0.0,0,2019.0,Supervised,Image Classification,Compound Scaling Method,Average
0.0,,,155.0,,efficientnet,keras,,,0.0,30.562527,0.0,efficientnetb5,58.0,,1.0,1000,,0.0,,,,ImageNet-1K,32.0,116.0,1.0,1.0,1.0,1.0,0.0,1.0,0.0,0.0,0.0,1.0,0.0,0,2019.0,Supervised,Image Classification,Compound Scaling Method,Average
0.0,,,179.0,,efficientnet,keras,,,0.0,43.265143,0.0,efficientnetb6,67.0,,1.0,1000,,0.0,,,,ImageNet-1K,38.0,134.0,1.0,1.0,1.0,1.0,0.0,1.0,0.0,0.0,0.0,1.0,0.0,0,2019.0,Supervised,Image Classification,Compound Scaling Method,Average
0.0,,,218.0,,efficientnet,keras,,,0.0,66.658687,0.0,efficientnetb7,81.7,,1.0,1000,,0.0,,,,ImageNet-1K,48.0,163.0,1.0,1.0,1.0,1.0,0.0,1.0,0.0,0.0,0.0,1.0,0.0,0,2019.0,Supervised,Image Classification,Compound Scaling Method,Average
0.0,,,75.0,,efficientnetv2,keras,,,0.0,7.200312,0.0,efficientnetv2-b0,27.3,,1.0,1000,,0.0,,,,ImageNet-1K,15.0,59.0,1.0,1.0,1.0,0.0,0.0,1.0,0.0,0.0,0.0,1.0,0.0,0,2021.0,Supervised,Image Classification,Training-aware Optimizations,"Max, Average"
0.0,,,92.0,,efficientnetv2,keras,,,0.0,8.212124,0.0,efficientnetv2-b1,33.7,,1.0,1000,,0.0,,,,ImageNet-1K,21.0,73.0,1.0,1.0,1.0,0.0,0.0,1.0,0.0,0.0,0.0,1.0,0.0,0,2021.0,Supervised,Image Classification,Training-aware Optimizations,"Max, Average"
0.0,,,96.0,,efficientnetv2,keras,,,0.0,10.178374,0.0,efficientnetv2-b2,35.2,,1.0,1000,,0.0,,,,ImageNet-1K,22.0,76.0,1.0,1.0,1.0,0.0,0.0,1.0,0.0,0.0,0.0,1.0,0.0,0,2021.0,Supervised,Image Classification,Training-aware Optimizations,"Max, Average"
0.0,,,112.0,,efficientnetv2,keras,,,0.0,14.467622,0.0,efficientnetv2-b3,41.2,,1.0,1000,,0.0,,,,ImageNet-1K,26.0,88.0,1.0,1.0,1.0,0.0,0.0,1.0,0.0,0.0,0.0,1.0,0.0,0,2021.0,Supervised,Image Classification,Training-aware Optimizations,"Max, Average"
0.0,,,278.0,,efficientnetv2,keras,,,0.0,119.027848,0.0,efficientnetv2-l,103.1,,1.0,1000,,0.0,,,,ImageNet-1K,73.0,217.0,1.0,1.0,1.0,0.0,0.0,1.0,0.0,0.0,0.0,1.0,0.0,0,2021.0,Supervised,Image Classification,Training-aware Optimizations,"Max, Average"
0.0,,,201.0,,efficientnetv2,keras,,,0.0,54.431388,0.0,efficientnetv2-m,74.3,,1.0,1000,,0.0,,,,ImageNet-1K,51.0,157.0,1.0,1.0,1.0,0.0,0.0,1.0,0.0,0.0,0.0,1.0,0.0,0,2021.0,Supervised,Image Classification,Training-aware Optimizations,"Max, Average"
0.0,,,140.0,,efficientnetv2,keras,,,0.0,21.61236,0.0,efficientnetv2-s,51.6,,1.0,1000,,0.0,,,,ImageNet-1K,35.0,110.0,1.0,1.0,1.0,0.0,0.0,1.0,0.0,0.0,0.0,1.0,0.0,0,2021.0,Supervised,Image Classification,Training-aware Optimizations,"Max, Average"
0.0,,,15.0,,mobilenet,keras,,,0.0,4.253864,0.0,mobilenet,9.1,,0.0,1000,,0.0,,,,ImageNet-1K,0.0,27.0,1.0,0.0,1.0,0.0,0.0,1.0,0.0,0.0,0.0,1.0,0.0,0,2017.0,Supervised,"Image Classification, Object Detection",Efficiency on Mobile Devices,Average
0.0,,,35.0,,mobilenet,keras,,,0.0,3.538984,0.0,mobilenet_v2,15.6,,1.0,1000,,0.0,,,,ImageNet-1K,10.0,52.0,1.0,0.0,1.0,0.0,0.0,1.0,0.0,0.0,0.0,1.0,0.0,0,2017.0,Supervised,"Image Classification, Object Detection",Efficiency on Mobile Devices,Average
78.0,,,48.0,,nasnet,keras,,,0.0,88.949818,0.0,NASNet_large,104.1,,1.0,1000,,0.0,,,,ImageNet-1K,110.0,264.0,1.0,1.0,1.0,0.0,0.0,1.0,0.0,0.0,0.0,1.0,0.0,0,2017.0,Supervised,"Image Classification, Object Detection",Neural Architecture Search,"Max, Average"
60.0,,,36.0,,nasnet,keras,,,0.0,5.326716,0.0,NASNet_mobile,77.1,,1.0,1000,,0.0,,,,ImageNet-1K,80.0,192.0,1.0,1.0,1.0,0.0,0.0,1.0,0.0,0.0,0.0,1.0,0.0,0,2017.0,Supervised,"Image Classification, Object Detection",Neural Architecture Search,"Max, Average"
0.0,,,44.0,,regnetx,keras,,,0.0,2.70564,0.0,regnetx002,14.5,,1.0,1000,,0.0,,,,ImageNet-1K,0.0,44.0,1.0,1.0,1.0,1.0,0.0,1.0,0.0,0.0,0.0,1.0,0.0,0,2020.0,Supervised,Image Classification,Systematic Network Design No Squeeze Excitation,Average
0.0,,,71.0,,regnetx,keras,,,0.0,5.194184,0.0,regnetx004,23.5,,1.0,1000,,0.0,,,,ImageNet-1K,0.0,71.0,1.0,1.0,1.0,1.0,0.0,1.0,0.0,0.0,0.0,1.0,0.0,0,2020.0,Supervised,Image Classification,Systematic Network Design No Squeeze Excitation,Average
0.0,,,53.0,,regnetx,keras,,,0.0,6.22932,0.0,regnetx006,17.5,,1.0,1000,,0.0,,,,ImageNet-1K,0.0,53.0,1.0,1.0,1.0,1.0,0.0,1.0,0.0,0.0,0.0,1.0,0.0,0,2020.0,Supervised,Image Classification,Systematic Network Design No Squeeze Excitation,Average
0.0,,,53.0,,regnetx,keras,,,0.0,7.296968,0.0,regnetx008,17.5,,1.0,1000,,0.0,,,,ImageNet-1K,0.0,53.0,1.0,1.0,1.0,1.0,0.0,1.0,0.0,0.0,0.0,1.0,0.0,0,2020.0,Supervised,Image Classification,Systematic Network Design No Squeeze Excitation,Average
0.0,,,59.0,,regnetx,keras,,,0.0,9.23364,0.0,regnetx016,19.5,,1.0,1000,,0.0,,,,ImageNet-1K,0.0,59.0,1.0,1.0,1.0,1.0,0.0,1.0,0.0,0.0,0.0,1.0,0.0,0,2020.0,Supervised,Image Classification,Systematic Network Design No Squeeze Excitation,Average
0.0,,,80.0,,regnetx,keras,,,0.0,15.359112,0.0,regnetx032,26.5,,1.0,1000,,0.0,,,,ImageNet-1K,0.0,80.0,1.0,1.0,1.0,1.0,0.0,1.0,0.0,0.0,0.0,1.0,0.0,0,2020.0,Supervised,Image Classification,Systematic Network Design No Squeeze Excitation,Average
0.0,,,74.0,,regnetx,keras,,,0.0,22.194312,0.0,regnetx040,24.5,,1.0,1000,,0.0,,,,ImageNet-1K,0.0,74.0,1.0,1.0,1.0,1.0,0.0,1.0,0.0,0.0,0.0,1.0,0.0,0,2020.0,Supervised,Image Classification,Systematic Network Design No Squeeze Excitation,Average
0.0,,,56.0,,regnetx,keras,,,0.0,26.283464,0.0,regnetx064,18.5,,1.0,1000,,0.0,,,,ImageNet-1K,0.0,56.0,1.0,1.0,1.0,1.0,0.0,1.0,0.0,0.0,0.0,1.0,0.0,0,2020.0,Supervised,Image Classification,Systematic Network Design No Squeeze Excitation,Average
0.0,,,74.0,,regnetx,keras,,,0.0,39.663112,0.0,regnetx080,24.5,,1.0,1000,,0.0,,,,ImageNet-1K,0.0,74.0,1.0,1.0,1.0,1.0,0.0,1.0,0.0,0.0,0.0,1.0,0.0,0,2020.0,Supervised,Image Classification,Systematic Network Design No Squeeze Excitation,Average
0.0,,,62.0,,regnetx,keras,,,0.0,46.20244,0.0,regnetx120,20.5,,1.0,1000,,0.0,,,,ImageNet-1K,0.0,62.0,1.0,1.0,1.0,1.0,0.0,1.0,0.0,0.0,0.0,1.0,0.0,0,2020.0,Supervised,Image Classification,Systematic Network Design No Squeeze Excitation,Average
0.0,,,71.0,,regnetx,keras,,,0.0,54.389704,0.0,regnetx160,23.5,,1.0,1000,,0.0,,,,ImageNet-1K,0.0,71.0,1.0,1.0,1.0,1.0,0.0,1.0,0.0,0.0,0.0,1.0,0.0,0,2020.0,Supervised,Image Classification,Systematic Network Design No Squeeze Excitation,Average
0.0,,,74.0,,regnetx,keras,,,0.0,107.973576,0.0,regnetx320,24.5,,1.0,1000,,0.0,,,,ImageNet-1K,0.0,74.0,1.0,1.0,1.0,1.0,0.0,1.0,0.0,0.0,0.0,1.0,0.0,0,2020.0,Supervised,Image Classification,Systematic Network Design No Squeeze Excitation,Average
0.0,,,70.0,,regnety,keras,,,0.0,3.183844,0.0,regnety002,19.7,,1.0,1000,,0.0,,,,ImageNet-1K,0.0,44.0,1.0,1.0,1.0,1.0,0.0,1.0,0.0,0.0,0.0,0.0,0.0,SiLU,2020.0,Supervised,Image Classification,Regnet With Squeeze Excitation,Average
0.0,,,85.0,,regnety,keras,,,0.0,4.371296,0.0,regnety004,23.9,,1.0,1000,,0.0,,,,ImageNet-1K,0.0,53.0,1.0,1.0,1.0,1.0,0.0,1.0,0.0,0.0,0.0,0.0,0.0,SiLU,2020.0,Supervised,Image Classification,Regnet With Squeeze Excitation,Average
0.0,,,80.0,,regnety,keras,,,0.0,6.08492,0.0,regnety006,22.5,,1.0,1000,,0.0,,,,ImageNet-1K,0.0,50.0,1.0,1.0,1.0,1.0,0.0,1.0,0.0,0.0,0.0,0.0,0.0,SiLU,2020.0,Supervised,Image Classification,Regnet With Squeeze Excitation,Average
0.0,,,75.0,,regnety,keras,,,0.0,6.293056,0.0,regnety008,21.1,,1.0,1000,,0.0,,,,ImageNet-1K,0.0,47.0,1.0,1.0,1.0,1.0,0.0,1.0,0.0,0.0,0.0,0.0,0.0,SiLU,2020.0,Supervised,Image Classification,Regnet With Squeeze Excitation,Average
0.0,,,140.0,,regnety,keras,,,0.0,11.255102,0.0,regnety016,39.3,,1.0,1000,,0.0,,,,ImageNet-1K,0.0,86.0,1.0,1.0,1.0,1.0,0.0,1.0,0.0,0.0,0.0,0.0,0.0,SiLU,2020.0,Supervised,Image Classification,Regnet With Squeeze Excitation,Average
0.0,,,110.0,,regnety,keras,,,0.0,19.502498,0.0,regnety032,30.9,,1.0,1000,,0.0,,,,ImageNet-1K,0.0,68.0,1.0,1.0,1.0,1.0,0.0,1.0,0.0,0.0,0.0,0.0,0.0,SiLU,2020.0,Supervised,Image Classification,Regnet With Squeeze Excitation,Average
0.0,,,115.0,,regnety,keras,,,0.0,20.708928,0.0,regnety040,32.3,,1.0,1000,,0.0,,,,ImageNet-1K,0.0,71.0,1.0,1.0,1.0,1.0,0.0,1.0,0.0,0.0,0.0,0.0,0.0,SiLU,2020.0,Supervised,Image Classification,Regnet With Squeeze Excitation,Average
0.0,,,130.0,,regnety,keras,,,0.0,30.665684,0.0,regnety064,36.5,,1.0,1000,,0.0,,,,ImageNet-1K,0.0,80.0,1.0,1.0,1.0,1.0,0.0,1.0,0.0,0.0,0.0,0.0,0.0,SiLU,2020.0,Supervised,Image Classification,Regnet With Squeeze Excitation,Average
0.0,,,90.0,,regnety,keras,,,0.0,39.265812,0.0,regnety080,25.3,,1.0,1000,,0.0,,,,ImageNet-1K,0.0,56.0,1.0,1.0,1.0,1.0,0.0,1.0,0.0,0.0,0.0,0.0,0.0,SiLU,2020.0,Supervised,Image Classification,Regnet With Squeeze Excitation,Average
0.0,,,100.0,,regnety,keras,,,0.0,51.918928,0.0,regnety120,28.1,,1.0,1000,,0.0,,,,ImageNet-1K,0.0,62.0,1.0,1.0,1.0,1.0,0.0,1.0,0.0,0.0,0.0,0.0,0.0,SiLU,2020.0,Supervised,Image Classification,Regnet With Squeeze Excitation,Average
0.0,,,95.0,,regnety,keras,,,0.0,83.712956,0.0,regnety160,26.7,,1.0,1000,,0.0,,,,ImageNet-1K,0.0,59.0,1.0,1.0,1.0,1.0,0.0,1.0,0.0,0.0,0.0,0.0,0.0,SiLU,2020.0,Supervised,Image Classification,Regnet With Squeeze Excitation,Average
0.0,,,105.0,,regnety,keras,,,0.0,145.205058,0.0,regnety320,29.5,,1.0,1000,,0.0,,,,ImageNet-1K,0.0,65.0,1.0,1.0,1.0,1.0,0.0,1.0,0.0,0.0,0.0,0.0,0.0,SiLU,2020.0,Supervised,Image Classification,Regnet With Squeeze Excitation,Average
3.0,,,173.0,,resnet,keras,,,0.0,63.724296,0.0,resnet-rs-101,52.9,,1.0,1000,,0.0,,,,ImageNet-1K,33.0,107.0,1.0,1.0,1.0,1.0,0.0,1.0,0.0,0.0,0.0,1.0,0.0,0,2015.0,Supervised,"Image Classification, Object Detection, Image Segmentation",Deep Residual Learning for Image Recognition,"Max, Average"
3.0,,,258.0,,resnet,keras,,,0.0,86.773256,0.0,resnet-rs-152,78.4,,1.0,1000,,0.0,,,,ImageNet-1K,50.0,158.0,1.0,1.0,1.0,1.0,0.0,1.0,0.0,0.0,0.0,1.0,0.0,0,2015.0,Supervised,"Image Classification, Object Detection, Image Segmentation",Deep Residual Learning for Image Recognition,"Max, Average"
3.0,,,338.0,,resnet,keras,,,0.0,93.386248,0.0,resnet-rs-200,109.0,,1.0,1000,,0.0,,,,ImageNet-1K,66.0,206.0,1.0,1.0,1.0,1.0,0.0,1.0,0.0,0.0,0.0,1.0,0.0,0,2015.0,Supervised,"Image Classification, Object Detection, Image Segmentation",Deep Residual Learning for Image Recognition,"Max, Average"
3.0,,,458.0,,resnet,keras,,,0.0,130.10452,0.0,resnet-rs-270,147.4,,1.0,1000,,0.0,,,,ImageNet-1K,90.0,278.0,1.0,1.0,1.0,1.0,0.0,1.0,0.0,0.0,0.0,1.0,0.0,0,2015.0,Supervised,"Image Classification, Object Detection, Image Segmentation",Deep Residual Learning for Image Recognition,"Max, Average"
3.0,,,588.0,,resnet,keras,,,0.0,164.26836,0.0,resnet-rs-350,189.0,,1.0,1000,,0.0,,,,ImageNet-1K,116.0,356.0,1.0,1.0,1.0,1.0,0.0,1.0,0.0,0.0,0.0,1.0,0.0,0,2015.0,Supervised,"Image Classification, Object Detection, Image Segmentation",Deep Residual Learning for Image Recognition,"Max, Average"
3.0,,,703.0,,resnet,keras,,,0.0,192.262216,0.0,resnet-rs-420,225.8,,1.0,1000,,0.0,,,,ImageNet-1K,139.0,425.0,1.0,1.0,1.0,1.0,0.0,1.0,0.0,0.0,0.0,1.0,0.0,0,2015.0,Supervised,"Image Classification, Object Detection, Image Segmentation",Deep Residual Learning for Image Recognition,"Max, Average"
3.0,,,88.0,,resnet,keras,,,0.0,35.745288,0.0,resnet-rs-50,27.4,,1.0,1000,,0.0,,,,ImageNet-1K,16.0,56.0,1.0,1.0,1.0,1.0,0.0,1.0,0.0,0.0,0.0,1.0,0.0,0,2015.0,Supervised,"Image Classification, Object Detection, Image Segmentation",Deep Residual Learning for Image Recognition,"Max, Average"
4.0,,,104.0,,resnet,keras,,,0.0,44.67556,0.0,resnet101v2,37.9,,1.0,1000,,0.0,,,,ImageNet-1K,33.0,100.0,1.0,1.0,1.0,1.0,0.0,1.0,0.0,0.0,0.0,1.0,0.0,0,2015.0,Supervised,"Image Classification, Object Detection, Image Segmentation",Deep Residual Learning for Image Recognition,"Max, Average"
4.0,,,155.0,,resnet,keras,,,0.0,60.380648,0.0,resnet152v2,56.6,,1.0,1000,,0.0,,,,ImageNet-1K,50.0,151.0,1.0,1.0,1.0,1.0,0.0,1.0,0.0,0.0,0.0,1.0,0.0,0,2015.0,Supervised,"Image Classification, Object Detection, Image Segmentation",Deep Residual Learning for Image Recognition,"Max, Average"
4.0,,,53.0,,resnet,keras,,,0.0,25.6138,0.0,resnet50v2,19.2,,1.0,1000,,0.0,,,,ImageNet-1K,16.0,49.0,1.0,1.0,1.0,1.0,0.0,1.0,0.0,0.0,0.0,1.0,0.0,0,2015.0,Supervised,"Image Classification, Object Detection, Image Segmentation",Deep Residual Learning for Image Recognition,"Max, Average"
4.0,,,19.0,conv,unet,pytorch,,1,0.0,7.763041,0.0,brain-segmentation-pytorch,7.3,,0.0,1,1,0.0,,,,https://www.kaggle.com/datasets/mateuszbuda/lgg-mri-segmentation,0.0,18.0,1.0,0.0,0.0,0.0,0.0,1.0,0.0,0.0,0.0,1.0,0.0,0,2019.0,Supervised,Image Segmentation,U-shaped Architecture for Segmentation,Max
,,,,,vgg,tfhub,,,,15.304768,,vgg19-block5-conv2-unpooling-encoder,0.2,,,512,,,,,,COCO,,,1.0,0.0,1.0,0.0,0.0,0.0,0.0,0.0,0.0,1.0,0.0,0,2014.0,Supervised,Image Classification,Deep Architecture with 11 Layers,Max
,,,,,vgg,tfhub,,,,5.865536,,vgg19-block4-conv2-unpooling-encoder,0.2,,,512,,,,,,COCO,,,1.0,0.0,1.0,0.0,0.0,0.0,0.0,0.0,0.0,1.0,0.0,0,2014.0,Supervised,Image Classification,Deep Architecture with 11 Layers,Max
,,,,,vgg,tfhub,,,,0.03872,,vgg19-block1-conv2-unpooling-encoder,0.1,,,512,,,,,,COCO,,,1.0,0.0,1.0,0.0,0.0,0.0,0.0,0.0,0.0,1.0,0.0,0,2014.0,Supervised,Image Classification,Deep Architecture with 11 Layers,Max
2.0,,6076800.0,94.0,,inception_v3,timm,adv_inception_v3,,0.0,23.834568,0.0,adv_inception_v3,30.0,0.875,1.0,1000,,0.0,2049000.0,928.0,5280.0,ImageNet-1K,0.0,94.0,1.0,0.0,1.0,0.0,0.0,0.0,0.0,0.0,0.0,1.0,0.0,0,2015.0,Supervised,Image Classification,"Label Smoothing, Factorized Convolutions","Max, Average"
1.0,,8619456.0,79.0,,resnext,timm,bat_resnext26ts,,0.0,10.7312,0.0,bat_resnext26ts,41.4,0.9,1.0,1000,,8.0,2049000.0,26232.0,8619456.0,ImageNet-1K,0.0,63.0,1.0,1.0,1.0,1.0,0.0,1.0,0.0,0.0,0.0,1.0,0.0,0,2017.0,Supervised,Image Classification,Grouped Convolutions,"Max, Average"
0.0,,85026816.0,1.0,,beit,timm,beit_base_patch16_224,,12.0,86.530984,0.0,beit_base_patch16_224,18.9,0.9,49.0,1000,,0.0,769000.0,590592.0,1536.0,ImageNet-1K,0.0,25.0,0.0,0.0,1.0,1.0,0.0,1.0,1.0,1.0,1.0,0.0,1.0,0,2022.0,Self-Supervised,"Image Classification, Image Segmentation",Self-supervised Learning for Images,Average
0.0,,85026816.0,1.0,,beit,timm,beit_base_patch16_384,,12.0,86.744104,0.0,beit_base_patch16_384,18.9,1.0,49.0,1000,,0.0,769000.0,590592.0,1536.0,ImageNet-1K,0.0,25.0,0.0,0.0,1.0,1.0,0.0,1.0,1.0,1.0,1.0,0.0,1.0,0,2022.0,Self-Supervised,"Image Classification, Image Segmentation",Self-supervised Learning for Images,Average
0.0,,302235648.0,1.0,,beit,timm,beit_large_patch16_224,,24.0,304.430568,0.0,beit_large_patch16_224,36.9,0.9,97.0,1000,,0.0,1025000.0,787456.0,2048.0,ImageNet-1K,0.0,49.0,0.0,0.0,1.0,1.0,0.0,1.0,1.0,1.0,1.0,0.0,1.0,0,2022.0,Self-Supervised,"Image Classification, Image Segmentation",Self-supervised Learning for Images,Average
0.0,,302235648.0,1.0,,beit,timm,beit_large_patch16_384,,24.0,304.998888,0.0,beit_large_patch16_384,36.9,1.0,97.0,1000,,0.0,1025000.0,787456.0,2048.0,ImageNet-1K,0.0,49.0,0.0,0.0,1.0,1.0,0.0,1.0,1.0,1.0,1.0,0.0,1.0,0,2022.0,Self-Supervised,"Image Classification, Image Segmentation",Self-supervised Learning for Images,Average
0.0,,302235648.0,1.0,,beit,timm,beit_large_patch16_512,,24.0,305.674728,0.0,beit_large_patch16_512,36.9,1.0,97.0,1000,,0.0,1025000.0,787456.0,2048.0,ImageNet-1K,0.0,49.0,0.0,0.0,1.0,1.0,0.0,1.0,1.0,1.0,1.0,0.0,1.0,0,2022.0,Self-Supervised,"Image Classification, Image Segmentation",Self-supervised Learning for Images,Average
0.0,,85026816.0,1.0,,beitv2,timm,beitv2_base_patch16_224,,12.0,86.530984,0.0,beitv2_base_patch16_224,18.9,0.9,49.0,1000,,0.0,769000.0,590592.0,1536.0,ImageNet-1K,0.0,25.0,0.0,0.0,1.0,0.0,0.0,1.0,1.0,1.0,1.0,0.0,1.0,0,2022.0,Self-Supervised,"Image Classification, Image Segmentation",Improvements in Self-Supervised Learning,Class Token
0.0,,302235648.0,1.0,,beitv2,timm,beitv2_large_patch16_224,,24.0,304.430568,0.0,beitv2_large_patch16_224,36.9,0.95,97.0,1000,,0.0,1025000.0,787456.0,2048.0,ImageNet-1K,0.0,49.0,0.0,0.0,1.0,0.0,0.0,1.0,1.0,1.0,1.0,0.0,1.0,0,2022.0,Self-Supervised,"Image Classification, Image Segmentation",Improvements in Self-Supervised Learning,Class Token
2.0,,10382720.0,31.0,,botnet,timm,botnet26t_256,,0.0,12.488672,0.0,botnet26t_256,22.2,0.95,1.0,1000,,8.0,2049000.0,26232.0,10382720.0,ImageNet-1K,0.0,31.0,1.0,1.0,1.0,1.0,0.0,1.0,1.0,0.0,1.0,1.0,1.0,0,2021.0,Supervised,"Image Classification, Object Detection, Image Segmentation",Transformer Blocks in ResNet,Average
0.0,,255182976.0,1.0,,cait,timm,cait_m36_384,,0.0,271.221352,0.0,cait_m36_384,65.5,1.0,229.0,1000,,0.0,769000.0,590592.0,1536.0,ImageNet-1K,0.0,77.0,0.0,0.0,1.0,0.0,0.0,1.0,1.0,1.0,1.0,0.0,1.0,0,2021.0,Supervised,"Image Classification, Image Segmentation",Class Attention Mechanism,Average
0.0,,340243968.0,1.0,,cait,timm,cait_m48_448,,0.0,356.46052,0.0,cait_m48_448,85.9,1.0,301.0,1000,,0.0,769000.0,590592.0,1536.0,ImageNet-1K,0.0,101.0,0.0,0.0,1.0,0.0,0.0,1.0,1.0,1.0,1.0,0.0,1.0,0,2021.0,Supervised,"Image Classification, Image Segmentation",Class Attention Mechanism,Average
0.0,,42590592.0,1.0,,cait,timm,cait_s24_224,,0.0,46.9162,0.0,cait_s24_224,45.1,1.0,157.0,1000,,0.0,385000.0,295296.0,768.0,ImageNet-1K,0.0,53.0,0.0,0.0,1.0,0.0,0.0,1.0,1.0,1.0,1.0,0.0,1.0,0,2021.0,Supervised,"Image Classification, Image Segmentation",Class Attention Mechanism,Average
0.0,,42590592.0,1.0,,cait,timm,cait_s24_384,,0.0,47.06212,0.0,cait_s24_384,45.1,1.0,157.0,1000,,0.0,385000.0,295296.0,768.0,ImageNet-1K,0.0,53.0,0.0,0.0,1.0,0.0,0.0,1.0,1.0,1.0,1.0,0.0,1.0,0,2021.0,Supervised,"Image Classification, Image Segmentation",Class Attention Mechanism,Average
0.0,,63885888.0,1.0,,cait,timm,cait_s36_384,,0.0,68.366632,0.0,cait_s36_384,65.5,1.0,229.0,1000,,0.0,385000.0,295296.0,768.0,ImageNet-1K,0.0,77.0,0.0,0.0,1.0,0.0,0.0,1.0,1.0,1.0,1.0,0.0,1.0,0,2021.0,Supervised,"Image Classification, Image Segmentation",Class Attention Mechanism,Average
0.0,,23979744.0,1.0,,cait,timm,cait_xs24_384,,0.0,26.670088,0.0,cait_xs24_384,45.1,1.0,157.0,1000,,0.0,289000.0,221472.0,576.0,ImageNet-1K,0.0,53.0,0.0,0.0,1.0,0.0,0.0,1.0,1.0,1.0,1.0,0.0,1.0,0,2021.0,Supervised,"Image Classification, Image Segmentation",Class Attention Mechanism,Average
0.0,,10677696.0,1.0,,cait,timm,cait_xxs24_224,,0.0,11.956264,0.0,cait_xxs24_224,45.1,1.0,157.0,1000,,0.0,193000.0,147648.0,384.0,ImageNet-1K,0.0,53.0,0.0,0.0,1.0,0.0,0.0,1.0,1.0,1.0,1.0,0.0,1.0,0,2021.0,Supervised,"Image Classification, Image Segmentation",Class Attention Mechanism,Average
0.0,,10677696.0,1.0,,cait,timm,cait_xxs24_384,,0.0,12.029224,0.0,cait_xxs24_384,45.1,1.0,157.0,1000,,0.0,193000.0,147648.0,384.0,ImageNet-1K,0.0,53.0,0.0,0.0,1.0,0.0,0.0,1.0,1.0,1.0,1.0,0.0,1.0,0,2021.0,Supervised,"Image Classification, Image Segmentation",Class Attention Mechanism,Average
0.0,,16016544.0,1.0,,cait,timm,cait_xxs36_224,,0.0,17.29972,0.0,cait_xxs36_224,65.5,1.0,229.0,1000,,0.0,193000.0,147648.0,384.0,ImageNet-1K,0.0,77.0,0.0,0.0,1.0,0.0,0.0,1.0,1.0,1.0,1.0,0.0,1.0,0,2021.0,Supervised,"Image Classification, Image Segmentation",Class Attention Mechanism,Average
0.0,,16016544.0,1.0,,cait,timm,cait_xxs36_384,,0.0,17.37268,0.0,cait_xxs36_384,65.5,1.0,229.0,1000,,0.0,193000.0,147648.0,384.0,ImageNet-1K,0.0,77.0,0.0,0.0,1.0,0.0,0.0,1.0,1.0,1.0,1.0,0.0,1.0,0,2021.0,Supervised,"Image Classification, Image Segmentation",Class Attention Mechanism,Average
0.0,,6346752.0,20.0,,coat,timm,coat_lite_mini,,0.0,11.01156,0.0,coat_lite_mini,16.7,0.9,33.0,1000,,0.0,513000.0,3264.0,640.0,ImageNet-1K,0.0,21.0,1.0,0.0,1.0,0.0,0.0,1.0,1.0,1.0,1.0,0.0,1.0,0,2021.0,Supervised,"Image Classification, Object Detection, Image Segmentation",Co-Scale and Conv-Attentional Mechanisms,Class Token
0.0,,9520128.0,20.0,,coat,timm,coat_lite_small,,0.0,19.838504,0.0,coat_lite_small,28.7,0.9,65.0,1000,,0.0,513000.0,3264.0,640.0,ImageNet-1K,0.0,37.0,1.0,0.0,1.0,0.0,0.0,1.0,1.0,1.0,1.0,0.0,1.0,0,2021.0,Supervised,"Image Classification, Object Detection, Image Segmentation",Co-Scale and Conv-Attentional Mechanisms,Class Token
0.0,,2492160.0,20.0,,coat,timm,coat_lite_tiny,,0.0,5.72196,0.0,coat_lite_tiny,16.7,0.9,33.0,1000,,0.0,321000.0,3264.0,640.0,ImageNet-1K,0.0,21.0,1.0,0.0,1.0,0.0,0.0,1.0,1.0,1.0,1.0,0.0,1.0,0,2021.0,Supervised,"Image Classification, Object Detection, Image Segmentation",Co-Scale and Conv-Attentional Mechanisms,Class Token
0.0,,5756832.0,20.0,,coat,timm,coat_mini,,0.0,10.337004,0.0,coat_mini,34.5,0.9,81.0,1000,,0.0,217000.0,7752.0,4.0,ImageNet-1K,0.0,59.0,1.0,0.0,1.0,0.0,0.0,1.0,1.0,1.0,1.0,0.0,1.0,0,2021.0,Supervised,"Image Classification, Object Detection, Image Segmentation",Co-Scale and Conv-Attentional Mechanisms,Class Token
0.0,,2883744.0,20.0,,coat,timm,coat_tiny,,0.0,5.49854,0.0,coat_tiny,34.5,0.9,81.0,1000,,0.0,153000.0,7752.0,4.0,ImageNet-1K,0.0,59.0,1.0,0.0,1.0,0.0,0.0,1.0,1.0,1.0,1.0,0.0,1.0,0,2021.0,Supervised,"Image Classification, Object Detection, Image Segmentation",Co-Scale and Conv-Attentional Mechanisms,Class Token
8.0,,26634146.0,67.0,,coatnet,timm,coatnet_0_rw_224,,18.0,27.435562,0.0,coatnet_0_rw_224,33.3,0.95,1.0,1000,,0.0,769000.0,19360.0,1536.0,ImageNet-1K,0.0,35.0,1.0,1.0,1.0,0.0,0.0,1.0,1.0,0.0,1.0,0.0,1.0,0,2021.0,Supervised,Image Classification,Hybrid Convolution and Transformer Architecture,"Max, Average"
6.0,,40909718.0,110.0,,coatnet,timm,coatnet_1_rw_224,,32.0,41.721502,0.0,coatnet_1_rw_224,53.5,0.95,1.0,1000,,0.0,769000.0,19360.0,1536.0,ImageNet-1K,0.0,58.0,1.0,1.0,1.0,0.0,0.0,1.0,1.0,0.0,1.0,0.0,1.0,0,2021.0,Supervised,Image Classification,Hybrid Convolution and Transformer Architecture,"Max, Average"
6.0,,26634146.0,67.0,,coatnet,timm,coatnet_bn_0_rw_224,,18.0,27.435562,0.0,coatnet_bn_0_rw_224,32.9,0.95,1.0,1000,,0.0,769000.0,19360.0,1536.0,ImageNet-1K,0.0,35.0,1.0,1.0,1.0,0.0,0.0,1.0,1.0,0.0,1.0,0.0,1.0,0,2021.0,Supervised,Image Classification,Hybrid Convolution and Transformer Architecture,"Max, Average"
8.0,,14596340.0,76.0,,coatnet,timm,coatnet_nano_rw_224,,18.0,15.141244,0.0,coatnet_nano_rw_224,37.7,0.9,1.0,1000,,0.0,513000.0,19360.0,1024.0,ImageNet-1K,0.0,41.0,1.0,1.0,1.0,0.0,0.0,1.0,1.0,0.0,1.0,0.0,1.0,0,2021.0,Supervised,Image Classification,Hybrid Convolution and Transformer Architecture,"Max, Average"
8.0,,40880198.0,110.0,,coatnet,timm,coatnet_rmlp_1_rw_224,,32.0,41.691982,0.0,coatnet_rmlp_1_rw_224,65.1,0.95,33.0,1000,,0.0,769000.0,19360.0,1536.0,ImageNet-1K,0.0,58.0,1.0,1.0,1.0,0.0,0.0,1.0,1.0,0.0,1.0,0.0,1.0,0,2021.0,Supervised,Image Classification,Hybrid Convolution and Transformer Architecture,"Max, Average"
6.0,,14600212.0,76.0,,coatnet,timm,coatnet_rmlp_nano_rw_224,,18.0,15.145116,0.0,coatnet_rmlp_nano_rw_224,43.6,0.9,19.0,1000,,0.0,513000.0,19360.0,1024.0,ImageNet-1K,0.0,41.0,1.0,1.0,1.0,0.0,0.0,1.0,1.0,0.0,1.0,0.0,1.0,0,2021.0,Supervised,Image Classification,Hybrid Convolution and Transformer Architecture,"Max, Average"
0.0,,85027456.0,1.0,,convit,timm,convit_base,,0.0,86.54004,0.0,convit_base,20.8,,69.0,1000,,0.0,769000.0,590592.0,1536.0,ImageNet-1K,0.0,25.0,1.0,0.0,1.0,0.0,0.0,1.0,1.0,1.0,1.0,0.0,1.0,0,2021.0,Supervised,Image Classification,Combines Convolutions and Transformers,Class Token
0.0,,26926056.0,1.0,,convit,timm,convit_small,,0.0,27.777322,0.0,convit_small,20.8,,69.0,1000,,0.0,433000.0,332208.0,864.0,ImageNet-1K,0.0,25.0,1.0,0.0,1.0,0.0,0.0,1.0,1.0,1.0,1.0,0.0,1.0,0,2021.0,Supervised,Image Classification,Combines Convolutions and Transformers,Class Token
0.0,,5331616.0,1.0,,convit,timm,convit_tiny,,0.0,5.710512,0.0,convit_tiny,20.8,,69.0,1000,,0.0,193000.0,147648.0,384.0,ImageNet-1K,0.0,25.0,1.0,0.0,1.0,0.0,0.0,1.0,1.0,1.0,1.0,0.0,1.0,0,2021.0,Supervised,Image Classification,Combines Convolutions and Transformers,Class Token
0.0,,20226048.0,65.0,,convmixer,timm,convmixer_768_32,,0.0,21.110248,0.0,convmixer_768_32,29.8,0.96,1.0,1000,,0.0,769000.0,115200.0,20226048.0,ImageNet-1K,0.0,65.0,1.0,0.0,1.0,0.0,0.0,1.0,0.0,0.0,0.0,0.0,1.0,0,2022.0,Supervised,Image Classification,Mixes Per-Patch Fully Connected and Depthwise Convolutions,Average
0.0,,22753280.0,41.0,,convmixer,timm,convmixer_1024_20_ks9_p14,,0.0,24.383464,0.0,convmixer_1024_20_ks9_p14,19.0,0.96,1.0,1000,,0.0,1025000.0,605184.0,22753280.0,ImageNet-1K,0.0,41.0,1.0,0.0,1.0,0.0,0.0,1.0,0.0,0.0,0.0,0.0,1.0,0,2022.0,Supervised,Image Classification,Mixes Per-Patch Fully Connected and Depthwise Convolutions,Average
0.0,,49858560.0,41.0,,convmixer,timm,convmixer_1536_20,,0.0,51.62596,0.0,convmixer_1536_20,19.0,0.96,1.0,1000,,0.0,1537000.0,230400.0,49858560.0,ImageNet-1K,0.0,41.0,1.0,0.0,1.0,0.0,0.0,1.0,0.0,0.0,0.0,0.0,1.0,0,2022.0,Supervised,Image Classification,Mixes Per-Patch Fully Connected and Depthwise Convolutions,Average
0.0,,3370000.0,41.0,,convnext,timm,convnext_atto_ols,,0.0,3.702912,0.0,convnext_atto_ols,15.3,0.875,1.0,1000,,0.0,321640.0,9432.0,3370000.0,ImageNet-1K,0.0,17.0,1.0,1.0,1.0,1.0,0.0,1.0,0.0,0.0,0.0,0.0,1.0,0,2022.0,Supervised,"Image Classification, Object Detection, Image Segmentation",Transformer Design Principles in ConvNet,Average
0.0,,87539840.0,40.0,,convnext,timm,convnext_base,,0.0,88.591464,0.0,convnext_base,39.2,0.875,73.0,1000,,0.0,1027048.0,6528.0,87539840.0,ImageNet-1K,0.0,41.0,1.0,1.0,1.0,1.0,0.0,1.0,0.0,0.0,0.0,0.0,1.0,0,2022.0,Supervised,"Image Classification, Object Detection, Image Segmentation",Transformer Design Principles in ConvNet,Average
0.0,,87539840.0,40.0,,convnext,timm,convnext_base_384_in22ft1k,,0.0,88.591464,0.0,convnext_base_384_in22ft1k,39.2,1.0,73.0,1000,,0.0,1027048.0,6528.0,87539840.0,ImageNet-1K,0.0,41.0,1.0,1.0,1.0,1.0,0.0,1.0,0.0,0.0,0.0,0.0,1.0,0,2022.0,Supervised,"Image Classification, Object Detection, Image Segmentation",Transformer Design Principles in ConvNet,Average
0.0,,87539840.0,40.0,,convnext,timm,convnext_base_in22k,,0.0,109.953489,0.0,convnext_base_in22k,39.2,0.875,73.0,21841,,0.0,22389073.0,6528.0,87539840.0,ImageNet-21K,0.0,41.0,1.0,1.0,1.0,1.0,0.0,1.0,0.0,0.0,0.0,0.0,1.0,0,2022.0,Supervised,"Image Classification, Object Detection, Image Segmentation",Transformer Design Principles in ConvNet,Average
0.0,,4827360.0,41.0,,convnext,timm,convnext_femto_ols,,0.0,5.22652,0.0,convnext_femto_ols,15.3,0.875,1.0,1000,,0.0,385768.0,11184.0,4827360.0,ImageNet-1K,0.0,17.0,1.0,1.0,1.0,1.0,0.0,1.0,0.0,0.0,0.0,0.0,1.0,0,2022.0,Supervised,"Image Classification, Object Detection, Image Segmentation",Transformer Design Principles in ConvNet,Average
0.0,,196190400.0,40.0,,convnext,timm,convnext_large,,0.0,197.767336,0.0,convnext_large,39.2,0.875,73.0,1000,,0.0,1540072.0,9792.0,196190400.0,ImageNet-1K,0.0,41.0,1.0,1.0,1.0,1.0,0.0,1.0,0.0,0.0,0.0,0.0,1.0,0,2022.0,Supervised,"Image Classification, Object Detection, Image Segmentation",Transformer Design Principles in ConvNet,Average
0.0,,196190400.0,40.0,,convnext,timm,convnext_large_384_in22ft1k,,0.0,197.767336,0.0,convnext_large_384_in22ft1k,39.2,1.0,73.0,1000,,0.0,1540072.0,9792.0,196190400.0,ImageNet-1K,0.0,41.0,1.0,1.0,1.0,1.0,0.0,1.0,0.0,0.0,0.0,0.0,1.0,0,2022.0,Supervised,"Image Classification, Object Detection, Image Segmentation",Transformer Design Principles in ConvNet,Average
0.0,,196190400.0,40.0,,convnext,timm,convnext_large_in22k,,0.0,229.799953,0.0,convnext_large_in22k,39.2,0.875,73.0,21841,,0.0,33572689.0,9792.0,196190400.0,ImageNet-21K,0.0,41.0,1.0,1.0,1.0,1.0,0.0,1.0,0.0,0.0,0.0,0.0,1.0,0,2022.0,Supervised,"Image Classification, Object Detection, Image Segmentation",Transformer Design Principles in ConvNet,Average
0.0,,14942880.0,47.0,,convnext,timm,convnext_nano_ols,,0.0,15.64956,0.0,convnext_nano_ols,17.3,0.95,1.0,1000,,0.0,642280.0,60080.0,14942880.0,ImageNet-1K,0.0,19.0,1.0,1.0,1.0,1.0,0.0,1.0,0.0,0.0,0.0,0.0,1.0,0,2022.0,Supervised,"Image Classification, Object Detection, Image Segmentation",Transformer Design Principles in ConvNet,Average
0.0,,8525440.0,41.0,,convnext,timm,convnext_pico_ols,,0.0,9.061928,0.0,convnext_pico_ols,15.3,0.95,1.0,1000,,0.0,514024.0,19520.0,8525440.0,ImageNet-1K,0.0,17.0,1.0,1.0,1.0,1.0,0.0,1.0,0.0,0.0,0.0,0.0,1.0,0,2022.0,Supervised,"Image Classification, Object Detection, Image Segmentation",Transformer Design Principles in ConvNet,Average
0.0,,49434720.0,40.0,,convnext,timm,convnext_small,,0.0,50.223688,0.0,convnext_small,39.2,0.875,73.0,1000,,0.0,770536.0,4896.0,49434720.0,ImageNet-1K,0.0,41.0,1.0,1.0,1.0,1.0,0.0,1.0,0.0,0.0,0.0,0.0,1.0,0,2022.0,Supervised,"Image Classification, Object Detection, Image Segmentation",Transformer Design Principles in ConvNet,Average
0.0,,49434720.0,40.0,,convnext,timm,convnext_small_384_in22ft1k,,0.0,50.223688,0.0,convnext_small_384_in22ft1k,39.2,1.0,73.0,1000,,0.0,770536.0,4896.0,49434720.0,ImageNet-1K,0.0,41.0,1.0,1.0,1.0,1.0,0.0,1.0,0.0,0.0,0.0,0.0,1.0,0,2022.0,Supervised,"Image Classification, Object Detection, Image Segmentation",Transformer Design Principles in ConvNet,Average
0.0,,49434720.0,40.0,,convnext,timm,convnext_small_in22k,,0.0,66.250417,0.0,convnext_small_in22k,39.2,0.875,73.0,21841,,0.0,16797265.0,4896.0,49434720.0,ImageNet-21K,0.0,41.0,1.0,1.0,1.0,1.0,0.0,1.0,0.0,0.0,0.0,0.0,1.0,0,2022.0,Supervised,"Image Classification, Object Detection, Image Segmentation",Transformer Design Principles in ConvNet,Average
0.0,,27807072.0,22.0,,convnext,timm,convnext_tiny,,0.0,28.589128,0.0,convnext_tiny,21.2,0.875,37.0,1000,,0.0,770536.0,4896.0,27807072.0,ImageNet-1K,0.0,23.0,1.0,1.0,1.0,1.0,0.0,1.0,0.0,0.0,0.0,0.0,1.0,0,2022.0,Supervised,"Image Classification, Object Detection, Image Segmentation",Transformer Design Principles in ConvNet,Average
0.0,,27807072.0,22.0,,convnext,timm,convnext_tiny_384_in22ft1k,,0.0,28.589128,0.0,convnext_tiny_384_in22ft1k,21.2,1.0,37.0,1000,,0.0,770536.0,4896.0,27807072.0,ImageNet-1K,0.0,23.0,1.0,1.0,1.0,1.0,0.0,1.0,0.0,0.0,0.0,0.0,1.0,0,2022.0,Supervised,"Image Classification, Object Detection, Image Segmentation",Transformer Design Principles in ConvNet,Average
0.0,,27807072.0,22.0,,convnext,timm,convnext_tiny_in22ft1k,,0.0,28.589128,0.0,convnext_tiny_in22ft1k,21.2,0.875,37.0,1000,,0.0,770536.0,4896.0,27807072.0,ImageNet-1K,0.0,23.0,1.0,1.0,1.0,1.0,0.0,1.0,0.0,0.0,0.0,0.0,1.0,0,2022.0,Supervised,"Image Classification, Object Detection, Image Segmentation",Transformer Design Principles in ConvNet,Average
0.0,,348094720.0,40.0,,convnext,timm,convnext_xlarge_384_in22ft1k,,0.0,350.196968,0.0,convnext_xlarge_384_in22ft1k,39.2,1.0,73.0,1000,,0.0,2053096.0,13056.0,348094720.0,ImageNet-1K,0.0,41.0,1.0,1.0,1.0,1.0,0.0,1.0,0.0,0.0,0.0,0.0,1.0,0,2022.0,Supervised,"Image Classification, Object Detection, Image Segmentation",Transformer Design Principles in ConvNet,Average
0.0,,7812096.0,2.0,,crossvit,timm,crossvit_9_240,,24.0,8.553296,0.0,crossvit_9_240,35.9,0.875,86.0,1000,,0.0,386000.0,252288.0,768.0,ImageNet-1K,0.0,44.0,0.0,0.0,1.0,0.0,0.0,1.0,1.0,1.0,1.0,0.0,1.0,0,2021.0,Supervised,Image Classification,Dual-branch Transformers for Multi-scale Processing,Class Token
0.0,,7812096.0,6.0,,crossvit,timm,crossvit_9_dagger_240,,24.0,8.776592,0.0,crossvit_9_dagger_240,36.9,0.875,86.0,1000,,0.0,386000.0,475584.0,768.0,ImageNet-1K,0.0,44.0,0.0,0.0,1.0,0.0,0.0,1.0,1.0,1.0,1.0,0.0,1.0,0,2021.0,Supervised,Image Classification,Dual-branch Transformers for Multi-scale Processing,Class Token
0.0,,26417664.0,2.0,,crossvit,timm,crossvit_15_240,,30.0,27.528464,0.0,crossvit_15_240,46.7,0.875,110.0,1000,,0.0,578000.0,378432.0,1152.0,ImageNet-1K,0.0,56.0,0.0,0.0,1.0,0.0,0.0,1.0,1.0,1.0,1.0,0.0,1.0,0,2021.0,Supervised,Image Classification,Dual-branch Transformers for Multi-scale Processing,Class Token
0.0,,26417664.0,6.0,,crossvit,timm,crossvit_15_dagger_240,,30.0,28.209008,0.0,crossvit_15_dagger_240,47.7,0.875,110.0,1000,,0.0,578000.0,1058976.0,1152.0,ImageNet-1K,0.0,56.0,0.0,0.0,1.0,0.0,0.0,1.0,1.0,1.0,1.0,0.0,1.0,0,2021.0,Supervised,Image Classification,Dual-branch Transformers for Multi-scale Processing,Class Token
0.0,,26417664.0,6.0,,crossvit,timm,crossvit_15_dagger_408,,30.0,28.50008,0.0,crossvit_15_dagger_408,47.7,1.0,110.0,1000,,0.0,578000.0,1058976.0,1152.0,ImageNet-1K,0.0,56.0,0.0,0.0,1.0,0.0,0.0,1.0,1.0,1.0,1.0,0.0,1.0,0,2021.0,Supervised,Image Classification,Dual-branch Transformers for Multi-scale Processing,Class Token
0.0,,41975808.0,2.0,,crossvit,timm,crossvit_18_240,,33.0,43.271408,0.0,crossvit_18_240,52.1,0.875,122.0,1000,,0.0,674000.0,441504.0,1344.0,ImageNet-1K,0.0,62.0,0.0,0.0,1.0,0.0,0.0,1.0,1.0,1.0,1.0,0.0,1.0,0,2021.0,Supervised,Image Classification,Dual-branch Transformers for Multi-scale Processing,Class Token
0.0,,41975808.0,6.0,,crossvit,timm,crossvit_18_dagger_240,,33.0,44.266976,0.0,crossvit_18_dagger_240,53.1,0.875,122.0,1000,,0.0,674000.0,1437072.0,1344.0,ImageNet-1K,0.0,62.0,0.0,0.0,1.0,0.0,0.0,1.0,1.0,1.0,1.0,0.0,1.0,0,2021.0,Supervised,Image Classification,Dual-branch Transformers for Multi-scale Processing,Class Token
0.0,,41975808.0,6.0,,crossvit,timm,crossvit_18_dagger_408,,33.0,44.60656,0.0,crossvit_18_dagger_408,53.1,1.0,122.0,1000,,0.0,674000.0,1437072.0,1344.0,ImageNet-1K,0.0,62.0,0.0,0.0,1.0,0.0,0.0,1.0,1.0,1.0,1.0,0.0,1.0,0,2021.0,Supervised,Image Classification,Dual-branch Transformers for Multi-scale Processing,Class Token
0.0,,102805632.0,2.0,,crossvit,timm,crossvit_base_240,,27.0,105.025232,0.0,crossvit_base_240,41.3,0.875,98.0,1000,,0.0,1154000.0,756864.0,2304.0,ImageNet-1K,0.0,50.0,0.0,0.0,1.0,0.0,0.0,1.0,1.0,1.0,1.0,0.0,1.0,0,2021.0,Supervised,Image Classification,Dual-branch Transformers for Multi-scale Processing,Class Token
0.0,,25745472.0,2.0,,crossvit,timm,crossvit_small_240,,27.0,26.856272,0.0,crossvit_small_240,41.3,0.875,98.0,1000,,0.0,578000.0,378432.0,1152.0,ImageNet-1K,0.0,50.0,0.0,0.0,1.0,0.0,0.0,1.0,1.0,1.0,1.0,0.0,1.0,0,2021.0,Supervised,Image Classification,Dual-branch Transformers for Multi-scale Processing,Class Token
0.0,,6458400.0,2.0,,crossvit,timm,crossvit_tiny_240,,27.0,7.0148,0.0,crossvit_tiny_240,41.3,0.875,98.0,1000,,0.0,290000.0,189216.0,576.0,ImageNet-1K,0.0,50.0,0.0,0.0,1.0,0.0,0.0,1.0,1.0,1.0,1.0,0.0,1.0,0,2021.0,Supervised,Image Classification,Dual-branch Transformers for Multi-scale Processing,Class Token
0.0,,20090880.0,55.0,,darknet,timm,cs3darknet_focus_l,,0.0,21.15172,0.0,cs3darknet_focus_l,35.9,0.887,1.0,1000,,0.0,1025000.0,7040.0,20090880.0,ImageNet-1K,0.0,55.0,1.0,1.0,1.0,0.0,0.0,1.0,0.0,0.0,0.0,1.0,0.0,0,2018.0,Supervised,Object Detection,Efficiency and Performance in Object Detection,"Max, Average"
0.0,,8513280.0,41.0,,darknet,timm,cs3darknet_focus_m,,0.0,9.30436,0.0,cs3darknet_focus_m,26.8,0.887,1.0,1000,,0.0,769000.0,5280.0,8513280.0,ImageNet-1K,0.0,41.0,1.0,1.0,1.0,0.0,0.0,1.0,0.0,0.0,0.0,1.0,0.0,0,2018.0,Supervised,Object Detection,Efficiency and Performance in Object Detection,"Max, Average"
0.0,,20090880.0,56.0,,darknet,timm,cs3darknet_l,,0.0,21.164168,0.0,cs3darknet_l,36.4,0.887,1.0,1000,,0.0,1025000.0,19488.0,20090880.0,ImageNet-1K,0.0,56.0,1.0,1.0,1.0,0.0,0.0,1.0,0.0,0.0,0.0,1.0,0.0,0,2018.0,Supervised,Object Detection,Efficiency and Performance in Object Detection,"Max, Average"
0.0,,8513280.0,42.0,,darknet,timm,cs3darknet_m,,0.0,9.31024,0.0,cs3darknet_m,27.3,0.887,1.0,1000,,0.0,769000.0,11160.0,8513280.0,ImageNet-1K,0.0,42.0,1.0,1.0,1.0,0.0,0.0,1.0,0.0,0.0,0.0,1.0,0.0,0,2018.0,Supervised,Object Detection,Efficiency and Performance in Object Detection,"Max, Average"
0.0,,33696000.0,62.0,,darknet,timm,cs3darknet_x,,0.0,35.04632,0.0,cs3darknet_x,40.3,0.95,1.0,1000,,0.0,1281000.0,30120.0,33696000.0,ImageNet-1K,0.0,62.0,1.0,1.0,1.0,0.0,0.0,1.0,0.0,0.0,0.0,1.0,0.0,0,2018.0,Supervised,Object Detection,Efficiency and Performance in Object Detection,"Max, Average"
0.0,,46464000.0,62.0,,edgenet,timm,cs3edgenet_x,,0.0,47.82112,0.0,cs3edgenet_x,40.3,0.887,1.0,1000,,0.0,1281000.0,30120.0,46464000.0,ImageNet-1K,0.0,62.0,1.0,0.0,1.0,0.0,0.0,0.0,0.0,0.0,0.0,1.0,0.0,0,2019.0,Supervised,Object Detection,Specialized in Edge Detection,Max
0.0,,49364464.0,110.0,,edgenet,timm,cs3se_edgenet_x,,0.0,50.721584,0.0,cs3se_edgenet_x,52.3,0.95,1.0,1000,,0.0,1281000.0,30120.0,49364464.0,ImageNet-1K,0.0,62.0,1.0,0.0,1.0,0.0,0.0,0.0,0.0,0.0,0.0,1.0,0.0,0,2019.0,Supervised,Object Detection,Specialized in Edge Detection,Max
0.0,,20840304.0,98.0,,darknet,timm,cs3sedarknet_l,,0.0,21.913592,0.0,cs3sedarknet_l,46.9,0.887,1.0,1000,,0.0,1025000.0,19488.0,20840304.0,ImageNet-1K,0.0,56.0,1.0,1.0,1.0,0.0,0.0,1.0,0.0,0.0,0.0,1.0,0.0,0,2018.0,Supervised,Object Detection,Efficiency and Performance in Object Detection,"Max, Average"
0.0,,34047584.0,110.0,,darknet,timm,cs3sedarknet_x,,0.0,35.397904,0.0,cs3sedarknet_x,52.3,0.887,1.0,1000,,0.0,1281000.0,30120.0,34047584.0,ImageNet-1K,0.0,62.0,1.0,1.0,1.0,0.0,0.0,1.0,0.0,0.0,0.0,1.0,0.0,0,2018.0,Supervised,Object Detection,Efficiency and Performance in Object Detection,"Max, Average"
0.0,,26580992.0,67.0,,darknet,timm,cspdarknet53,,0.0,27.642184,0.0,cspdarknet53,42.8,0.887,1.0,1000,,0.0,1025000.0,928.0,26580992.0,ImageNet-1K,0.0,67.0,1.0,1.0,1.0,0.0,0.0,1.0,0.0,0.0,0.0,1.0,0.0,0,2018.0,Supervised,Object Detection,Efficiency and Performance in Object Detection,"Max, Average"
1.0,,20541440.0,55.0,,resnet,timm,cspresnet50,,0.0,21.616168,0.0,cspresnet50,36.2,0.887,1.0,1000,,13.0,1025000.0,9536.0,20541440.0,ImageNet-1K,0.0,55.0,1.0,1.0,1.0,1.0,0.0,1.0,0.0,0.0,0.0,1.0,0.0,0,2015.0,Supervised,"Image Classification, Object Detection, Image Segmentation",Deep Residual Learning for Image Recognition,"Max, Average"
1.0,,18454016.0,55.0,,resnext,timm,cspresnext50,,0.0,20.569896,0.0,cspresnext50,36.2,0.887,1.0,1000,,13.0,2049000.0,9536.0,18454016.0,ImageNet-1K,0.0,55.0,1.0,1.0,1.0,1.0,0.0,1.0,0.0,0.0,0.0,1.0,0.0,0,2017.0,Supervised,Image Classification,Grouped Convolutions,"Max, Average"
0.0,,40548352.0,52.0,,darknet,timm,darknet53,,0.0,41.609928,0.0,darknet53,35.3,0.887,1.0,1000,,0.0,1025000.0,928.0,40548352.0,ImageNet-1K,0.0,52.0,1.0,1.0,1.0,0.0,0.0,1.0,0.0,0.0,0.0,1.0,0.0,0,2018.0,Supervised,Object Detection,Efficiency and Performance in Object Detection,"Max, Average"
5.0,,34961408.0,52.0,,darknet,timm,darknetaa53,,0.0,36.022984,0.0,darknetaa53,36.3,0.887,1.0,1000,,0.0,1025000.0,928.0,34961408.0,ImageNet-1K,0.0,52.0,1.0,1.0,1.0,0.0,0.0,1.0,0.0,0.0,0.0,1.0,0.0,0,2018.0,Supervised,Object Detection,Efficiency and Performance in Object Detection,"Max, Average"
0.0,,85072896.0,1.0,,deit3,timm,deit3_base_patch16_224,,13.0,86.58532,0.0,deit3_base_patch16_224,22.6,0.9,49.0,1000,,0.0,769000.0,590592.0,1536.0,ImageNet-1K,0.0,25.0,0.0,0.0,1.0,0.0,0.0,1.0,1.0,1.0,1.0,0.0,1.0,0,2022.0,Self-Supervised,Image Classification,Advancements in Data Efficiency,Class Token
0.0,,85072896.0,1.0,,deit3,timm,deit3_base_patch16_224_in21ft1k,,13.0,86.58532,0.0,deit3_base_patch16_224_in21ft1k,22.6,1.0,49.0,1000,,0.0,769000.0,590592.0,1536.0,ImageNet-1K,0.0,25.0,0.0,0.0,1.0,0.0,0.0,1.0,1.0,1.0,1.0,0.0,1.0,0,2022.0,Self-Supervised,Image Classification,Advancements in Data Efficiency,Class Token
0.0,,85072896.0,1.0,,deit3,timm,deit3_base_patch16_384,,13.0,86.87716,0.0,deit3_base_patch16_384,22.6,1.0,49.0,1000,,0.0,769000.0,590592.0,1536.0,ImageNet-1K,0.0,25.0,0.0,0.0,1.0,0.0,0.0,1.0,1.0,1.0,1.0,0.0,1.0,0,2022.0,Self-Supervised,Image Classification,Advancements in Data Efficiency,Class Token
0.0,,85072896.0,1.0,,deit3,timm,deit3_base_patch16_384_in21ft1k,,13.0,86.87716,0.0,deit3_base_patch16_384_in21ft1k,22.6,1.0,49.0,1000,,0.0,769000.0,590592.0,1536.0,ImageNet-1K,0.0,25.0,0.0,0.0,1.0,0.0,0.0,1.0,1.0,1.0,1.0,0.0,1.0,0,2022.0,Self-Supervised,Image Classification,Advancements in Data Efficiency,Class Token
0.0,,629760000.0,1.0,,deit3,timm,deit3_huge_patch14_224,,33.0,632.12644,0.0,deit3_huge_patch14_224,58.6,0.9,129.0,1000,,0.0,1281000.0,753920.0,2560.0,ImageNet-1K,0.0,65.0,0.0,0.0,1.0,0.0,0.0,1.0,1.0,1.0,1.0,0.0,1.0,0,2022.0,Self-Supervised,Image Classification,Advancements in Data Efficiency,Class Token
0.0,,629760000.0,1.0,,deit3,timm,deit3_huge_patch14_224_in21ft1k,,33.0,632.12644,0.0,deit3_huge_patch14_224_in21ft1k,58.6,1.0,129.0,1000,,0.0,1281000.0,753920.0,2560.0,ImageNet-1K,0.0,65.0,0.0,0.0,1.0,0.0,0.0,1.0,1.0,1.0,1.0,0.0,1.0,0,2022.0,Self-Supervised,Image Classification,Advancements in Data Efficiency,Class Token
0.0,,302358528.0,1.0,,deit3,timm,deit3_large_patch16_224,,25.0,304.37476,0.0,deit3_large_patch16_224,44.2,0.9,97.0,1000,,0.0,1025000.0,787456.0,2048.0,ImageNet-1K,0.0,49.0,0.0,0.0,1.0,0.0,0.0,1.0,1.0,1.0,1.0,0.0,1.0,0,2022.0,Self-Supervised,Image Classification,Advancements in Data Efficiency,Class Token
0.0,,302358528.0,1.0,,deit3,timm,deit3_large_patch16_224_in21ft1k,,25.0,304.37476,0.0,deit3_large_patch16_224_in21ft1k,44.2,1.0,97.0,1000,,0.0,1025000.0,787456.0,2048.0,ImageNet-1K,0.0,49.0,0.0,0.0,1.0,0.0,0.0,1.0,1.0,1.0,1.0,0.0,1.0,0,2022.0,Self-Supervised,Image Classification,Advancements in Data Efficiency,Class Token
0.0,,302358528.0,1.0,,deit3,timm,deit3_large_patch16_384,,25.0,304.76388,0.0,deit3_large_patch16_384,44.2,1.0,97.0,1000,,0.0,1025000.0,787456.0,2048.0,ImageNet-1K,0.0,49.0,0.0,0.0,1.0,0.0,0.0,1.0,1.0,1.0,1.0,0.0,1.0,0,2022.0,Self-Supervised,Image Classification,Advancements in Data Efficiency,Class Token
0.0,,302358528.0,1.0,,deit3,timm,deit3_large_patch16_384_in21ft1k,,25.0,304.76388,0.0,deit3_large_patch16_384_in21ft1k,44.2,1.0,97.0,1000,,0.0,1025000.0,787456.0,2048.0,ImageNet-1K,0.0,49.0,0.0,0.0,1.0,0.0,0.0,1.0,1.0,1.0,1.0,0.0,1.0,0,2022.0,Self-Supervised,Image Classification,Advancements in Data Efficiency,Class Token
0.0,,37840896.0,1.0,,deit3,timm,deit3_medium_patch16_224,,13.0,38.849512,0.0,deit3_medium_patch16_224,22.6,0.9,49.0,1000,,0.0,513000.0,393728.0,1024.0,ImageNet-1K,0.0,25.0,0.0,0.0,1.0,0.0,0.0,1.0,1.0,1.0,1.0,0.0,1.0,0,2022.0,Self-Supervised,Image Classification,Advancements in Data Efficiency,Class Token
0.0,,21302784.0,1.0,,deit3,timm,deit3_small_patch16_224,,13.0,22.059496,0.0,deit3_small_patch16_224,22.6,0.9,49.0,1000,,0.0,385000.0,295296.0,768.0,ImageNet-1K,0.0,25.0,0.0,0.0,1.0,0.0,0.0,1.0,1.0,1.0,1.0,0.0,1.0,0,2022.0,Self-Supervised,Image Classification,Advancements in Data Efficiency,Class Token
0.0,,21302784.0,1.0,,deit3,timm,deit3_small_patch16_224_in21ft1k,,13.0,22.059496,0.0,deit3_small_patch16_224_in21ft1k,22.6,1.0,49.0,1000,,0.0,385000.0,295296.0,768.0,ImageNet-1K,0.0,25.0,0.0,0.0,1.0,0.0,0.0,1.0,1.0,1.0,1.0,0.0,1.0,0,2022.0,Self-Supervised,Image Classification,Advancements in Data Efficiency,Class Token
0.0,,21302784.0,1.0,,deit3,timm,deit3_small_patch16_384,,13.0,22.205416,0.0,deit3_small_patch16_384,22.6,1.0,49.0,1000,,0.0,385000.0,295296.0,768.0,ImageNet-1K,0.0,25.0,0.0,0.0,1.0,0.0,0.0,1.0,1.0,1.0,1.0,0.0,1.0,0,2022.0,Self-Supervised,Image Classification,Advancements in Data Efficiency,Class Token
0.0,,21302784.0,1.0,,deit3,timm,deit3_small_patch16_384_in21ft1k,,13.0,22.205416,0.0,deit3_small_patch16_384_in21ft1k,22.6,1.0,49.0,1000,,0.0,385000.0,295296.0,768.0,ImageNet-1K,0.0,25.0,0.0,0.0,1.0,0.0,0.0,1.0,1.0,1.0,1.0,0.0,1.0,0,2022.0,Self-Supervised,Image Classification,Advancements in Data Efficiency,Class Token
0.0,,85054464.0,1.0,,deit,timm,deit_base_distilled_patch16_224,,13.0,87.338192,0.0,deit_base_distilled_patch16_224,22.7,0.9,50.0,1000,,0.0,769000.0,590592.0,1536.0,ImageNet-1K,0.0,25.0,0.0,0.0,1.0,0.0,0.0,1.0,1.0,1.0,1.0,0.0,1.0,0,2021.0,Supervised,Image Classification,Data-efficient Learning with Transformers,Class Token
0.0,,85054464.0,1.0,,deit,timm,deit_base_distilled_patch16_384,,13.0,87.630032,0.0,deit_base_distilled_patch16_384,22.7,1.0,50.0,1000,,0.0,769000.0,590592.0,1536.0,ImageNet-1K,0.0,25.0,0.0,0.0,1.0,0.0,0.0,1.0,1.0,1.0,1.0,0.0,1.0,0,2021.0,Supervised,Image Classification,Data-efficient Learning with Transformers,Class Token
0.0,,85054464.0,1.0,,deit,timm,deit_base_patch16_224,,13.0,86.567656,0.0,deit_base_patch16_224,22.6,0.9,49.0,1000,,0.0,769000.0,590592.0,1536.0,ImageNet-1K,0.0,25.0,0.0,0.0,1.0,0.0,0.0,1.0,1.0,1.0,1.0,0.0,1.0,0,2021.0,Supervised,Image Classification,Data-efficient Learning with Transformers,Class Token
0.0,,85054464.0,1.0,,deit,timm,deit_base_patch16_384,,13.0,86.859496,0.0,deit_base_patch16_384,22.6,1.0,49.0,1000,,0.0,769000.0,590592.0,1536.0,ImageNet-1K,0.0,25.0,0.0,0.0,1.0,0.0,0.0,1.0,1.0,1.0,1.0,0.0,1.0,0,2021.0,Supervised,Image Classification,Data-efficient Learning with Transformers,Class Token
0.0,,21293568.0,1.0,,deit,timm,deit_small_distilled_patch16_224,,13.0,22.436432,0.0,deit_small_distilled_patch16_224,22.7,0.9,50.0,1000,,0.0,385000.0,295296.0,768.0,ImageNet-1K,0.0,25.0,0.0,0.0,1.0,0.0,0.0,1.0,1.0,1.0,1.0,0.0,1.0,0,2021.0,Supervised,Image Classification,Data-efficient Learning with Transformers,Class Token
0.0,,21293568.0,1.0,,deit,timm,deit_small_patch16_224,,13.0,22.050664,0.0,deit_small_patch16_224,22.6,0.9,49.0,1000,,0.0,385000.0,295296.0,768.0,ImageNet-1K,0.0,25.0,0.0,0.0,1.0,0.0,0.0,1.0,1.0,1.0,1.0,0.0,1.0,0,2021.0,Supervised,Image Classification,Data-efficient Learning with Transformers,Class Token
0.0,,5338368.0,1.0,,deit,timm,deit_tiny_distilled_patch16_224,,13.0,5.9108,0.0,deit_tiny_distilled_patch16_224,22.7,0.9,50.0,1000,,0.0,193000.0,147648.0,384.0,ImageNet-1K,0.0,25.0,0.0,0.0,1.0,0.0,0.0,1.0,1.0,1.0,1.0,0.0,1.0,0,2021.0,Supervised,Image Classification,Data-efficient Learning with Transformers,Class Token
0.0,,5338368.0,1.0,,deit,timm,deit_tiny_patch16_224,,13.0,5.717416,0.0,deit_tiny_patch16_224,22.6,0.9,49.0,1000,,0.0,193000.0,147648.0,384.0,ImageNet-1K,0.0,25.0,0.0,0.0,1.0,0.0,0.0,1.0,1.0,1.0,1.0,0.0,1.0,0,2021.0,Supervised,Image Classification,Data-efficient Learning with Transformers,Class Token
4.0,,,120.0,,densenet,timm,densenet121,,0.0,7.978856,0.0,densenet121,55.8,0.875,1.0,1000,,0.0,1025000.0,6953856.0,,ImageNet-1K,0.0,121.0,1.0,0.0,1.0,1.0,0.0,1.0,0.0,0.0,0.0,1.0,0.0,0,2014.0,Supervised,Image Classification,Dense Connectivity,"Max, Average"
4.0,,,168.0,,densenet,timm,densenet169,,0.0,14.14948,0.0,densenet169,77.4,0.875,1.0,1000,,0.0,1665000.0,12484480.0,,ImageNet-1K,0.0,169.0,1.0,0.0,1.0,1.0,0.0,1.0,0.0,0.0,0.0,1.0,0.0,0,2014.0,Supervised,Image Classification,Dense Connectivity,"Max, Average"
4.0,,,200.0,,densenet,timm,densenet201,,0.0,20.013928,0.0,densenet201,91.8,0.875,1.0,1000,,0.0,1921000.0,18092928.0,,ImageNet-1K,0.0,201.0,1.0,0.0,1.0,1.0,0.0,1.0,0.0,0.0,0.0,1.0,0.0,0,2014.0,Supervised,Image Classification,Dense Connectivity,"Max, Average"
6.0,,9050112.0,38.0,,dla,timm,dla34,,0.0,15.742104,0.0,dla34,14.6,0.875,0.0,1000,,0.0,0.0,2384.0,2336.0,ImageNet-1K,0.0,37.0,1.0,1.0,0.0,1.0,0.0,1.0,0.0,0.0,0.0,1.0,0.0,0,2019.0,Supervised,"Image Classification, Image Segmentation",Deep Layer Aggregation for Improved Representation,"Max, Average, Strided"
6.0,,609280.0,49.0,,dla,timm,dla46_c,,0.0,1.3014,0.0,dla46_c,16.8,0.875,0.0,1000,,12.0,0.0,2384.0,2336.0,ImageNet-1K,0.0,48.0,1.0,1.0,0.0,1.0,0.0,1.0,0.0,0.0,0.0,1.0,0.0,0,2019.0,Supervised,"Image Classification, Image Segmentation",Deep Layer Aggregation for Improved Representation,"Max, Average, Strided"
6.0,,466944.0,49.0,,dla,timm,dla46x_c,,0.0,1.06844,0.0,dla46x_c,16.8,0.875,0.0,1000,,12.0,0.0,2384.0,2336.0,ImageNet-1K,0.0,48.0,1.0,1.0,0.0,1.0,0.0,1.0,0.0,0.0,0.0,1.0,0.0,0,2019.0,Supervised,"Image Classification, Image Segmentation",Deep Layer Aggregation for Improved Representation,"Max, Average, Strided"
7.0,,9917440.0,64.0,,dla,timm,dla60,,0.0,22.036632,0.0,dla60,22.2,0.875,0.0,1000,,16.0,0.0,2384.0,2336.0,ImageNet-1K,0.0,63.0,1.0,1.0,0.0,1.0,0.0,1.0,0.0,0.0,0.0,1.0,0.0,0,2019.0,Supervised,"Image Classification, Image Segmentation",Deep Layer Aggregation for Improved Representation,"Max, Average, Strided"
11.0,,9436416.0,96.0,,res2net,timm,dla60_res2net,,0.0,20.848072,0.0,dla60_res2net,32.2,0.875,0.0,1000,,0.0,0.0,2384.0,2336.0,ImageNet-1K,0.0,95.0,1.0,1.0,1.0,1.0,0.0,1.0,0.0,0.0,0.0,1.0,0.0,0,2019.0,Supervised,"Image Classification, Object Detection, Image Segmentation",Hierarchical Residual-Like Connections,Average
11.0,,7678976.0,96.0,,res2next,timm,dla60_res2next,,0.0,17.032984,0.0,dla60_res2next,32.2,0.875,0.0,1000,,0.0,0.0,2384.0,2336.0,ImageNet-1K,0.0,95.0,1.0,1.0,1.0,1.0,0.0,1.0,0.0,0.0,0.0,1.0,0.0,0,2019.0,Supervised,"Image Classification, Object Detection, Image Segmentation",Enhanced Grouped Convolutions,Average
7.0,,7828480.0,64.0,,dla,timm,dla60x,,0.0,17.352344,0.0,dla60x,22.2,0.875,0.0,1000,,16.0,0.0,2384.0,2336.0,ImageNet-1K,0.0,63.0,1.0,1.0,0.0,1.0,0.0,1.0,0.0,0.0,0.0,1.0,0.0,0,2019.0,Supervised,"Image Classification, Image Segmentation",Deep Layer Aggregation for Improved Representation,"Max, Average, Strided"
7.0,,494848.0,63.0,,dla,timm,dla60x_c,,0.0,1.319832,0.0,dla60x_c,22.0,0.875,0.0,1000,,16.0,0.0,2384.0,2336.0,ImageNet-1K,0.0,62.0,1.0,1.0,0.0,1.0,0.0,1.0,0.0,0.0,0.0,1.0,0.0,0,2019.0,Supervised,"Image Classification, Image Segmentation",Deep Layer Aggregation for Improved Representation,"Max, Average, Strided"
9.0,,19899392.0,106.0,,dla,timm,dla102,,0.0,33.268888,0.0,dla102,37.8,0.875,0.0,1000,,28.0,0.0,2384.0,2336.0,ImageNet-1K,0.0,105.0,1.0,1.0,0.0,1.0,0.0,1.0,0.0,0.0,0.0,1.0,0.0,0,2019.0,Supervised,"Image Classification, Image Segmentation",Deep Layer Aggregation for Improved Representation,"Max, Average, Strided"
9.0,,15787008.0,106.0,,dla,timm,dla102x,,0.0,26.309272,0.0,dla102x,37.8,0.875,0.0,1000,,28.0,0.0,2384.0,2336.0,ImageNet-1K,0.0,105.0,1.0,1.0,0.0,1.0,0.0,1.0,0.0,0.0,0.0,1.0,0.0,0,2019.0,Supervised,"Image Classification, Image Segmentation",Deep Layer Aggregation for Improved Representation,"Max, Average, Strided"
9.0,,25256960.0,106.0,,dla,timm,dla102x2,,0.0,41.2822,0.0,dla102x2,37.8,0.875,0.0,1000,,28.0,0.0,2384.0,2336.0,ImageNet-1K,0.0,105.0,1.0,1.0,0.0,1.0,0.0,1.0,0.0,0.0,0.0,1.0,0.0,0,2019.0,Supervised,"Image Classification, Image Segmentation",Deep Layer Aggregation for Improved Representation,"Max, Average, Strided"
11.0,,39863296.0,169.0,,dla,timm,dla169,,0.0,53.38972,0.0,dla169,61.2,0.875,0.0,1000,,46.0,0.0,2384.0,2336.0,ImageNet-1K,0.0,168.0,1.0,1.0,0.0,1.0,0.0,1.0,0.0,0.0,0.0,1.0,0.0,0,2019.0,Supervised,"Image Classification, Image Segmentation",Deep Layer Aggregation for Improved Representation,"Max, Average, Strided"
3.0,,63593856.0,81.0,,nfnet,timm,dm_nfnet_f0,,0.0,71.489284,0.0,dm_nfnet_f0,22.6,0.9,1.0,1000,,0.0,3073000.0,97680.0,4724736.0,ImageNet-1K,0.0,0.0,1.0,1.0,1.0,0.0,0.0,1.0,0.0,0.0,0.0,0.0,1.0,0,2021.0,Supervised,Image Classification,Normalization-Free ResNet with High Performance,Average
3.0,,124738816.0,153.0,,nfnet,timm,dm_nfnet_f1,,0.0,132.634256,0.0,dm_nfnet_f1,41.8,0.91,1.0,1000,,0.0,3073000.0,97680.0,4724736.0,ImageNet-1K,0.0,0.0,1.0,1.0,1.0,0.0,0.0,1.0,0.0,0.0,0.0,0.0,1.0,0,2021.0,Supervised,Image Classification,Normalization-Free ResNet with High Performance,Average
3.0,,185883776.0,225.0,,nfnet,timm,dm_nfnet_f2,,0.0,193.779228,0.0,dm_nfnet_f2,61.0,0.92,1.0,1000,,0.0,3073000.0,97680.0,4724736.0,ImageNet-1K,0.0,0.0,1.0,1.0,1.0,0.0,0.0,1.0,0.0,0.0,0.0,0.0,1.0,0,2021.0,Supervised,Image Classification,Normalization-Free ResNet with High Performance,Average
3.0,,247028736.0,297.0,,nfnet,timm,dm_nfnet_f3,,0.0,254.9242,0.0,dm_nfnet_f3,80.2,0.94,1.0,1000,,0.0,3073000.0,97680.0,4724736.0,ImageNet-1K,0.0,0.0,1.0,1.0,1.0,0.0,0.0,1.0,0.0,0.0,0.0,0.0,1.0,0,2021.0,Supervised,Image Classification,Normalization-Free ResNet with High Performance,Average
3.0,,308173696.0,369.0,,nfnet,timm,dm_nfnet_f4,,0.0,316.069172,0.0,dm_nfnet_f4,99.4,0.951,1.0,1000,,0.0,3073000.0,97680.0,4724736.0,ImageNet-1K,0.0,0.0,1.0,1.0,1.0,0.0,0.0,1.0,0.0,0.0,0.0,0.0,1.0,0,2021.0,Supervised,Image Classification,Normalization-Free ResNet with High Performance,Average
3.0,,369318656.0,441.0,,nfnet,timm,dm_nfnet_f5,,0.0,377.214144,0.0,dm_nfnet_f5,118.6,0.954,1.0,1000,,0.0,3073000.0,97680.0,4724736.0,ImageNet-1K,0.0,0.0,1.0,1.0,1.0,0.0,0.0,1.0,0.0,0.0,0.0,0.0,1.0,0,2021.0,Supervised,Image Classification,Normalization-Free ResNet with High Performance,Average
3.0,,430463616.0,513.0,,nfnet,timm,dm_nfnet_f6,,0.0,438.359116,0.0,dm_nfnet_f6,137.8,0.956,1.0,1000,,0.0,3073000.0,97680.0,4724736.0,ImageNet-1K,0.0,0.0,1.0,1.0,1.0,0.0,0.0,1.0,0.0,0.0,0.0,0.0,1.0,0,2021.0,Supervised,Image Classification,Normalization-Free ResNet with High Performance,Average
1.0,,833000.0,72.0,,dpn,timm,dpn68,,0.0,12.611602,0.0,dpn68,38.9,0.875,0.0,1000,,0.0,0.0,11778602.0,833000.0,ImageNet-1K,0.0,72.0,1.0,1.0,0.0,0.0,0.0,1.0,0.0,0.0,0.0,1.0,0.0,0,2017.0,Supervised,"Image Classification, Object Detection, Image Segmentation",Combines ResNet and DenseNet paths,"Max, Average, Spatial Pyramid"
1.0,,833000.0,94.0,,dpn,timm,dpn68b,,0.0,12.611602,0.0,dpn68b,41.1,0.875,0.0,1000,,0.0,0.0,11778602.0,833000.0,ImageNet-1K,0.0,72.0,1.0,1.0,0.0,0.0,0.0,1.0,0.0,0.0,0.0,1.0,0.0,0,2017.0,Supervised,"Image Classification, Object Detection, Image Segmentation",Combines ResNet and DenseNet paths,"Max, Average, Spatial Pyramid"
1.0,,2689000.0,96.0,,dpn,timm,dpn92,,0.0,37.668392,0.0,dpn92,51.7,0.875,0.0,1000,,0.0,0.0,34979392.0,2689000.0,ImageNet-1K,0.0,96.0,1.0,1.0,0.0,0.0,0.0,1.0,0.0,0.0,0.0,1.0,0.0,0,2017.0,Supervised,"Image Classification, Object Detection, Image Segmentation",Combines ResNet and DenseNet paths,"Max, Average, Spatial Pyramid"
1.0,,2689000.0,102.0,,dpn,timm,dpn98,,0.0,61.570728,0.0,dpn98,54.9,0.875,0.0,1000,,0.0,0.0,58881728.0,2689000.0,ImageNet-1K,0.0,102.0,1.0,1.0,0.0,0.0,0.0,1.0,0.0,0.0,0.0,1.0,0.0,0,2017.0,Supervised,"Image Classification, Object Detection, Image Segmentation",Combines ResNet and DenseNet paths,"Max, Average, Spatial Pyramid"
1.0,,2689000.0,111.0,,dpn,timm,dpn107,,0.0,86.9178,0.0,dpn107,59.7,0.875,0.0,1000,,0.0,0.0,84228800.0,2689000.0,ImageNet-1K,0.0,111.0,1.0,1.0,0.0,0.0,0.0,1.0,0.0,0.0,0.0,1.0,0.0,0,2017.0,Supervised,"Image Classification, Object Detection, Image Segmentation",Combines ResNet and DenseNet paths,"Max, Average, Spatial Pyramid"
1.0,,2689000.0,135.0,,dpn,timm,dpn131,,0.0,79.254504,0.0,dpn131,72.5,0.875,0.0,1000,,0.0,0.0,76565504.0,2689000.0,ImageNet-1K,0.0,135.0,1.0,1.0,0.0,0.0,0.0,1.0,0.0,0.0,0.0,1.0,0.0,0,2017.0,Supervised,"Image Classification, Object Detection, Image Segmentation",Combines ResNet and DenseNet paths,"Max, Average, Spatial Pyramid"
2.0,,8487349.0,31.0,,botnext,timm,eca_botnext26ts_256,,0.0,10.593301,0.0,eca_botnext26ts_256,23.2,0.95,1.0,1000,,8.0,2049000.0,26232.0,8487349.0,ImageNet-1K,0.0,31.0,1.0,0.0,1.0,1.0,0.0,1.0,0.0,0.0,1.0,1.0,1.0,0,2021.0,Supervised,"Image Classification, Object Detection, Image Segmentation",Transformer Blocks in ResNeXt,Average
1.0,,8650933.0,34.0,,halonext,timm,eca_halonext26ts,,0.0,10.756885,0.0,eca_halonext26ts,23.5,0.94,1.0,1000,,5.0,2049000.0,26232.0,8650933.0,ImageNet-1K,0.0,31.0,1.0,0.0,1.0,1.0,0.0,1.0,0.0,0.0,0.0,0.0,0.0,SiLU,2022.0,Supervised,"Image Classification, Object Detection, Image Segmentation",Halo Attention with ResNeXt Backbone,"Max, Average, Strided"
3.0,,18197692.0,57.0,,nfnet,timm,eca_nfnet_l0,,0.0,24.143924,0.0,eca_nfnet_l0,19.0,1.0,1.0,1000,,0.0,2305000.0,97680.0,3543552.0,ImageNet-1K,0.0,0.0,1.0,1.0,1.0,0.0,0.0,1.0,0.0,0.0,0.0,0.0,1.0,0,2021.0,Supervised,Image Classification,Normalization-Free ResNet with High Performance,Average
3.0,,33512312.0,105.0,,nfnet,timm,eca_nfnet_l1,,0.0,41.407728,0.0,eca_nfnet_l1,34.6,1.0,1.0,1000,,0.0,3073000.0,97680.0,4724736.0,ImageNet-1K,0.0,0.0,1.0,1.0,1.0,0.0,0.0,1.0,0.0,0.0,0.0,0.0,1.0,0,2021.0,Supervised,Image Classification,Normalization-Free ResNet with High Performance,Average
3.0,,48826932.0,153.0,,nfnet,timm,eca_nfnet_l2,,0.0,56.722348,0.0,eca_nfnet_l2,50.2,1.0,1.0,1000,,0.0,3073000.0,97680.0,4724736.0,ImageNet-1K,0.0,0.0,1.0,1.0,1.0,0.0,0.0,1.0,0.0,0.0,0.0,0.0,1.0,0,2021.0,Supervised,Image Classification,Normalization-Free ResNet with High Performance,Average
0.0,,16363566.0,38.0,,resnet,timm,eca_resnet33ts,,0.0,19.676302,0.0,eca_resnet33ts,28.9,0.9,1.0,1000,,10.0,1281000.0,26232.0,1966080.0,ImageNet-1K,0.0,38.0,1.0,1.0,1.0,1.0,0.0,1.0,0.0,0.0,0.0,1.0,0.0,0,2015.0,Supervised,"Image Classification, Object Detection, Image Segmentation",Deep Residual Learning for Image Recognition,"Max, Average"
1.0,,8192036.0,31.0,,resnext,timm,eca_resnext26ts,,0.0,10.297988,0.0,eca_resnext26ts,23.8,0.9,1.0,1000,,8.0,2049000.0,26232.0,8192036.0,ImageNet-1K,0.0,31.0,1.0,1.0,1.0,1.0,0.0,1.0,0.0,0.0,0.0,1.0,0.0,0,2017.0,Supervised,Image Classification,Grouped Convolutions,"Max, Average"
4.0,,10502158.0,31.0,,resnet,timm,ecaresnet26t,,0.0,16.011916,0.0,ecaresnet26t,15.6,0.95,1.0,1000,,8.0,2049000.0,26104.0,128.0,ImageNet-1K,8.0,31.0,1.0,1.0,1.0,1.0,0.0,1.0,0.0,0.0,0.0,1.0,0.0,0,2015.0,Supervised,"Image Classification, Object Detection, Image Segmentation",Deep Residual Learning for Image Recognition,"Max, Average"
4.0,,14964757.0,55.0,,resnet,timm,ecaresnet50d,,0.0,25.57635,0.0,ecaresnet50d,27.6,0.875,1.0,1000,,16.0,2049000.0,28640.0,128.0,ImageNet-1K,16.0,55.0,1.0,1.0,1.0,1.0,0.0,1.0,0.0,0.0,0.0,1.0,0.0,0,2015.0,Supervised,"Image Classification, Object Detection, Image Segmentation",Deep Residual Learning for Image Recognition,"Max, Average"
4.0,,12241013.0,55.0,,resnet,timm,ecaresnet50d_pruned,,0.0,19.939713,0.0,ecaresnet50d_pruned,27.6,0.875,1.0,1000,,16.0,2023000.0,28640.0,128.0,ImageNet-1K,16.0,55.0,1.0,1.0,1.0,1.0,0.0,1.0,0.0,0.0,0.0,1.0,0.0,0,2015.0,Supervised,"Image Classification, Object Detection, Image Segmentation",Deep Residual Learning for Image Recognition,"Max, Average"
4.0,,14964757.0,55.0,,resnet,timm,ecaresnet50t,,0.0,25.573814,0.0,ecaresnet50t,27.6,0.95,1.0,1000,,16.0,2049000.0,26104.0,128.0,ImageNet-1K,16.0,55.0,1.0,1.0,1.0,1.0,0.0,1.0,0.0,0.0,0.0,1.0,0.0,0,2015.0,Supervised,"Image Classification, Object Detection, Image Segmentation",Deep Residual Learning for Image Recognition,"Max, Average"
4.0,,26090611.0,106.0,,resnet,timm,ecaresnet101d,,0.0,44.568563,0.0,ecaresnet101d,53.1,0.875,1.0,1000,,33.0,2049000.0,28640.0,128.0,ImageNet-1K,33.0,106.0,1.0,1.0,1.0,1.0,0.0,1.0,0.0,0.0,0.0,1.0,0.0,0,2015.0,Supervised,"Image Classification, Object Detection, Image Segmentation",Deep Residual Learning for Image Recognition,"Max, Average"
4.0,,11450552.0,106.0,,resnet,timm,ecaresnet101d_pruned,,0.0,24.87604,0.0,ecaresnet101d_pruned,53.1,0.875,1.0,1000,,33.0,2043000.0,28640.0,128.0,ImageNet-1K,33.0,106.0,1.0,1.0,1.0,1.0,0.0,1.0,0.0,0.0,0.0,1.0,0.0,0,2015.0,Supervised,"Image Classification, Object Detection, Image Segmentation",Deep Residual Learning for Image Recognition,"Max, Average"
4.0,,54020336.0,274.0,,resnet,timm,ecaresnet269d,,0.0,102.093077,0.0,ecaresnet269d,137.1,1.0,1.0,1000,,89.0,2049000.0,28640.0,128.0,ImageNet-1K,89.0,274.0,1.0,1.0,1.0,1.0,0.0,1.0,0.0,0.0,0.0,1.0,0.0,0,2015.0,Supervised,"Image Classification, Object Detection, Image Segmentation",Deep Residual Learning for Image Recognition,"Max, Average"
4.0,,14964757.0,53.0,,resnet,timm,ecaresnetlight,,0.0,30.162046,0.0,ecaresnetlight,26.9,0.875,1.0,1000,,16.0,2049000.0,9408.0,128.0,ImageNet-1K,16.0,53.0,1.0,1.0,1.0,1.0,0.0,1.0,0.0,0.0,0.0,1.0,0.0,0,2015.0,Supervised,"Image Classification, Object Detection, Image Segmentation",Deep Residual Learning for Image Recognition,"Max, Average"
0.0,,17914924.0,26.0,,edgenext,timm,edgenext_base,,0.0,18.511292,0.0,edgenext_base,23.8,0.95,43.0,1000,,0.0,586168.0,4080.0,17914924.0,ImageNet-1K,0.0,26.0,1.0,0.0,1.0,0.0,0.0,1.0,0.0,1.0,1.0,0.0,1.0,0,2022.0,Supervised,"Image Classification, Object Detection, Image Segmentation",Efficiency on Edge Devices,"Average, Spatial Pyramid"
0.0,,5275408.0,26.0,,edgenext,timm,edgenext_small,,0.0,5.586832,0.0,edgenext_small,23.8,0.95,43.0,1000,,0.0,305608.0,2448.0,5275408.0,ImageNet-1K,0.0,26.0,1.0,0.0,1.0,0.0,0.0,1.0,0.0,1.0,1.0,0.0,1.0,0,2022.0,Supervised,"Image Classification, Object Detection, Image Segmentation",Efficiency on Edge Devices,"Average, Spatial Pyramid"
0.0,,7424976.0,23.0,,edgenext,timm,edgenext_small_rw,,0.0,7.826512,0.0,edgenext_small_rw,23.2,0.9,43.0,1000,,0.0,385768.0,11760.0,7424976.0,ImageNet-1K,0.0,23.0,1.0,0.0,1.0,0.0,0.0,1.0,0.0,1.0,1.0,0.0,1.0,0,2022.0,Supervised,"Image Classification, Object Detection, Image Segmentation",Efficiency on Edge Devices,"Average, Spatial Pyramid"
0.0,,2139656.0,26.0,,edgenext,timm,edgenext_x_small,,0.0,2.336804,0.0,edgenext_x_small,23.8,0.9,43.0,1000,,0.0,193384.0,1632.0,2139656.0,ImageNet-1K,0.0,26.0,1.0,0.0,1.0,0.0,0.0,1.0,0.0,1.0,1.0,0.0,1.0,0,2022.0,Supervised,"Image Classification, Object Detection, Image Segmentation",Efficiency on Edge Devices,"Average, Spatial Pyramid"
0.0,,1155332.0,20.0,,edgenext,timm,edgenext_xx_small,,0.0,1.327216,0.0,edgenext_xx_small,17.8,0.9,31.0,1000,,0.0,169336.0,1224.0,1155332.0,ImageNet-1K,0.0,20.0,1.0,0.0,1.0,0.0,0.0,1.0,0.0,1.0,1.0,0.0,1.0,0,2022.0,Supervised,"Image Classification, Object Detection, Image Segmentation",Efficiency on Edge Devices,"Average, Spatial Pyramid"
14.0,,11379408.0,33.0,,efficientformer,timm,efficientformer_l1,,1.0,12.289928,0.0,efficientformer_l1,22.8,0.95,6.0,1000,,0.0,449000.0,11232.0,896.0,ImageNet-1K,0.0,36.0,1.0,0.0,1.0,0.0,0.0,1.0,1.0,1.0,1.0,0.0,1.0,0,2022.0,Supervised,"Image Classification, Object Detection, Image Segmentation",Efficiency in Image Processing for Transformers,Average
22.0,,30357824.0,49.0,,efficientformer,timm,efficientformer_l3,,4.0,31.406,0.0,efficientformer_l3,37.7,0.95,18.0,1000,,0.0,513000.0,19584.0,1024.0,ImageNet-1K,0.0,58.0,1.0,0.0,1.0,0.0,0.0,1.0,1.0,1.0,1.0,0.0,1.0,0,2022.0,Supervised,"Image Classification, Object Detection, Image Segmentation",Efficiency in Image Processing for Transformers,Average
30.0,,80643456.0,65.0,,efficientformer,timm,efficientformer_l7,,8.0,82.229328,0.0,efficientformer_l7,54.1,0.95,34.0,1000,,0.0,769000.0,43200.0,1536.0,ImageNet-1K,0.0,82.0,1.0,0.0,1.0,0.0,0.0,1.0,1.0,1.0,1.0,0.0,1.0,0,2022.0,Supervised,"Image Classification, Object Detection, Image Segmentation",Efficiency in Image Processing for Transformers,Average
0.0,,16619304.0,160.0,,efficientnet,timm,efficientnet_b4,,0.0,19.341616,0.0,efficientnet_b4,62.1,1.0,1.0,1000,,0.0,1793000.0,1296.0,802816.0,ImageNet-1K,0.0,96.0,1.0,1.0,1.0,1.0,0.0,1.0,0.0,0.0,0.0,1.0,0.0,0,2019.0,Supervised,Image Classification,Compound Scaling Method,Average
0.0,,21499376.0,172.0,,efficientnetv2,timm,efficientnetv2_rw_s,,0.0,23.941296,0.0,efficientnetv2_rw_s,70.0,1.0,1.0,1000,,0.0,1793000.0,648.0,487424.0,ImageNet-1K,0.0,112.0,1.0,1.0,1.0,0.0,0.0,1.0,0.0,0.0,0.0,1.0,0.0,0,2021.0,Supervised,Image Classification,Training-aware Optimizations,"Max, Average"
5.0,,22535680.0,244.0,,inception_resnet,timm,ens_adv_inception_resnet_v2,,0.0,55.843464,0.0,ens_adv_inception_resnet_v2,100.8,0.8975,1.0,1000,,0.0,1537000.0,928.0,5280.0,ImageNet-1K,0.0,204.0,1.0,1.0,1.0,1.0,0.0,1.0,0.0,0.0,0.0,1.0,0.0,0,2016.0,Supervised,Image Classification,Inception with Residual Connections,Average
3.0,,5495872.0,41.0,,vovnet,timm,ese_vovnet19b_dw,,0.0,6.54308,0.0,ese_vovnet19b_dw,16.9,0.875,1.0,1000,,0.0,1025000.0,11456.0,5495872.0,ImageNet-1K,0.0,23.0,1.0,0.0,1.0,0.0,0.0,1.0,0.0,0.0,0.0,1.0,0.0,0,2019.0,Supervised,Object Detection,One shot aggregation,Max
3.0,,23411200.0,43.0,,vovnet,timm,ese_vovnet39b,,0.0,24.568936,0.0,ese_vovnet39b,23.9,0.875,1.0,1000,,0.0,1025000.0,112832.0,23411200.0,ImageNet-1K,0.0,39.0,1.0,0.0,1.0,0.0,0.0,1.0,0.0,0.0,0.0,1.0,0.0,0,2019.0,Supervised,Object Detection,One shot aggregation,Max
0.0,,2844032.0,65.0,,fbnet,timm,fbnetc_100,,0.0,5.5722,0.0,fbnetc_100,33.6,0.875,1.0,1000,,0.0,1985000.0,432.0,698368.0,ImageNet-1K,0.0,65.0,1.0,0.0,1.0,0.0,0.0,1.0,0.0,0.0,0.0,1.0,0.0,0,2019.0,Supervised,Mobile Optimization,Differentiable Neural Architecture Search,Average
0.0,,3900136.0,124.0,,fbnet,timm,fbnetv3_b,,0.0,8.598464,0.0,fbnetv3_b,52.5,0.95,1.0,1000,,0.0,1985000.0,432.0,2666496.0,ImageNet-1K,0.0,87.0,1.0,0.0,1.0,0.0,0.0,1.0,0.0,0.0,0.0,1.0,0.0,0,2019.0,Supervised,Mobile Optimization,Differentiable Neural Architecture Search,Average
0.0,,5407056.0,135.0,,fbnet,timm,fbnetv3_d,,0.0,10.306272,0.0,fbnetv3_d,57.4,0.95,1.0,1000,,0.0,1985000.0,648.0,2856960.0,ImageNet-1K,0.0,96.0,1.0,0.0,1.0,0.0,0.0,1.0,0.0,0.0,0.0,1.0,0.0,0,2019.0,Supervised,Mobile Optimization,Differentiable Neural Architecture Search,Average
0.0,,11118808.0,154.0,,fbnet,timm,fbnetv3_g,,0.0,16.623888,0.0,fbnetv3_g,64.6,0.95,1.0,1000,,0.0,1985000.0,864.0,3428352.0,ImageNet-1K,0.0,107.0,1.0,0.0,1.0,0.0,0.0,1.0,0.0,0.0,0.0,1.0,0.0,0,2019.0,Supervised,Mobile Optimization,Differentiable Neural Architecture Search,Average
0.0,,12320049.0,194.0,,efficientnetv2,timm,gc_efficientnetv2_rw_t,,0.0,13.677713,0.0,gc_efficientnetv2_rw_t,78.7,1.0,1.0,1000,,0.0,1025000.0,648.0,212992.0,ImageNet-1K,0.0,136.0,1.0,1.0,1.0,0.0,0.0,1.0,0.0,0.0,0.0,1.0,0.0,0,2021.0,Supervised,Image Classification,Training-aware Optimizations,"Max, Average"
0.0,,16567962.0,68.0,,resnet,timm,gcresnet33ts,,0.0,19.880698,0.0,gcresnet33ts,34.9,0.9,1.0,1000,,10.0,1281000.0,26232.0,1966080.0,ImageNet-1K,0.0,48.0,1.0,1.0,1.0,1.0,0.0,1.0,0.0,0.0,0.0,1.0,0.0,0,2015.0,Supervised,"Image Classification, Object Detection, Image Segmentation",Deep Residual Learning for Image Recognition,"Max, Average"
0.0,,23768856.0,103.0,,resnet,timm,gcresnet50t,,0.0,25.89708,0.0,gcresnet50t,52.5,0.9,1.0,1000,,16.0,2049000.0,26232.0,23768856.0,ImageNet-1K,0.0,71.0,1.0,1.0,1.0,1.0,0.0,1.0,0.0,0.0,0.0,1.0,0.0,0,2015.0,Supervised,"Image Classification, Object Detection, Image Segmentation",Deep Residual Learning for Image Recognition,"Max, Average"
1.0,,8370648.0,55.0,,resnext,timm,gcresnext26ts,,0.0,10.4766,0.0,gcresnext26ts,28.6,0.9,1.0,1000,,8.0,2049000.0,26232.0,8370648.0,ImageNet-1K,0.0,39.0,1.0,1.0,1.0,1.0,0.0,1.0,0.0,0.0,0.0,1.0,0.0,0,2017.0,Supervised,Image Classification,Grouped Convolutions,"Max, Average"
1.0,,13539096.0,103.0,,resnext,timm,gcresnext50ts,,0.0,15.66732,0.0,gcresnext50ts,52.6,0.9,1.0,1000,,16.0,2049000.0,26232.0,13539096.0,ImageNet-1K,0.0,71.0,1.0,1.0,1.0,1.0,0.0,1.0,0.0,0.0,0.0,1.0,0.0,0,2017.0,Supervised,Image Classification,Grouped Convolutions,"Max, Average"
5.0,,89118556.0,49.0,,gcvit,timm,gcvit_base,,31.0,90.320836,0.0,gcvit_base,75.5,0.875,125.0,1000,,0.0,1025000.0,177280.0,89118556.0,ImageNet-1K,0.0,71.0,0.0,0.0,1.0,0.0,0.0,1.0,1.0,1.0,1.0,0.0,1.0,0,2022.0,Supervised,Image Classification,Global Context in Self-Attention,"Average, Class Token"
5.0,,50222469.0,49.0,,gcvit,timm,gcvit_small,,31.0,51.092173,0.0,gcvit_small,75.5,0.875,125.0,1000,,0.0,769000.0,100704.0,50222469.0,ImageNet-1K,0.0,71.0,0.0,0.0,1.0,0.0,0.0,1.0,1.0,1.0,1.0,0.0,1.0,0,2022.0,Supervised,Image Classification,Global Context in Self-Attention,"Average, Class Token"
5.0,,27663342.0,49.0,,gcvit,timm,gcvit_tiny,,31.0,28.221974,0.0,gcvit_tiny,75.5,0.875,125.0,1000,,0.0,513000.0,45632.0,27663342.0,ImageNet-1K,0.0,71.0,0.0,0.0,1.0,0.0,0.0,1.0,1.0,1.0,1.0,0.0,1.0,0,2022.0,Supervised,Image Classification,Global Context in Self-Attention,"Average, Class Token"
5.0,,19422662.0,49.0,,gcvit,timm,gcvit_xtiny,,18.0,19.981294,0.0,gcvit_xtiny,50.8,0.875,73.0,1000,,0.0,513000.0,45632.0,19422662.0,ImageNet-1K,0.0,45.0,0.0,0.0,1.0,0.0,0.0,1.0,1.0,1.0,1.0,0.0,1.0,0,2022.0,Supervised,Image Classification,Global Context in Self-Attention,"Average, Class Token"
5.0,,11436796.0,49.0,,gcvit,timm,gcvit_xxtiny,,12.0,11.995428,0.0,gcvit_xxtiny,39.4,0.875,49.0,1000,,0.0,513000.0,45632.0,11436796.0,ImageNet-1K,0.0,33.0,0.0,0.0,1.0,0.0,0.0,1.0,1.0,1.0,1.0,0.0,1.0,0,2022.0,Supervised,Image Classification,Global Context in Self-Attention,"Average, Class Token"
0.0,,26775424.0,57.0,,gernet,timm,gernet_l,,0.0,31.07828,0.0,gernet_l,41.7,0.875,1.0,1000,,15.0,2561000.0,928.0,1638400.0,ImageNet-1K,3.0,57.0,1.0,1.0,1.0,1.0,0.0,1.0,0.0,0.0,0.0,1.0,0.0,0,2020.0,Supervised,Image Classification,Efficiency on GPU,Average
0.0,,16875904.0,45.0,,gernet,timm,gernet_m,,0.0,21.14292,0.0,gernet_m,32.9,0.875,1.0,1000,,11.0,2561000.0,928.0,1638400.0,ImageNet-1K,3.0,45.0,1.0,1.0,1.0,1.0,0.0,1.0,0.0,0.0,0.0,1.0,0.0,0,2020.0,Supervised,Image Classification,Efficiency on GPU,Average
0.0,,5726336.0,45.0,,gernet,timm,gernet_s,,0.0,8.173761,0.0,gernet_s,32.7,0.875,1.0,1000,,10.0,1921000.0,377.0,491520.0,ImageNet-1K,4.0,45.0,1.0,1.0,1.0,1.0,0.0,1.0,0.0,0.0,0.0,1.0,0.0,0,2020.0,Supervised,Image Classification,Efficiency on GPU,Average
0.0,,2669044.0,95.0,,ghostnet,timm,ghostnet_100,,0.0,5.182508,0.0,ghostnet_100,41.1,0.875,1.0,1000,,16.0,1281000.0,432.0,32.0,ImageNet-1K,0.0,80.0,1.0,0.0,1.0,1.0,0.0,0.0,0.0,0.0,0.0,1.0,0.0,0,2019.0,Supervised,Image Classification,Ghost Modules for Efficiency,Average
2.0,,6076800.0,94.0,,inception_v3,timm,gluon_inception_v3,,0.0,23.834568,0.0,gluon_inception_v3,30.0,0.875,1.0,1000,,0.0,2049000.0,928.0,5280.0,ImageNet-1K,0.0,94.0,1.0,0.0,1.0,0.0,0.0,0.0,0.0,0.0,0.0,1.0,0.0,0,2015.0,Supervised,Image Classification,"Label Smoothing, Factorized Convolutions","Max, Average"
1.0,,8393728.0,20.0,,resnet,timm,gluon_resnet18_v1b,,0.0,11.689512,0.0,gluon_resnet18_v1b,9.4,0.875,1.0,1000,,0.0,513000.0,9408.0,128.0,ImageNet-1K,8.0,20.0,1.0,1.0,1.0,1.0,0.0,1.0,0.0,0.0,0.0,1.0,0.0,0,2015.0,Supervised,"Image Classification, Object Detection, Image Segmentation",Deep Residual Learning for Image Recognition,"Max, Average"
1.0,,13114368.0,36.0,,resnet,timm,gluon_resnet34_v1b,,0.0,21.797672,0.0,gluon_resnet34_v1b,16.6,0.875,1.0,1000,,0.0,513000.0,9408.0,128.0,ImageNet-1K,16.0,36.0,1.0,1.0,1.0,1.0,0.0,1.0,0.0,0.0,0.0,1.0,0.0,0,2015.0,Supervised,"Image Classification, Object Detection, Image Segmentation",Deep Residual Learning for Image Recognition,"Max, Average"
1.0,,14964736.0,53.0,,resnet,timm,gluon_resnet50_v1b,,0.0,25.557032,0.0,gluon_resnet50_v1b,21.7,0.875,1.0,1000,,16.0,2049000.0,9408.0,128.0,ImageNet-1K,16.0,53.0,1.0,1.0,1.0,1.0,0.0,1.0,0.0,0.0,0.0,1.0,0.0,0,2015.0,Supervised,"Image Classification, Object Detection, Image Segmentation",Deep Residual Learning for Image Recognition,"Max, Average"
1.0,,14964736.0,55.0,,resnet,timm,gluon_resnet50_v1c,,0.0,25.576264,0.0,gluon_resnet50_v1c,22.4,0.875,1.0,1000,,16.0,2049000.0,28640.0,128.0,ImageNet-1K,16.0,55.0,1.0,1.0,1.0,1.0,0.0,1.0,0.0,0.0,0.0,1.0,0.0,0,2015.0,Supervised,"Image Classification, Object Detection, Image Segmentation",Deep Residual Learning for Image Recognition,"Max, Average"
4.0,,14964736.0,55.0,,resnet,timm,gluon_resnet50_v1d,,0.0,25.576264,0.0,gluon_resnet50_v1d,22.8,0.875,1.0,1000,,16.0,2049000.0,28640.0,128.0,ImageNet-1K,16.0,55.0,1.0,1.0,1.0,1.0,0.0,1.0,0.0,0.0,0.0,1.0,0.0,0,2015.0,Supervised,"Image Classification, Object Detection, Image Segmentation",Deep Residual Learning for Image Recognition,"Max, Average"
1.0,,14964736.0,55.0,,resnet,timm,gluon_resnet50_v1s,,0.0,25.680808,0.0,gluon_resnet50_v1s,22.4,0.875,1.0,1000,,16.0,2049000.0,112576.0,256.0,ImageNet-1K,16.0,55.0,1.0,1.0,1.0,1.0,0.0,1.0,0.0,0.0,0.0,1.0,0.0,0,2015.0,Supervised,"Image Classification, Object Detection, Image Segmentation",Deep Residual Learning for Image Recognition,"Max, Average"
1.0,,26090496.0,104.0,,resnet,timm,gluon_resnet101_v1b,,0.0,44.54916,0.0,gluon_resnet101_v1b,42.1,0.875,1.0,1000,,33.0,2049000.0,9408.0,128.0,ImageNet-1K,33.0,104.0,1.0,1.0,1.0,1.0,0.0,1.0,0.0,0.0,0.0,1.0,0.0,0,2015.0,Supervised,"Image Classification, Object Detection, Image Segmentation",Deep Residual Learning for Image Recognition,"Max, Average"
1.0,,26090496.0,106.0,,resnet,timm,gluon_resnet101_v1c,,0.0,44.568392,0.0,gluon_resnet101_v1c,42.8,0.875,1.0,1000,,33.0,2049000.0,28640.0,128.0,ImageNet-1K,33.0,106.0,1.0,1.0,1.0,1.0,0.0,1.0,0.0,0.0,0.0,1.0,0.0,0,2015.0,Supervised,"Image Classification, Object Detection, Image Segmentation",Deep Residual Learning for Image Recognition,"Max, Average"
4.0,,26090496.0,106.0,,resnet,timm,gluon_resnet101_v1d,,0.0,44.568392,0.0,gluon_resnet101_v1d,43.2,0.875,1.0,1000,,33.0,2049000.0,28640.0,128.0,ImageNet-1K,33.0,106.0,1.0,1.0,1.0,1.0,0.0,1.0,0.0,0.0,0.0,1.0,0.0,0,2015.0,Supervised,"Image Classification, Object Detection, Image Segmentation",Deep Residual Learning for Image Recognition,"Max, Average"
1.0,,26090496.0,106.0,,resnet,timm,gluon_resnet101_v1s,,0.0,44.672936,0.0,gluon_resnet101_v1s,42.8,0.875,1.0,1000,,33.0,2049000.0,112576.0,256.0,ImageNet-1K,33.0,106.0,1.0,1.0,1.0,1.0,0.0,1.0,0.0,0.0,0.0,1.0,0.0,0,2015.0,Supervised,"Image Classification, Object Detection, Image Segmentation",Deep Residual Learning for Image Recognition,"Max, Average"
1.0,,40613888.0,155.0,,resnet,timm,gluon_resnet152_v1b,,0.0,60.192808,0.0,gluon_resnet152_v1b,62.5,0.875,1.0,1000,,50.0,2049000.0,9408.0,128.0,ImageNet-1K,50.0,155.0,1.0,1.0,1.0,1.0,0.0,1.0,0.0,0.0,0.0,1.0,0.0,0,2015.0,Supervised,"Image Classification, Object Detection, Image Segmentation",Deep Residual Learning for Image Recognition,"Max, Average"
1.0,,40613888.0,157.0,,resnet,timm,gluon_resnet152_v1c,,0.0,60.21204,0.0,gluon_resnet152_v1c,63.2,0.875,1.0,1000,,50.0,2049000.0,28640.0,128.0,ImageNet-1K,50.0,157.0,1.0,1.0,1.0,1.0,0.0,1.0,0.0,0.0,0.0,1.0,0.0,0,2015.0,Supervised,"Image Classification, Object Detection, Image Segmentation",Deep Residual Learning for Image Recognition,"Max, Average"
4.0,,40613888.0,157.0,,resnet,timm,gluon_resnet152_v1d,,0.0,60.21204,0.0,gluon_resnet152_v1d,63.6,0.875,1.0,1000,,50.0,2049000.0,28640.0,128.0,ImageNet-1K,50.0,157.0,1.0,1.0,1.0,1.0,0.0,1.0,0.0,0.0,0.0,1.0,0.0,0,2015.0,Supervised,"Image Classification, Object Detection, Image Segmentation",Deep Residual Learning for Image Recognition,"Max, Average"
1.0,,40613888.0,157.0,,resnet,timm,gluon_resnet152_v1s,,0.0,60.316584,0.0,gluon_resnet152_v1s,63.2,0.875,1.0,1000,,50.0,2049000.0,112576.0,256.0,ImageNet-1K,50.0,157.0,1.0,1.0,1.0,1.0,0.0,1.0,0.0,0.0,0.0,1.0,0.0,0,2015.0,Supervised,"Image Classification, Object Detection, Image Segmentation",Deep Residual Learning for Image Recognition,"Max, Average"
1.0,,14544896.0,53.0,,resnext,timm,gluon_resnext50_32x4d,,0.0,25.028904,0.0,gluon_resnext50_32x4d,21.7,0.875,1.0,1000,,16.0,2049000.0,9408.0,128.0,ImageNet-1K,16.0,53.0,1.0,1.0,1.0,1.0,0.0,1.0,0.0,0.0,0.0,1.0,0.0,0,2017.0,Supervised,Image Classification,Grouped Convolutions,"Max, Average"
1.0,,26171392.0,104.0,,resnext,timm,gluon_resnext101_32x4d,,0.0,44.177704,0.0,gluon_resnext101_32x4d,42.1,0.875,1.0,1000,,33.0,2049000.0,9408.0,128.0,ImageNet-1K,33.0,104.0,1.0,1.0,1.0,1.0,0.0,1.0,0.0,0.0,0.0,1.0,0.0,0,2017.0,Supervised,Image Classification,Grouped Convolutions,"Max, Average"
1.0,,51769344.0,104.0,,resnext,timm,gluon_resnext101_64x4d,,0.0,83.455272,0.0,gluon_resnext101_64x4d,42.1,0.875,1.0,1000,,33.0,2049000.0,9408.0,128.0,ImageNet-1K,33.0,104.0,1.0,1.0,1.0,1.0,0.0,1.0,0.0,0.0,0.0,1.0,0.0,0,2017.0,Supervised,Image Classification,Grouped Convolutions,"Max, Average"
1.0,,68677888.0,257.0,,senet,timm,gluon_senet154,,0.0,115.088984,0.0,gluon_senet154,93.2,0.875,1.0,1000,,50.0,2049000.0,112576.0,256.0,ImageNet-1K,50.0,157.0,1.0,1.0,1.0,1.0,0.0,1.0,0.0,0.0,0.0,1.0,0.0,0,2017.0,Supervised,"Image Classification, Object Detection",Squeeze-and-Excitation Blocks,Average
1.0,,16124288.0,85.0,,resnext,timm,gluon_seresnext50_32x4d,,0.0,27.559896,0.0,gluon_seresnext50_32x4d,31.3,0.875,1.0,1000,,16.0,2049000.0,9408.0,128.0,ImageNet-1K,16.0,53.0,1.0,1.0,1.0,1.0,0.0,1.0,0.0,0.0,0.0,1.0,0.0,0,2017.0,Supervised,Image Classification,Grouped Convolutions,"Max, Average"
1.0,,29211072.0,170.0,,resnext,timm,gluon_seresnext101_32x4d,,0.0,48.955416,0.0,gluon_seresnext101_32x4d,61.9,0.875,1.0,1000,,33.0,2049000.0,9408.0,128.0,ImageNet-1K,33.0,104.0,1.0,1.0,1.0,1.0,0.0,1.0,0.0,0.0,0.0,1.0,0.0,0,2017.0,Supervised,Image Classification,Grouped Convolutions,"Max, Average"
1.0,,54809024.0,170.0,,resnext,timm,gluon_seresnext101_64x4d,,0.0,88.232984,0.0,gluon_seresnext101_64x4d,61.9,0.875,1.0,1000,,33.0,2049000.0,9408.0,128.0,ImageNet-1K,33.0,104.0,1.0,1.0,1.0,1.0,0.0,1.0,0.0,0.0,0.0,1.0,0.0,0,2017.0,Supervised,Image Classification,Grouped Convolutions,"Max, Average"
0.0,,24040032.0,1.0,,mixer,timm,gmixer_24_224,,0.0,24.721096,0.0,gmixer_24_224,39.1,0.875,97.0,1000,,0.0,385000.0,295296.0,768.0,ImageNet-1K,0.0,49.0,0.0,0.0,1.0,0.0,0.0,1.0,0.0,0.0,0.0,0.0,1.0,0,2021.0,Supervised,Image Classification,Entirely MLP-based Image Processing,Average
0.0,,18968280.0,1.0,,gm,timm,gmlp_s16_224,,0.0,19.422656,0.0,gmlp_s16_224,36.7,0.875,91.0,1000,,0.0,257000.0,196864.0,512.0,ImageNet-1K,0.0,61.0,,,,,,,,,,,,,,,,,
0.0,,20507136.0,60.0,,botnet,timm,halo2botnet50ts_256,,0.0,22.63536,0.0,halo2botnet50ts_256,40.2,0.95,1.0,1000,,11.0,2049000.0,26232.0,20507136.0,ImageNet-1K,0.0,55.0,1.0,1.0,1.0,1.0,0.0,1.0,1.0,0.0,1.0,1.0,1.0,0,2021.0,Supervised,"Image Classification, Object Detection, Image Segmentation",Transformer Blocks in ResNet,Average
1.0,,10374336.0,34.0,,halonet,timm,halonet26t,,0.0,12.480288,0.0,halonet26t,22.5,0.95,1.0,1000,,5.0,2049000.0,26232.0,10374336.0,ImageNet-1K,0.0,31.0,1.0,0.0,1.0,1.0,0.0,1.0,1.0,0.0,0.0,0.0,0.0,SiLU,2021.0,Supervised,"Image Classification, Object Detection, Image Segmentation",Halo Attention Mechanism,"Max, Average, Strided"
1.0,,20605056.0,60.0,,halonet,timm,halonet50ts,,0.0,22.73328,0.0,halonet50ts,40.3,0.94,1.0,1000,,11.0,2049000.0,26232.0,20605056.0,ImageNet-1K,0.0,55.0,1.0,0.0,1.0,1.0,0.0,1.0,1.0,0.0,0.0,0.0,0.0,SiLU,2021.0,Supervised,"Image Classification, Object Detection, Image Segmentation",Halo Attention Mechanism,"Max, Average, Strided"
1.0,,9650048.0,107.0,,regnetz,timm,haloregnetz_b,,0.0,11.680072,0.0,haloregnetz_b,59.2,0.94,1.0,1000,,17.0,1537000.0,928.0,442368.0,ImageNet-1K,0.0,68.0,1.0,1.0,1.0,1.0,0.0,1.0,0.0,0.0,0.0,0.0,0.0,SiLU,2020.0,Supervised,Image Classification,Z Block with Inverted Bottlenecks,Average
0.0,,2727904.0,51.0,,hardcorenas,timm,hardcorenas_a,,0.0,5.260232,0.0,hardcorenas_a,21.9,0.875,1.0,1000,,0.0,1281000.0,864.0,1230080.0,ImageNet-1K,0.0,34.0,1.0,0.0,1.0,0.0,0.0,1.0,0.0,0.0,0.0,1.0,0.0,Swish,2021.0,Supervised,Image Classification,NAS for Efficiency and Robustness,Average
0.0,,2639480.0,64.0,,hardcorenas,timm,hardcorenas_b,,0.0,5.176544,0.0,hardcorenas_b,30.8,0.875,1.0,1000,,0.0,1281000.0,864.0,1230080.0,ImageNet-1K,0.0,55.0,1.0,0.0,1.0,0.0,0.0,1.0,0.0,0.0,0.0,1.0,0.0,Swish,2021.0,Supervised,Image Classification,NAS for Efficiency and Robustness,Average
0.0,,2981856.0,68.0,,hardcorenas,timm,hardcorenas_c,,0.0,5.521224,0.0,hardcorenas_c,31.6,0.875,1.0,1000,,0.0,1281000.0,864.0,1230080.0,ImageNet-1K,0.0,55.0,1.0,0.0,1.0,0.0,0.0,1.0,0.0,0.0,0.0,1.0,0.0,Swish,2021.0,Supervised,Image Classification,NAS for Efficiency and Robustness,Average
0.0,,4955096.0,90.0,,hardcorenas,timm,hardcorenas_d,,0.0,7.500208,0.0,hardcorenas_d,36.0,0.875,1.0,1000,,0.0,1281000.0,864.0,1230080.0,ImageNet-1K,0.0,55.0,1.0,0.0,1.0,0.0,0.0,1.0,0.0,0.0,0.0,1.0,0.0,Swish,2021.0,Supervised,Image Classification,NAS for Efficiency and Robustness,Average
0.0,,5523272.0,85.0,,hardcorenas,timm,hardcorenas_e,,0.0,8.070992,0.0,hardcorenas_e,34.1,0.875,1.0,1000,,0.0,1281000.0,864.0,1230080.0,ImageNet-1K,0.0,52.0,1.0,0.0,1.0,0.0,0.0,1.0,0.0,0.0,0.0,1.0,0.0,Swish,2021.0,Supervised,Image Classification,NAS for Efficiency and Robustness,Average
0.0,,5650368.0,85.0,,hardcorenas,timm,hardcorenas_f,,0.0,8.199688,0.0,hardcorenas_f,34.1,0.875,1.0,1000,,0.0,1281000.0,864.0,1230080.0,ImageNet-1K,0.0,52.0,1.0,0.0,1.0,0.0,0.0,1.0,0.0,0.0,0.0,1.0,0.0,Swish,2021.0,Supervised,Image Classification,NAS for Efficiency and Robustness,Average
0.0,,6708636.0,325.0,,hrnet,timm,hrnet_w18,,0.0,21.299004,0.0,hrnet_w18,153.3,0.875,1.0,1000,,8.0,2049000.0,1728.0,128.0,ImageNet-1K,112.0,325.0,1.0,1.0,1.0,1.0,0.0,1.0,0.0,0.0,0.0,1.0,0.0,0,2019.0,Supervised,"Image Classification, Object Detection, Image Segmentation",High-Resolution Representations,Average
0.0,,6198528.0,91.0,,hrnet,timm,hrnet_w18_small,,0.0,13.187464,0.0,hrnet_w18_small,44.0,0.875,1.0,1000,,5.0,2049000.0,1728.0,128.0,ImageNet-1K,23.0,91.0,1.0,1.0,1.0,1.0,0.0,1.0,0.0,0.0,0.0,1.0,0.0,0,2019.0,Supervised,"Image Classification, Object Detection, Image Segmentation",High-Resolution Representations,Average
0.0,,6198528.0,164.0,,hrnet,timm,hrnet_w18_small_v2,,0.0,15.597464,0.0,hrnet_w18_small_v2,79.4,0.875,1.0,1000,,6.0,2049000.0,1728.0,128.0,ImageNet-1K,44.0,164.0,1.0,1.0,1.0,1.0,0.0,1.0,0.0,0.0,0.0,1.0,0.0,0,2019.0,Supervised,"Image Classification, Object Detection, Image Segmentation",High-Resolution Representations,Average
0.0,,18614700.0,325.0,,hrnet,timm,hrnet_w30,,0.0,37.71222,0.0,hrnet_w30,153.3,0.875,1.0,1000,,8.0,2049000.0,1728.0,128.0,ImageNet-1K,112.0,325.0,1.0,1.0,1.0,1.0,0.0,1.0,0.0,0.0,0.0,1.0,0.0,0,2019.0,Supervised,"Image Classification, Object Detection, Image Segmentation",High-Resolution Representations,Average
0.0,,21177216.0,325.0,,hrnet,timm,hrnet_w32,,0.0,41.23268,0.0,hrnet_w32,153.3,0.875,1.0,1000,,8.0,2049000.0,1728.0,128.0,ImageNet-1K,112.0,325.0,1.0,1.0,1.0,1.0,0.0,1.0,0.0,0.0,0.0,1.0,0.0,0,2019.0,Supervised,"Image Classification, Object Detection, Image Segmentation",High-Resolution Representations,Average
0.0,,33079200.0,325.0,,hrnet,timm,hrnet_w40,,0.0,57.55716,0.0,hrnet_w40,153.3,0.875,1.0,1000,,8.0,2049000.0,1728.0,128.0,ImageNet-1K,112.0,325.0,1.0,1.0,1.0,1.0,0.0,1.0,0.0,0.0,0.0,1.0,0.0,0,2019.0,Supervised,"Image Classification, Object Detection, Image Segmentation",High-Resolution Representations,Average
0.0,,40021344.0,325.0,,hrnet,timm,hrnet_w44,,0.0,67.064984,0.0,hrnet_w44,153.3,0.875,1.0,1000,,8.0,2049000.0,1728.0,128.0,ImageNet-1K,112.0,325.0,1.0,1.0,1.0,1.0,0.0,1.0,0.0,0.0,0.0,1.0,0.0,0,2019.0,Supervised,"Image Classification, Object Detection, Image Segmentation",High-Resolution Representations,Average
0.0,,47624256.0,325.0,,hrnet,timm,hrnet_w48,,0.0,77.469864,0.0,hrnet_w48,153.3,0.875,1.0,1000,,8.0,2049000.0,1728.0,128.0,ImageNet-1K,112.0,325.0,1.0,1.0,1.0,1.0,0.0,1.0,0.0,0.0,0.0,1.0,0.0,0,2019.0,Supervised,"Image Classification, Object Detection, Image Segmentation",High-Resolution Representations,Average
0.0,,84643584.0,325.0,,hrnet,timm,hrnet_w64,,0.0,128.059944,0.0,hrnet_w64,153.3,0.875,1.0,1000,,8.0,2049000.0,1728.0,128.0,ImageNet-1K,112.0,325.0,1.0,1.0,1.0,1.0,0.0,1.0,0.0,0.0,0.0,1.0,0.0,0,2019.0,Supervised,"Image Classification, Object Detection, Image Segmentation",High-Resolution Representations,Average
1.0,,55160832.0,104.0,,resnext,timm,ig_resnext101_32x8d,,0.0,88.791336,0.0,ig_resnext101_32x8d,42.1,0.875,1.0,1000,,33.0,2049000.0,9408.0,128.0,ImageNet-1K,33.0,104.0,1.0,1.0,1.0,1.0,0.0,1.0,0.0,0.0,0.0,1.0,0.0,0,2017.0,Supervised,Image Classification,Grouped Convolutions,"Max, Average"
1.0,,123314176.0,104.0,,resnext,timm,ig_resnext101_32x16d,,0.0,194.026792,0.0,ig_resnext101_32x16d,42.1,0.875,1.0,1000,,33.0,2049000.0,9408.0,128.0,ImageNet-1K,33.0,104.0,1.0,1.0,1.0,1.0,0.0,1.0,0.0,0.0,0.0,1.0,0.0,0,2017.0,Supervised,Image Classification,Grouped Convolutions,"Max, Average"
1.0,,300318720.0,104.0,,resnext,timm,ig_resnext101_32x32d,,0.0,468.530472,0.0,ig_resnext101_32x32d,42.1,0.875,1.0,1000,,33.0,2049000.0,9408.0,128.0,ImageNet-1K,33.0,104.0,1.0,1.0,1.0,1.0,0.0,1.0,0.0,0.0,0.0,1.0,0.0,0,2017.0,Supervised,Image Classification,Grouped Convolutions,"Max, Average"
1.0,,531587072.0,104.0,,resnext,timm,ig_resnext101_32x48d,,0.0,828.411176,0.0,ig_resnext101_32x48d,42.1,0.875,1.0,1000,,33.0,2049000.0,9408.0,128.0,ImageNet-1K,33.0,104.0,1.0,1.0,1.0,1.0,0.0,1.0,0.0,0.0,0.0,1.0,0.0,0,2017.0,Supervised,Image Classification,Grouped Convolutions,"Max, Average"
5.0,,22535680.0,244.0,,inception_resnet,timm,inception_resnet_v2,,0.0,55.843464,0.0,inception_resnet_v2,100.8,0.8975,1.0,1000,,0.0,1537000.0,928.0,5280.0,ImageNet-1K,0.0,204.0,1.0,1.0,1.0,1.0,0.0,1.0,0.0,0.0,0.0,1.0,0.0,0,2016.0,Supervised,Image Classification,Inception with Residual Connections,Average
2.0,,6076800.0,94.0,,inception_v3,timm,inception_v3,,0.0,23.834568,0.0,inception_v3,30.0,0.875,1.0,1000,,0.0,2049000.0,928.0,5280.0,ImageNet-1K,0.0,94.0,1.0,0.0,1.0,0.0,0.0,0.0,0.0,0.0,0.0,1.0,0.0,0,2015.0,Supervised,Image Classification,"Label Smoothing, Factorized Convolutions","Max, Average"
18.0,,,149.0,,inception_v4,timm,inception_v4,,0.0,42.679816,0.0,inception_v4,68.0,0.875,1.0,1000,,0.0,1537000.0,41142816.0,,ImageNet-1K,0.0,149.0,1.0,0.0,1.0,0.0,0.0,0.0,0.0,0.0,0.0,1.0,0.0,0,2016.0,Supervised,Image Classification,Combining Inception with Residual Connections,"Max, Average"
2.0,,66500608.0,3.0,,nest,timm,jx_nest_base,,48.0,67.723368,0.0,jx_nest_base,38.5,0.875,97.0,1000,,0.0,513000.0,6272.0,1024.0,ImageNet-1K,0.0,51.0,1.0,0.0,1.0,0.0,0.0,1.0,1.0,1.0,1.0,0.0,1.0,0,2021.0,Supervised,Image Classification,Nested Hierarchical Transformer,"Max, Average"
2.0,,37433856.0,3.0,,nest,timm,jx_nest_small,,48.0,38.351176,0.0,jx_nest_small,38.5,0.875,97.0,1000,,0.0,385000.0,4704.0,768.0,ImageNet-1K,0.0,51.0,1.0,0.0,1.0,0.0,0.0,1.0,1.0,1.0,1.0,0.0,1.0,0,2021.0,Supervised,Image Classification,Nested Hierarchical Transformer,"Max, Average"
2.0,,16140288.0,3.0,,nest,timm,jx_nest_tiny,,24.0,17.057608,0.0,jx_nest_tiny,20.5,0.875,49.0,1000,,0.0,385000.0,4704.0,768.0,ImageNet-1K,0.0,27.0,1.0,0.0,1.0,0.0,0.0,1.0,1.0,1.0,1.0,0.0,1.0,0,2021.0,Supervised,Image Classification,Nested Hierarchical Transformer,"Max, Average"
2.0,,8848384.0,31.0,,resnet,timm,lambda_resnet26rpt_256,,0.0,10.988688,0.0,lambda_resnet26rpt_256,22.5,0.94,1.0,1000,,5.0,2049000.0,26232.0,8848384.0,ImageNet-1K,0.0,37.0,1.0,1.0,1.0,1.0,0.0,1.0,0.0,0.0,0.0,1.0,0.0,0,2015.0,Supervised,"Image Classification, Object Detection, Image Segmentation",Deep Residual Learning for Image Recognition,"Max, Average"
2.0,,8852320.0,31.0,,resnet,timm,lambda_resnet26t,,0.0,10.958272,0.0,lambda_resnet26t,22.8,0.94,1.0,1000,,5.0,2049000.0,26232.0,8852320.0,ImageNet-1K,0.0,37.0,1.0,1.0,1.0,1.0,0.0,1.0,0.0,0.0,0.0,1.0,0.0,0,2015.0,Supervised,"Image Classification, Object Detection, Image Segmentation",Deep Residual Learning for Image Recognition,"Max, Average"
1.0,,19408608.0,55.0,,resnet,timm,lambda_resnet50ts,,0.0,21.536832,0.0,lambda_resnet50ts,40.8,0.95,1.0,1000,,11.0,2049000.0,26232.0,19408608.0,ImageNet-1K,0.0,65.0,1.0,1.0,1.0,1.0,0.0,1.0,0.0,0.0,0.0,1.0,0.0,0,2015.0,Supervised,"Image Classification, Object Detection, Image Segmentation",Deep Residual Learning for Image Recognition,"Max, Average"
0.0,,20441600.0,58.0,,botnet,timm,lamhalobotnet50ts_256,,0.0,22.569824,0.0,lamhalobotnet50ts_256,40.4,0.95,1.0,1000,,11.0,2049000.0,26232.0,20441600.0,ImageNet-1K,0.0,59.0,1.0,1.0,1.0,1.0,0.0,1.0,1.0,0.0,1.0,1.0,1.0,0,2021.0,Supervised,"Image Classification, Object Detection, Image Segmentation",Transformer Blocks in ResNet,Average
0.0,,328960.0,32.0,,lcnet,timm,lcnet_050,,0.0,1.880856,0.0,lcnet_050,17.0,0.875,1.0,1000,,0.0,1281000.0,216.0,265208.0,ImageNet-1K,0.0,27.0,1.0,0.0,1.0,0.0,0.0,0.0,0.0,0.0,0.0,0.0,0.0,Swish,2021.0,Supervised,"Image Classification, Object Detection, Image Segmentation",Lightweight and Efficient for CPU,Average
0.0,,575832.0,32.0,,lcnet,timm,lcnet_075,,0.0,2.358288,0.0,lcnet_075,17.0,0.875,1.0,1000,,0.0,1281000.0,432.0,492800.0,ImageNet-1K,0.0,27.0,1.0,0.0,1.0,0.0,0.0,0.0,0.0,0.0,0.0,0.0,0.0,Swish,2021.0,Supervised,"Image Classification, Object Detection, Image Segmentation",Lightweight and Efficient for CPU,Average
0.0,,1004784.0,32.0,,lcnet,timm,lcnet_100,,0.0,2.9538,0.0,lcnet_100,17.0,0.875,1.0,1000,,0.0,1281000.0,432.0,656640.0,ImageNet-1K,0.0,27.0,1.0,0.0,1.0,0.0,0.0,0.0,0.0,0.0,0.0,0.0,0.0,Swish,2021.0,Supervised,"Image Classification, Object Detection, Image Segmentation",Lightweight and Efficient for CPU,Average
1.0,,68677888.0,257.0,,senet,timm,legacy_senet154,,0.0,115.088984,0.0,legacy_senet154,68.2,0.875,1.0,1000,,50.0,2049000.0,112832.0,354864.0,ImageNet-1K,0.0,157.0,1.0,1.0,1.0,1.0,0.0,1.0,0.0,0.0,0.0,1.0,0.0,0,2017.0,Supervised,"Image Classification, Object Detection",Squeeze-and-Excitation Blocks,Average
1.0,,8460352.0,36.0,,seresnet,timm,legacy_seresnet18,,0.0,11.778592,0.0,legacy_seresnet18,11.1,0.875,1.0,1000,,0.0,513000.0,9536.0,149128.0,ImageNet-1K,0.0,20.0,1.0,1.0,1.0,1.0,0.0,1.0,0.0,0.0,0.0,1.0,0.0,0,2017.0,Supervised,"Image Classification, Object Detection",Squeeze-and-Excitation Block ResNet,Average
1.0,,13214304.0,68.0,,seresnet,timm,legacy_seresnet34,,0.0,21.958868,0.0,legacy_seresnet34,19.9,0.875,1.0,1000,,0.0,513000.0,9536.0,223692.0,ImageNet-1K,0.0,36.0,1.0,1.0,1.0,1.0,0.0,1.0,0.0,0.0,0.0,1.0,0.0,0,2017.0,Supervised,"Image Classification, Object Detection",Squeeze-and-Excitation Block ResNet,Average
1.0,,16544128.0,85.0,,seresnet,timm,legacy_seresnet50,,0.0,28.088024,0.0,legacy_seresnet50,23.4,0.875,1.0,1000,,16.0,2049000.0,9536.0,241200.0,ImageNet-1K,0.0,53.0,1.0,1.0,1.0,1.0,0.0,1.0,0.0,0.0,0.0,1.0,0.0,0,2017.0,Supervised,"Image Classification, Object Detection",Squeeze-and-Excitation Block ResNet,Average
1.0,,29130176.0,170.0,,seresnet,timm,legacy_seresnet101,,0.0,49.326872,0.0,legacy_seresnet101,45.5,0.875,1.0,1000,,33.0,2049000.0,9536.0,241200.0,ImageNet-1K,0.0,104.0,1.0,1.0,1.0,1.0,0.0,1.0,0.0,0.0,0.0,1.0,0.0,0,2017.0,Supervised,"Image Classification, Object Detection",Squeeze-and-Excitation Block ResNet,Average
1.0,,45371648.0,255.0,,seresnet,timm,legacy_seresnet152,,0.0,66.821848,0.0,legacy_seresnet152,67.6,0.875,1.0,1000,,50.0,2049000.0,9536.0,241200.0,ImageNet-1K,0.0,155.0,1.0,1.0,1.0,1.0,0.0,1.0,0.0,0.0,0.0,1.0,0.0,0,2017.0,Supervised,"Image Classification, Object Detection",Squeeze-and-Excitation Block ResNet,Average
1.0,,11100416.0,45.0,,resnext,timm,legacy_seresnext26_32x4d,,0.0,16.79028,0.0,legacy_seresnext26_32x4d,13.0,0.875,1.0,1000,,8.0,2049000.0,9536.0,151584.0,ImageNet-1K,0.0,29.0,1.0,1.0,1.0,1.0,0.0,1.0,0.0,0.0,0.0,1.0,0.0,0,2017.0,Supervised,Image Classification,Grouped Convolutions,"Max, Average"
1.0,,16124288.0,85.0,,resnext,timm,legacy_seresnext50_32x4d,,0.0,27.559896,0.0,legacy_seresnext50_32x4d,23.4,0.875,1.0,1000,,16.0,2049000.0,9536.0,231216.0,ImageNet-1K,0.0,53.0,1.0,1.0,1.0,1.0,0.0,1.0,0.0,0.0,0.0,1.0,0.0,0,2017.0,Supervised,Image Classification,Grouped Convolutions,"Max, Average"
1.0,,29211072.0,170.0,,resnext,timm,legacy_seresnext101_32x4d,,0.0,48.955416,0.0,legacy_seresnext101_32x4d,45.5,0.875,1.0,1000,,33.0,2049000.0,9536.0,231216.0,ImageNet-1K,0.0,104.0,1.0,1.0,1.0,1.0,0.0,1.0,0.0,0.0,0.0,1.0,0.0,0,2017.0,Supervised,Image Classification,Grouped Convolutions,"Max, Average"
0.0,,8336896.0,4.0,,levit,timm,levit_128,,14.0,9.213936,0.0,levit_128,29.8,0.9,60.0,1000,,0.0,385768.0,97680.0,385768.0,ImageNet-1K,0.0,4.0,1.0,1.0,1.0,1.0,0.0,1.0,1.0,1.0,1.0,1.0,0.0,Swish,2021.0,Supervised,Image Classification,Fast Inference Image Classification,Average
0.0,,6902528.0,4.0,,levit,timm,levit_128s,,11.0,7.777058,0.0,levit_128s,24.1,0.9,48.0,1000,,0.0,385768.0,97680.0,385768.0,ImageNet-1K,0.0,4.0,1.0,1.0,1.0,1.0,0.0,1.0,1.0,1.0,1.0,1.0,0.0,Swish,2021.0,Supervised,Image Classification,Fast Inference Image Classification,Average
0.0,,9951104.0,4.0,,levit,timm,levit_192,,14.0,10.947069,0.0,levit_192,29.8,0.9,60.0,1000,,0.0,385768.0,219096.0,385768.0,ImageNet-1K,0.0,4.0,1.0,1.0,1.0,1.0,0.0,1.0,1.0,1.0,1.0,1.0,0.0,Swish,2021.0,Supervised,Image Classification,Fast Inference Image Classification,Average
0.0,,17469952.0,4.0,,levit,timm,levit_256,,14.0,18.893876,0.0,levit_256,29.8,0.9,60.0,1000,,0.0,514024.0,388896.0,514024.0,ImageNet-1K,0.0,4.0,1.0,1.0,1.0,1.0,0.0,1.0,1.0,1.0,1.0,1.0,0.0,Swish,2021.0,Supervised,Image Classification,Fast Inference Image Classification,Average
0.0,,36703744.0,4.0,,levit,timm,levit_384,,14.0,39.128836,0.0,levit_384,29.8,0.9,60.0,1000,,0.0,770536.0,873648.0,770536.0,ImageNet-1K,0.0,4.0,1.0,1.0,1.0,1.0,0.0,1.0,1.0,1.0,1.0,1.0,0.0,Swish,2021.0,Supervised,Image Classification,Fast Inference Image Classification,Average
4.0,,14897028.0,40.0,,maxvit,timm,maxvit_nano_rw_256,,28.0,15.451148,0.0,maxvit_nano_rw_256,45.8,0.95,57.0,1000,,0.0,513000.0,19360.0,1024.0,ImageNet-1K,0.0,51.0,1.0,0.0,1.0,0.0,0.0,1.0,1.0,1.0,1.0,0.0,1.0,0,2022.0,Supervised,"Image Classification, Object Detection, Image Segmentation",Global and Local Attention,Average
4.0,,14947332.0,40.0,,maxvit,timm,maxvit_rmlp_nano_rw_256,,28.0,15.501452,0.0,maxvit_rmlp_nano_rw_256,55.6,0.95,85.0,1000,,0.0,513000.0,19360.0,1024.0,ImageNet-1K,0.0,51.0,1.0,0.0,1.0,0.0,0.0,1.0,1.0,1.0,1.0,0.0,1.0,0,2022.0,Supervised,"Image Classification, Object Detection, Image Segmentation",Global and Local Attention,Average
4.0,,7230700.0,60.0,,maxvit,timm,maxvit_rmlp_pico_rw_256,,44.0,7.51598,0.0,maxvit_rmlp_pico_rw_256,85.6,0.95,133.0,1000,,0.0,257000.0,7608.0,512.0,ImageNet-1K,0.0,79.0,1.0,0.0,1.0,0.0,0.0,1.0,1.0,1.0,1.0,0.0,1.0,0,2022.0,Supervised,"Image Classification, Object Detection, Image Segmentation",Global and Local Attention,Average
4.0,,28575192.0,60.0,,maxvit,timm,maxvit_rmlp_tiny_rw_256,,44.0,29.148896,0.0,maxvit_rmlp_tiny_rw_256,85.6,0.95,133.0,1000,,0.0,513000.0,19360.0,1024.0,ImageNet-1K,0.0,79.0,1.0,0.0,1.0,0.0,0.0,1.0,1.0,1.0,1.0,0.0,1.0,0,2022.0,Supervised,"Image Classification, Object Detection, Image Segmentation",Global and Local Attention,Average
4.0,,28483608.0,60.0,,maxvit,timm,maxvit_tiny_rw_224,,44.0,29.057312,0.0,maxvit_tiny_rw_224,70.2,0.95,89.0,1000,,0.0,513000.0,19360.0,1024.0,ImageNet-1K,0.0,79.0,1.0,0.0,1.0,0.0,0.0,1.0,1.0,1.0,1.0,0.0,1.0,0,2022.0,Supervised,"Image Classification, Object Detection, Image Segmentation",Global and Local Attention,Average
0.0,,58519344.0,1.0,,mixer,timm,mixer_b16_224,,0.0,59.880472,0.0,mixer_b16_224,19.9,0.875,49.0,1000,,0.0,769000.0,590592.0,1536.0,ImageNet-1K,0.0,25.0,0.0,0.0,1.0,0.0,0.0,1.0,0.0,0.0,0.0,0.0,1.0,0,2021.0,Supervised,Image Classification,Entirely MLP-based Image Processing,Average
0.0,,58519344.0,1.0,,mixer,timm,mixer_b16_224_in21k,,0.0,75.908739,0.0,mixer_b16_224_in21k,19.9,0.875,49.0,21843,,0.0,16797267.0,590592.0,1536.0,ImageNet-21K,0.0,25.0,0.0,0.0,1.0,0.0,0.0,1.0,0.0,0.0,0.0,0.0,1.0,0,2021.0,Supervised,Image Classification,Entirely MLP-based Image Processing,Average
0.0,,58519344.0,1.0,,mixer,timm,mixer_b16_224_miil,,0.0,59.880472,0.0,mixer_b16_224_miil,19.9,0.875,49.0,1000,,0.0,769000.0,590592.0,1536.0,ImageNet-1K,0.0,25.0,0.0,0.0,1.0,0.0,0.0,1.0,0.0,0.0,0.0,0.0,1.0,0,2021.0,Supervised,Image Classification,Entirely MLP-based Image Processing,Average
0.0,,58519344.0,1.0,,mixer,timm,mixer_b16_224_miil_in21k,,0.0,67.740421,0.0,mixer_b16_224_miil_in21k,19.9,0.875,49.0,11221,,0.0,8628949.0,590592.0,1536.0,ImageNet-21K-P,0.0,25.0,0.0,0.0,1.0,0.0,0.0,1.0,0.0,0.0,0.0,0.0,1.0,0,2021.0,Supervised,Image Classification,Entirely MLP-based Image Processing,Average
0.0,,206381664.0,1.0,,mixer,timm,mixer_l16_224,,0.0,208.196168,0.0,mixer_l16_224,39.1,0.875,97.0,1000,,0.0,1025000.0,787456.0,2048.0,ImageNet-1K,0.0,49.0,0.0,0.0,1.0,0.0,0.0,1.0,0.0,0.0,0.0,0.0,1.0,0,2021.0,Supervised,Image Classification,Entirely MLP-based Image Processing,Average
0.0,,206381664.0,1.0,,mixer,timm,mixer_l16_224_in21k,,0.0,229.560243,0.0,mixer_l16_224_in21k,39.1,0.875,97.0,21843,,0.0,22389075.0,787456.0,2048.0,ImageNet-21K,0.0,49.0,0.0,0.0,1.0,0.0,0.0,1.0,0.0,0.0,0.0,0.0,1.0,0,2021.0,Supervised,Image Classification,Entirely MLP-based Image Processing,Average
0.0,,5331612.0,155.0,,mixnet,timm,mixnet_l,,0.0,7.329252,0.0,mixnet_l,47.1,0.875,1.0,1000,,0.0,1537000.0,864.0,405504.0,ImageNet-1K,0.0,58.0,1.0,0.0,1.0,0.0,0.0,0.0,0.0,0.0,0.0,1.0,0.0,0,2019.0,Supervised,Image Classification,Mixed Depthwise Convolutional Layers,Average
0.0,,3127822.0,155.0,,mixnet,timm,mixnet_m,,0.0,5.014382,0.0,mixnet_m,47.1,0.875,1.0,1000,,0.0,1537000.0,648.0,307200.0,ImageNet-1K,0.0,58.0,1.0,0.0,1.0,0.0,0.0,0.0,0.0,0.0,0.0,1.0,0.0,0,2019.0,Supervised,Image Classification,Mixed Depthwise Convolutional Layers,Average
0.0,,2257782.0,123.0,,mixnet,timm,mixnet_s,,0.0,4.134606,0.0,mixnet_s,39.0,0.875,1.0,1000,,0.0,1537000.0,432.0,307200.0,ImageNet-1K,0.0,49.0,1.0,0.0,1.0,0.0,0.0,0.0,0.0,0.0,0.0,1.0,0.0,0,2019.0,Supervised,Image Classification,Mixed Depthwise Convolutional Layers,Average
0.0,,9786352.0,192.0,,mixnet,timm,mixnet_xl,,0.0,11.896768,0.0,mixnet_xl,57.5,0.875,1.0,1000,,0.0,1537000.0,1080.0,491520.0,ImageNet-1K,0.0,70.0,1.0,0.0,1.0,0.0,0.0,0.0,0.0,0.0,0.0,1.0,0.0,0,2019.0,Supervised,Image Classification,Mixed Depthwise Convolutional Layers,Average
0.0,,2653928.0,52.0,,nasnet,timm,mnasnet_100,,0.0,4.383312,0.0,mnasnet_100,27.2,0.875,1.0,1000,,0.0,1281000.0,864.0,409600.0,ImageNet-1K,0.0,52.0,1.0,1.0,1.0,0.0,0.0,1.0,0.0,0.0,0.0,1.0,0.0,0,2017.0,Supervised,"Image Classification, Object Detection",Neural Architecture Search,"Max, Average"
0.0,,547800.0,66.0,,nasnet,timm,mnasnet_small,,0.0,2.030264,0.0,mnasnet_small,28.2,0.875,1.0,1000,,0.0,1281000.0,216.0,184320.0,ImageNet-1K,0.0,46.0,1.0,1.0,1.0,0.0,0.0,1.0,0.0,0.0,0.0,1.0,0.0,0,2017.0,Supervised,"Image Classification, Object Detection",Neural Architecture Search,"Max, Average"
0.0,,2947120.0,63.0,,mobilenetv3,timm,mobilenetv3_large_100_miil_in21k,,0.0,18.576133,0.0,mobilenetv3_large_100_miil_in21k,27.9,0.875,1.0,11221,,0.0,14374101.0,432.0,1230080.0,ImageNet-21K-P,0.0,46.0,1.0,0.0,1.0,1.0,0.0,1.0,0.0,0.0,0.0,1.0,0.0,0,2019.0,Supervised,"Image Classification, Object Detection, Image Segmentation",Hardware-aware Network Design,"Average, Spatial Pyramid"
0.0,,4822544.0,35.0,,mobilevit,timm,mobilevit_s,,9.0,5.578632,0.0,mobilevit_s,39.1,0.9,37.0,1000,,7.0,641000.0,464.0,102400.0,ImageNet-1K,0.0,53.0,1.0,0.0,1.0,1.0,0.0,1.0,1.0,1.0,1.0,0.0,0.0,Swish,2021.0,Supervised,"Image Classification, Object Detection, Image Segmentation",ViT for Mobile Applications,Average
0.0,,1887104.0,35.0,,mobilevit,timm,mobilevit_xs,,9.0,2.317848,0.0,mobilevit_xs,39.1,0.9,37.0,1000,,7.0,385000.0,464.0,36864.0,ImageNet-1K,0.0,53.0,1.0,0.0,1.0,1.0,0.0,1.0,1.0,1.0,1.0,0.0,0.0,Swish,2021.0,Supervised,"Image Classification, Object Detection, Image Segmentation",ViT for Mobile Applications,Average
0.0,,920880.0,35.0,,mobilevit,timm,mobilevit_xxs,,9.0,1.272024,0.0,mobilevit_xxs,39.2,0.9,37.0,1000,,7.0,321000.0,464.0,25600.0,ImageNet-1K,0.0,53.0,1.0,0.0,1.0,1.0,0.0,1.0,1.0,1.0,1.0,0.0,0.0,Swish,2021.0,Supervised,"Image Classification, Object Detection, Image Segmentation",ViT for Mobile Applications,Average
0.0,,1105385.0,64.0,,mobilevitv2,timm,mobilevitv2_050,,18.0,1.370593,0.0,mobilevitv2_050,33.2,0.888,1.0,1000,,6.0,257000.0,464.0,1105385.0,ImageNet-1K,0.0,25.0,1.0,0.0,1.0,1.0,0.0,1.0,1.0,1.0,1.0,1.0,0.0,0,2022.0,Supervised,"Image Classification, Object Detection, Image Segmentation",Separable Self-Attention,"Average, Spatial Pyramid"
0.0,,2468697.0,64.0,,mobilevitv2,timm,mobilevitv2_075,,18.0,2.866009,0.0,mobilevitv2_075,33.2,0.888,1.0,1000,,6.0,385000.0,696.0,2468697.0,ImageNet-1K,0.0,25.0,1.0,0.0,1.0,1.0,0.0,1.0,1.0,1.0,1.0,1.0,0.0,0,2022.0,Supervised,"Image Classification, Object Detection, Image Segmentation",Separable Self-Attention,"Average, Spatial Pyramid"
0.0,,4372425.0,64.0,,mobilevitv2,timm,mobilevitv2_100,,18.0,4.901841,0.0,mobilevitv2_100,33.2,0.888,1.0,1000,,6.0,513000.0,928.0,4372425.0,ImageNet-1K,0.0,25.0,1.0,0.0,1.0,1.0,0.0,1.0,1.0,1.0,1.0,1.0,0.0,0,2022.0,Supervised,"Image Classification, Object Detection, Image Segmentation",Separable Self-Attention,"Average, Spatial Pyramid"
0.0,,6816569.0,64.0,,mobilevitv2,timm,mobilevitv2_125,,18.0,7.478089,0.0,mobilevitv2_125,33.2,0.888,1.0,1000,,6.0,641000.0,1160.0,6816569.0,ImageNet-1K,0.0,25.0,1.0,0.0,1.0,1.0,0.0,1.0,1.0,1.0,1.0,1.0,0.0,0,2022.0,Supervised,"Image Classification, Object Detection, Image Segmentation",Separable Self-Attention,"Average, Spatial Pyramid"
0.0,,9801129.0,64.0,,mobilevitv2,timm,mobilevitv2_150,,18.0,10.594753,0.0,mobilevitv2_150,33.2,0.888,1.0,1000,,6.0,769000.0,1392.0,9801129.0,ImageNet-1K,0.0,25.0,1.0,0.0,1.0,1.0,0.0,1.0,1.0,1.0,1.0,1.0,0.0,0,2022.0,Supervised,"Image Classification, Object Detection, Image Segmentation",Separable Self-Attention,"Average, Spatial Pyramid"
0.0,,9801129.0,64.0,,mobilevitv2,timm,mobilevitv2_150_384_in22ft1k,,18.0,10.594753,0.0,mobilevitv2_150_384_in22ft1k,33.2,1.0,1.0,1000,,6.0,769000.0,1392.0,9801129.0,ImageNet-1K,0.0,25.0,1.0,0.0,1.0,1.0,0.0,1.0,1.0,1.0,1.0,1.0,0.0,0,2022.0,Supervised,"Image Classification, Object Detection, Image Segmentation",Separable Self-Attention,"Average, Spatial Pyramid"
0.0,,9801129.0,64.0,,mobilevitv2,timm,mobilevitv2_150_in22ft1k,,18.0,10.594753,0.0,mobilevitv2_150_in22ft1k,33.2,0.888,1.0,1000,,6.0,769000.0,1392.0,9801129.0,ImageNet-1K,0.0,25.0,1.0,0.0,1.0,1.0,0.0,1.0,1.0,1.0,1.0,1.0,0.0,0,2022.0,Supervised,"Image Classification, Object Detection, Image Segmentation",Separable Self-Attention,"Average, Spatial Pyramid"
0.0,,13326105.0,64.0,,mobilevitv2,timm,mobilevitv2_175,,18.0,14.251833,0.0,mobilevitv2_175,33.2,0.888,1.0,1000,,6.0,897000.0,1624.0,13326105.0,ImageNet-1K,0.0,25.0,1.0,0.0,1.0,1.0,0.0,1.0,1.0,1.0,1.0,1.0,0.0,0,2022.0,Supervised,"Image Classification, Object Detection, Image Segmentation",Separable Self-Attention,"Average, Spatial Pyramid"
0.0,,13326105.0,64.0,,mobilevitv2,timm,mobilevitv2_175_384_in22ft1k,,18.0,14.251833,0.0,mobilevitv2_175_384_in22ft1k,33.2,1.0,1.0,1000,,6.0,897000.0,1624.0,13326105.0,ImageNet-1K,0.0,25.0,1.0,0.0,1.0,1.0,0.0,1.0,1.0,1.0,1.0,1.0,0.0,0,2022.0,Supervised,"Image Classification, Object Detection, Image Segmentation",Separable Self-Attention,"Average, Spatial Pyramid"
0.0,,13326105.0,64.0,,mobilevitv2,timm,mobilevitv2_175_in22ft1k,,18.0,14.251833,0.0,mobilevitv2_175_in22ft1k,33.2,0.888,1.0,1000,,6.0,897000.0,1624.0,13326105.0,ImageNet-1K,0.0,25.0,1.0,0.0,1.0,1.0,0.0,1.0,1.0,1.0,1.0,1.0,0.0,0,2022.0,Supervised,"Image Classification, Object Detection, Image Segmentation",Separable Self-Attention,"Average, Spatial Pyramid"
0.0,,17391497.0,64.0,,mobilevitv2,timm,mobilevitv2_200,,18.0,18.449329,0.0,mobilevitv2_200,33.2,0.888,1.0,1000,,6.0,1025000.0,1856.0,17391497.0,ImageNet-1K,0.0,25.0,1.0,0.0,1.0,1.0,0.0,1.0,1.0,1.0,1.0,1.0,0.0,0,2022.0,Supervised,"Image Classification, Object Detection, Image Segmentation",Separable Self-Attention,"Average, Spatial Pyramid"
0.0,,17391497.0,64.0,,mobilevitv2,timm,mobilevitv2_200_384_in22ft1k,,18.0,18.449329,0.0,mobilevitv2_200_384_in22ft1k,33.2,1.0,1.0,1000,,6.0,1025000.0,1856.0,17391497.0,ImageNet-1K,0.0,25.0,1.0,0.0,1.0,1.0,0.0,1.0,1.0,1.0,1.0,1.0,0.0,0,2022.0,Supervised,"Image Classification, Object Detection, Image Segmentation",Separable Self-Attention,"Average, Spatial Pyramid"
0.0,,17391497.0,64.0,,mobilevitv2,timm,mobilevitv2_200_in22ft1k,,18.0,18.449329,0.0,mobilevitv2_200_in22ft1k,33.2,0.888,1.0,1000,,6.0,1025000.0,1856.0,17391497.0,ImageNet-1K,0.0,25.0,1.0,0.0,1.0,1.0,0.0,1.0,1.0,1.0,1.0,1.0,0.0,0,2022.0,Supervised,"Image Classification, Object Detection, Image Segmentation",Separable Self-Attention,"Average, Spatial Pyramid"
3.0,,50515200.0,73.0,,mvitv2,timm,mvitv2_base,,24.0,51.472744,0.0,mvitv2_base,50.2,0.9,100.0,1000,,0.0,769000.0,14208.0,1536.0,ImageNet-1K,0.0,121.0,0.0,0.0,1.0,0.0,0.0,1.0,1.0,1.0,1.0,0.0,1.0,0,2021.0,Supervised,"Image Classification, Object Detection, Image Segmentation",Multiscale Features in Vision Transformers With Pooling Attention,Class Token
3.0,,216583344.0,145.0,,mvitv2,timm,mvitv2_large,,48.0,217.992952,0.0,mvitv2_large,98.2,0.9,196.0,1000,,0.0,1153000.0,21312.0,2304.0,ImageNet-1K,0.0,241.0,0.0,0.0,1.0,0.0,0.0,1.0,1.0,1.0,1.0,0.0,1.0,0,2021.0,Supervised,"Image Classification, Object Detection, Image Segmentation",Multiscale Features in Vision Transformers With Pooling Attention,Class Token
3.0,,33972960.0,49.0,,mvitv2,timm,mvitv2_small,,16.0,34.870216,0.0,mvitv2_small,34.2,0.9,68.0,1000,,0.0,769000.0,14208.0,1536.0,ImageNet-1K,0.0,81.0,0.0,0.0,1.0,0.0,0.0,1.0,1.0,1.0,1.0,0.0,1.0,0,2021.0,Supervised,"Image Classification, Object Detection, Image Segmentation",Multiscale Features in Vision Transformers With Pooling Attention,Class Token
3.0,,23307168.0,31.0,,mvitv2,timm,mvitv2_tiny,,10.0,24.17332,0.0,mvitv2_tiny,22.2,0.9,44.0,1000,,0.0,769000.0,14208.0,1536.0,ImageNet-1K,0.0,51.0,0.0,0.0,1.0,0.0,0.0,1.0,1.0,1.0,1.0,0.0,1.0,0,2021.0,Supervised,"Image Classification, Object Detection, Image Segmentation",Multiscale Features in Vision Transformers With Pooling Attention,Class Token
78.0,,10054464.0,488.0,,nasnet,timm,nasnetalarge,,0.0,88.75315,0.0,nasnetalarge,150.5,0.911,1.0,1000,,0.0,4033000.0,2784.0,49230.0,ImageNet-1K,0.0,264.0,1.0,1.0,1.0,0.0,0.0,1.0,0.0,0.0,0.0,1.0,0.0,0,2017.0,Supervised,"Image Classification, Object Detection",Neural Architecture Search,"Max, Average"
4.0,,8945024.0,106.0,,regnet,timm,nf_regnet_b1,,0.0,10.223984,0.0,nf_regnet_b1,30.8,0.9,1.0,1000,,0.0,961000.0,1160.0,316800.0,ImageNet-1K,0.0,0.0,,,,,,,,,,,,,,,,,
4.0,,23498496.0,53.0,,resnet,timm,nf_resnet50,,0.0,25.557032,0.0,nf_resnet50,15.7,0.94,1.0,1000,,0.0,2049000.0,9536.0,23498496.0,ImageNet-1K,0.0,0.0,1.0,1.0,1.0,1.0,0.0,1.0,0.0,0.0,0.0,1.0,0.0,0,2015.0,Supervised,"Image Classification, Object Detection, Image Segmentation",Deep Residual Learning for Image Recognition,"Max, Average"
3.0,,29128256.0,81.0,,nfnet,timm,nfnet_l0,,0.0,35.074488,0.0,nfnet_l0,22.6,1.0,1.0,1000,,0.0,2305000.0,97680.0,3543552.0,ImageNet-1K,0.0,0.0,1.0,1.0,1.0,0.0,0.0,1.0,0.0,0.0,0.0,0.0,1.0,0,2021.0,Supervised,Image Classification,Normalization-Free ResNet with High Performance,Average
0.0,,72340736.0,3.0,,pit,timm,pit_b_224,,17.0,73.76484,0.0,pit_b_224,25.6,0.9,55.0,1000,,0.0,1025000.0,150784.0,2048.0,ImageNet-1K,0.0,27.0,0.0,0.0,1.0,0.0,0.0,1.0,1.0,1.0,1.0,0.0,1.0,0,2021.0,Supervised,"Image Classification, Object Detection",Learnable Pooling in Vision Transformer,Class Token
0.0,,72340736.0,3.0,,pit,timm,pit_b_distilled_224,,17.0,74.790096,0.0,pit_b_distilled_224,25.7,0.9,56.0,1000,,0.0,1025000.0,150784.0,2048.0,ImageNet-1K,0.0,27.0,0.0,0.0,1.0,0.0,0.0,1.0,1.0,1.0,1.0,0.0,1.0,0,2021.0,Supervised,"Image Classification, Object Detection",Learnable Pooling in Vision Transformer,Class Token
0.0,,22667904.0,3.0,,pit,timm,pit_s_224,,16.0,23.461912,0.0,pit_s_224,23.8,0.9,51.0,1000,,0.0,577000.0,110736.0,1152.0,ImageNet-1K,0.0,25.0,0.0,0.0,1.0,0.0,0.0,1.0,1.0,1.0,1.0,0.0,1.0,0,2021.0,Supervised,"Image Classification, Object Detection",Learnable Pooling in Vision Transformer,Class Token
0.0,,22667904.0,3.0,,pit,timm,pit_s_distilled_224,,16.0,24.039056,0.0,pit_s_distilled_224,23.9,0.9,52.0,1000,,0.0,577000.0,110736.0,1152.0,ImageNet-1K,0.0,25.0,0.0,0.0,1.0,0.0,0.0,1.0,1.0,1.0,1.0,0.0,1.0,0,2021.0,Supervised,"Image Classification, Object Detection",Learnable Pooling in Vision Transformer,Class Token
0.0,,4493824.0,3.0,,pit,timm,pit_ti_224,,16.0,4.847272,0.0,pit_ti_224,23.8,0.9,51.0,1000,,0.0,257000.0,49216.0,512.0,ImageNet-1K,0.0,25.0,0.0,0.0,1.0,0.0,0.0,1.0,1.0,1.0,1.0,0.0,1.0,0,2021.0,Supervised,"Image Classification, Object Detection",Learnable Pooling in Vision Transformer,Class Token
0.0,,4493824.0,3.0,,pit,timm,pit_ti_distilled_224,,16.0,5.104336,0.0,pit_ti_distilled_224,23.9,0.9,52.0,1000,,0.0,257000.0,49216.0,512.0,ImageNet-1K,0.0,25.0,0.0,0.0,1.0,0.0,0.0,1.0,1.0,1.0,1.0,0.0,1.0,0,2021.0,Supervised,"Image Classification, Object Detection",Learnable Pooling in Vision Transformer,Class Token
0.0,,10089216.0,3.0,,pit,timm,pit_xs_224,,16.0,10.618888,0.0,pit_xs_224,23.8,0.9,51.0,1000,,0.0,385000.0,73824.0,768.0,ImageNet-1K,0.0,25.0,0.0,0.0,1.0,0.0,0.0,1.0,1.0,1.0,1.0,0.0,1.0,0,2021.0,Supervised,"Image Classification, Object Detection",Learnable Pooling in Vision Transformer,Class Token
0.0,,10089216.0,3.0,,pit,timm,pit_xs_distilled_224,,16.0,11.003984,0.0,pit_xs_distilled_224,23.9,0.9,52.0,1000,,0.0,385000.0,73824.0,768.0,ImageNet-1K,0.0,25.0,0.0,0.0,1.0,0.0,0.0,1.0,1.0,1.0,1.0,0.0,1.0,0,2021.0,Supervised,"Image Classification, Object Detection",Learnable Pooling in Vision Transformer,Class Token
50.0,,16664832.0,373.0,,nasnet,timm,pnasnet5large,,0.0,86.057668,0.0,pnasnet5large,114.2,0.911,1.0,1000,,0.0,4321000.0,2784.0,69468.0,ImageNet-1K,0.0,201.0,1.0,1.0,1.0,0.0,0.0,1.0,0.0,0.0,0.0,1.0,0.0,0,2017.0,Supervised,"Image Classification, Object Detection",Neural Architecture Search,"Max, Average"
36.0,,55361280.0,76.0,,poolformer,timm,poolformer_m36,,0.0,56.17252,0.0,poolformer_m36,48.8,0.95,1.0,1000,,0.0,769000.0,14208.0,1536.0,ImageNet-1K,0.0,0.0,0.0,0.0,1.0,0.0,0.0,1.0,0.0,1.0,0.0,0.0,1.0,0,2021.0,Supervised,"Image Classification, Object Detection, Image Segmentation",Pooling Operations Instead of Attention,Average
48.0,,72653376.0,100.0,,poolformer,timm,poolformer_m48,,0.0,73.473448,0.0,poolformer_m48,64.4,0.95,1.0,1000,,0.0,769000.0,14208.0,1536.0,ImageNet-1K,0.0,0.0,0.0,0.0,1.0,0.0,0.0,1.0,0.0,1.0,0.0,0.0,1.0,0,2021.0,Supervised,"Image Classification, Object Detection, Image Segmentation",Pooling Operations Instead of Attention,Average
12.0,,11385024.0,28.0,,poolformer,timm,poolformer_s12,,0.0,11.915176,0.0,poolformer_s12,17.6,0.9,1.0,1000,,0.0,513000.0,9472.0,1024.0,ImageNet-1K,0.0,0.0,0.0,0.0,1.0,0.0,0.0,1.0,0.0,1.0,0.0,0.0,1.0,0,2021.0,Supervised,"Image Classification, Object Detection, Image Segmentation",Pooling Operations Instead of Attention,Average
24.0,,20852160.0,52.0,,poolformer,timm,poolformer_s24,,0.0,21.388968,0.0,poolformer_s24,33.2,0.9,1.0,1000,,0.0,513000.0,9472.0,1024.0,ImageNet-1K,0.0,0.0,0.0,0.0,1.0,0.0,0.0,1.0,0.0,1.0,0.0,0.0,1.0,0,2021.0,Supervised,"Image Classification, Object Detection, Image Segmentation",Pooling Operations Instead of Attention,Average
36.0,,30319296.0,76.0,,poolformer,timm,poolformer_s36,,0.0,30.86276,0.0,poolformer_s36,48.8,0.9,1.0,1000,,0.0,513000.0,9472.0,1024.0,ImageNet-1K,0.0,0.0,0.0,0.0,1.0,0.0,0.0,1.0,0.0,1.0,0.0,0.0,1.0,0,2021.0,Supervised,"Image Classification, Object Detection, Image Segmentation",Pooling Operations Instead of Attention,Average
0.0,,3404960.0,18.0,,pvt_v2,timm,pvt_v2_b0,,13.0,3.66676,0.0,pvt_v2_b0,17.5,0.9,41.0,1000,,0.0,257000.0,4800.0,3404960.0,ImageNet-1K,0.0,30.0,1.0,0.0,1.0,0.0,0.0,1.0,1.0,1.0,1.0,0.0,1.0,0,2021.0,Supervised,"Image Classification, Object Detection, Image Segmentation",Optimized Pyramid Vision Transformer Structure,Average
0.0,,13486400.0,18.0,,pvt_v2,timm,pvt_v2_b1,,13.0,14.009,0.0,pvt_v2_b1,17.5,0.9,41.0,1000,,0.0,513000.0,9600.0,13486400.0,ImageNet-1K,0.0,30.0,1.0,0.0,1.0,0.0,0.0,1.0,1.0,1.0,1.0,0.0,1.0,0,2021.0,Supervised,"Image Classification, Object Detection, Image Segmentation",Optimized Pyramid Vision Transformer Structure,Average
0.0,,24840256.0,33.0,,pvt_v2,timm,pvt_v2_b2,,21.0,25.362856,0.0,pvt_v2_b2,32.5,0.9,81.0,1000,,0.0,513000.0,9600.0,24840256.0,ImageNet-1K,0.0,53.0,1.0,0.0,1.0,0.0,0.0,1.0,1.0,1.0,1.0,0.0,1.0,0,2021.0,Supervised,"Image Classification, Object Detection, Image Segmentation",Optimized Pyramid Vision Transformer Structure,Average
0.0,,22030912.0,36.0,,pvt_v2,timm,pvt_v2_b2_li,,21.0,22.553512,0.0,pvt_v2_b2_li,36.3,0.9,81.0,1000,,0.0,513000.0,9600.0,22030912.0,ImageNet-1K,0.0,56.0,1.0,0.0,1.0,0.0,0.0,1.0,1.0,1.0,1.0,0.0,1.0,0,2021.0,Supervised,"Image Classification, Object Detection, Image Segmentation",Optimized Pyramid Vision Transformer Structure,Average
0.0,,44716096.0,57.0,,pvt_v2,timm,pvt_v2_b3,,33.0,45.238696,0.0,pvt_v2_b3,55.3,0.9,141.0,1000,,0.0,513000.0,9600.0,44716096.0,ImageNet-1K,0.0,89.0,1.0,0.0,1.0,0.0,0.0,1.0,1.0,1.0,1.0,0.0,1.0,0,2021.0,Supervised,"Image Classification, Object Detection, Image Segmentation",Optimized Pyramid Vision Transformer Structure,Average
0.0,,62033472.0,83.0,,pvt_v2,timm,pvt_v2_b4,,46.0,62.556072,0.0,pvt_v2_b4,80.0,0.9,206.0,1000,,0.0,513000.0,9600.0,62033472.0,ImageNet-1K,0.0,128.0,1.0,0.0,1.0,0.0,0.0,1.0,1.0,1.0,1.0,0.0,1.0,0,2021.0,Supervised,"Image Classification, Object Detection, Image Segmentation",Optimized Pyramid Vision Transformer Structure,Average
0.0,,11263408.0,115.0,,regnet,timm,regnetv_040,,0.0,20.64064,0.0,regnetv_040,47.5,1.0,1.0,1000,,22.0,1089000.0,864.0,215336.0,ImageNet-1K,0.0,66.0,,,,,,,,,,,,,,,,,
4.0,,16764696.0,130.0,,regnet,timm,regnetv_064,,0.0,30.576052,0.0,regnetv_064,54.6,1.0,1.0,1000,,25.0,1297000.0,864.0,271052.0,ImageNet-1K,0.0,75.0,,,,,,,,,,,,,,,,,
0.0,,2057856.0,44.0,,regnetx,timm,regnetx_002,,0.0,2.684792,0.0,regnetx_002,29.3,0.875,1.0,1000,,13.0,369000.0,928.0,3840.0,ImageNet-1K,13.0,44.0,1.0,1.0,1.0,1.0,0.0,1.0,0.0,0.0,0.0,1.0,0.0,0,2020.0,Supervised,Image Classification,Systematic Network Design No Squeeze Excitation,Average
0.0,,4177920.0,71.0,,regnetx,timm,regnetx_004,,0.0,5.157512,0.0,regnetx_004,47.3,0.875,1.0,1000,,22.0,385000.0,928.0,7680.0,ImageNet-1K,22.0,71.0,1.0,1.0,1.0,1.0,0.0,1.0,0.0,0.0,0.0,1.0,0.0,0,2020.0,Supervised,Image Classification,Systematic Network Design No Squeeze Excitation,Average
0.0,,4675968.0,53.0,,regnetx,timm,regnetx_006,,0.0,6.19604,0.0,regnetx_006,35.3,0.875,1.0,1000,,16.0,529000.0,928.0,15744.0,ImageNet-1K,16.0,53.0,1.0,1.0,1.0,1.0,0.0,1.0,0.0,0.0,0.0,1.0,0.0,0,2020.0,Supervised,Image Classification,Systematic Network Design No Squeeze Excitation,Average
0.0,,4935168.0,53.0,,regnetx,timm,regnetx_008,,0.0,7.259656,0.0,regnetx_008,35.3,0.875,1.0,1000,,16.0,673000.0,928.0,17408.0,ImageNet-1K,16.0,53.0,1.0,1.0,1.0,1.0,0.0,1.0,0.0,0.0,0.0,1.0,0.0,0,2020.0,Supervised,Image Classification,Systematic Network Design No Squeeze Excitation,Average
0.0,,4181184.0,59.0,,regnetx,timm,regnetx_016,,0.0,9.190136,0.0,regnetx_016,39.3,0.875,1.0,1000,,18.0,913000.0,928.0,51264.0,ImageNet-1K,18.0,59.0,1.0,1.0,1.0,1.0,0.0,1.0,0.0,0.0,0.0,1.0,0.0,0,2020.0,Supervised,Image Classification,Systematic Network Design No Squeeze Excitation,Average
0.0,,8377344.0,80.0,,regnetx,timm,regnetx_032,,0.0,15.296552,0.0,regnetx_032,53.3,0.875,1.0,1000,,25.0,1009000.0,928.0,116736.0,ImageNet-1K,25.0,80.0,1.0,1.0,1.0,1.0,0.0,1.0,0.0,0.0,0.0,1.0,0.0,0,2020.0,Supervised,Image Classification,Systematic Network Design No Squeeze Excitation,Average
0.0,,11558400.0,74.0,,regnetx,timm,regnetx_040,,0.0,22.118248,0.0,regnetx_040,49.3,0.875,1.0,1000,,23.0,1361000.0,928.0,81920.0,ImageNet-1K,23.0,74.0,1.0,1.0,1.0,1.0,0.0,1.0,0.0,0.0,0.0,1.0,0.0,0,2020.0,Supervised,Image Classification,Systematic Network Design No Squeeze Excitation,Average
0.0,,16244480.0,56.0,,regnetx,timm,regnetx_064,,0.0,26.209256,0.0,regnetx_064,37.3,0.875,1.0,1000,,17.0,1625000.0,928.0,264768.0,ImageNet-1K,17.0,56.0,1.0,1.0,1.0,1.0,0.0,1.0,0.0,0.0,0.0,1.0,0.0,0,2020.0,Supervised,Image Classification,Systematic Network Design No Squeeze Excitation,Average
0.0,,27043200.0,74.0,,regnetx,timm,regnetx_080,,0.0,39.572648,0.0,regnetx_080,49.3,0.875,1.0,1000,,23.0,1921000.0,928.0,139520.0,ImageNet-1K,23.0,74.0,1.0,1.0,1.0,1.0,0.0,1.0,0.0,0.0,0.0,1.0,0.0,0,2020.0,Supervised,Image Classification,Systematic Network Design No Squeeze Excitation,Average
0.0,,27596800.0,62.0,,regnetx,timm,regnetx_120,,0.0,46.106056,0.0,regnetx_120,41.3,0.875,1.0,1000,,19.0,2241000.0,928.0,616448.0,ImageNet-1K,19.0,62.0,1.0,1.0,1.0,1.0,0.0,1.0,0.0,0.0,0.0,1.0,0.0,0,2020.0,Supervised,Image Classification,Systematic Network Design No Squeeze Excitation,Average
0.0,,34406400.0,71.0,,regnetx,timm,regnetx_160,,0.0,54.278536,0.0,regnetx_160,47.3,0.875,1.0,1000,,22.0,2049000.0,928.0,802816.0,ImageNet-1K,22.0,71.0,1.0,1.0,1.0,1.0,0.0,1.0,0.0,0.0,0.0,1.0,0.0,0,2020.0,Supervised,Image Classification,Systematic Network Design No Squeeze Excitation,Average
0.0,,73382400.0,74.0,,regnetx,timm,regnetx_320,,0.0,107.81156,0.0,regnetx_320,49.3,0.875,1.0,1000,,23.0,2521000.0,928.0,1376256.0,ImageNet-1K,23.0,74.0,1.0,1.0,1.0,1.0,0.0,1.0,0.0,0.0,0.0,1.0,0.0,0,2020.0,Supervised,Image Classification,Systematic Network Design No Squeeze Excitation,Average
0.0,,2495262.0,70.0,,regnety,timm,regnety_002,,0.0,3.162996,0.0,regnety_002,35.8,0.875,1.0,1000,,13.0,369000.0,928.0,4256.0,ImageNet-1K,13.0,44.0,1.0,1.0,1.0,1.0,0.0,1.0,0.0,0.0,0.0,0.0,0.0,SiLU,2020.0,Supervised,Image Classification,Regnet With Squeeze Excitation,Average
0.0,,3035722.0,85.0,,regnety,timm,regnety_004,,0.0,4.344144,0.0,regnety_004,43.3,0.875,1.0,1000,,16.0,441000.0,928.0,9656.0,ImageNet-1K,16.0,53.0,1.0,1.0,1.0,1.0,0.0,1.0,0.0,0.0,0.0,0.0,0.0,SiLU,2020.0,Supervised,Image Classification,Regnet With Squeeze Excitation,Average
0.0,,3884424.0,80.0,,regnety,timm,regnety_006,,0.0,6.05516,0.0,regnety_006,40.8,0.875,1.0,1000,,15.0,609000.0,928.0,13112.0,ImageNet-1K,15.0,50.0,1.0,1.0,1.0,1.0,0.0,1.0,0.0,0.0,0.0,0.0,0.0,SiLU,2020.0,Supervised,Image Classification,Regnet With Squeeze Excitation,Average
0.0,,2901776.0,75.0,,regnety,timm,regnety_008,,0.0,6.263168,0.0,regnety_008,38.3,0.875,1.0,1000,,14.0,769000.0,928.0,18504.0,ImageNet-1K,14.0,47.0,1.0,1.0,1.0,1.0,0.0,1.0,0.0,0.0,0.0,0.0,0.0,SiLU,2020.0,Supervised,Image Classification,Regnet With Squeeze Excitation,Average
0.0,,5970414.0,140.0,,regnety,timm,regnety_016,,0.0,11.20243,0.0,regnety_016,70.8,0.875,1.0,1000,,27.0,889000.0,928.0,32756.0,ImageNet-1K,27.0,86.0,1.0,1.0,1.0,1.0,0.0,1.0,0.0,0.0,0.0,0.0,0.0,SiLU,2020.0,Supervised,Image Classification,Regnet With Squeeze Excitation,Average
0.0,,12222774.0,110.0,,regnety,timm,regnety_032,,0.0,19.436338,0.0,regnety_032,55.8,1.0,1.0,1000,,21.0,1513000.0,928.0,55178.0,ImageNet-1K,21.0,68.0,1.0,1.0,1.0,1.0,0.0,1.0,0.0,0.0,0.0,0.0,0.0,SiLU,2020.0,Supervised,Image Classification,Regnet With Squeeze Excitation,Average
0.0,,11263408.0,115.0,,regnety,timm,regnety_040,,0.0,20.646656,0.0,regnety_040,58.3,1.0,1.0,1000,,22.0,1089000.0,928.0,215336.0,ImageNet-1K,22.0,71.0,1.0,1.0,1.0,1.0,0.0,1.0,0.0,0.0,0.0,0.0,0.0,SiLU,2020.0,Supervised,Image Classification,Regnet With Squeeze Excitation,Average
0.0,,16764696.0,130.0,,regnety,timm,regnety_064,,0.0,30.583252,0.0,regnety_064,65.8,1.0,1.0,1000,,25.0,1297000.0,928.0,271052.0,ImageNet-1K,25.0,80.0,1.0,1.0,1.0,1.0,0.0,1.0,0.0,0.0,0.0,0.0,0.0,SiLU,2020.0,Supervised,Image Classification,Regnet With Squeeze Excitation,Average
0.0,,24396624.0,90.0,,regnety,timm,regnety_080,,0.0,39.180068,0.0,regnety_080,45.8,1.0,1.0,1000,,17.0,2017000.0,928.0,281954.0,ImageNet-1K,17.0,56.0,1.0,1.0,1.0,1.0,0.0,1.0,0.0,0.0,0.0,0.0,0.0,SiLU,2020.0,Supervised,Image Classification,Regnet With Squeeze Excitation,Average
0.0,,31823792.0,100.0,,regnety,timm,regnety_120,,0.0,51.822544,0.0,regnety_120,50.8,0.875,1.0,1000,,19.0,2241000.0,928.0,645632.0,ImageNet-1K,19.0,62.0,1.0,1.0,1.0,1.0,0.0,1.0,0.0,0.0,0.0,0.0,0.0,SiLU,2020.0,Supervised,Image Classification,Regnet With Squeeze Excitation,Average
0.0,,54520424.0,95.0,,regnety,timm,regnety_160,,0.0,83.59014,0.0,regnety_160,48.3,1.0,1.0,1000,,18.0,3025000.0,928.0,645632.0,ImageNet-1K,18.0,59.0,1.0,1.0,1.0,1.0,0.0,1.0,0.0,0.0,0.0,0.0,0.0,SiLU,2020.0,Supervised,Image Classification,Regnet With Squeeze Excitation,Average
0.0,,92544162.0,105.0,,regnety,timm,regnety_320,,0.0,145.04677,0.0,regnety_320,53.3,0.875,1.0,1000,,20.0,3713000.0,928.0,1176306.0,ImageNet-1K,20.0,65.0,1.0,1.0,1.0,1.0,0.0,1.0,0.0,0.0,0.0,0.0,0.0,SiLU,2020.0,Supervised,Image Classification,Regnet With Squeeze Excitation,Average
0.0,,16740432.0,141.0,,regnetz,timm,regnetz_040,,0.0,27.1168,0.0,regnetz_040,71.3,1.0,1.0,1000,,28.0,529000.0,928.0,69524.0,ImageNet-1K,28.0,85.0,1.0,1.0,1.0,1.0,0.0,1.0,0.0,0.0,0.0,0.0,0.0,SiLU,2020.0,Supervised,Image Classification,Z Block with Inverted Bottlenecks,Average
0.0,,16740432.0,142.0,,regnetz,timm,regnetz_040h,,0.0,28.93888,0.0,regnetz_040h,71.7,1.0,1.0,1000,,28.0,1537000.0,928.0,69524.0,ImageNet-1K,28.0,86.0,1.0,1.0,1.0,1.0,0.0,1.0,0.0,0.0,0.0,0.0,0.0,SiLU,2020.0,Supervised,Image Classification,Z Block with Inverted Bottlenecks,Average
0.0,,7685456.0,112.0,,regnetz,timm,regnetz_b16,,0.0,9.71548,0.0,regnetz_b16,61.2,0.94,1.0,1000,,22.0,1537000.0,928.0,442368.0,ImageNet-1K,0.0,68.0,1.0,1.0,1.0,1.0,0.0,1.0,0.0,0.0,0.0,0.0,0.0,SiLU,2020.0,Supervised,Image Classification,Z Block with Inverted Bottlenecks,Average
0.0,,11416672.0,112.0,,regnetz,timm,regnetz_c16,,0.0,13.45988,0.0,regnetz_c16,61.2,0.94,1.0,1000,,22.0,1537000.0,928.0,442368.0,ImageNet-1K,0.0,68.0,1.0,1.0,1.0,1.0,0.0,1.0,0.0,0.0,0.0,0.0,0.0,SiLU,2020.0,Supervised,Image Classification,Z Block with Inverted Bottlenecks,Average
0.0,,11502880.0,112.0,,regnetz,timm,regnetz_c16_evos,,0.0,13.487816,0.0,regnetz_c16_evos,47.6,0.95,1.0,1000,,22.0,1537000.0,960.0,446976.0,ImageNet-1K,0.0,0.0,1.0,1.0,1.0,1.0,0.0,1.0,0.0,0.0,0.0,0.0,0.0,SiLU,2020.0,Supervised,Image Classification,Z Block with Inverted Bottlenecks,Average
0.0,,20774656.0,124.0,,regnetz,timm,regnetz_d8,,0.0,23.373792,0.0,regnetz_d8,67.8,1.0,1.0,1000,,24.0,1793000.0,26232.0,688128.0,ImageNet-1K,0.0,76.0,1.0,1.0,1.0,1.0,0.0,1.0,0.0,0.0,0.0,0.0,0.0,SiLU,2020.0,Supervised,Image Classification,Z Block with Inverted Bottlenecks,Average
0.0,,20901760.0,124.0,,regnetz,timm,regnetz_d8_evos,,0.0,23.464296,0.0,regnetz_d8_evos,52.6,0.95,1.0,1000,,24.0,1793000.0,76032.0,693504.0,ImageNet-1K,0.0,0.0,1.0,1.0,1.0,1.0,0.0,1.0,0.0,0.0,0.0,0.0,0.0,SiLU,2020.0,Supervised,Image Classification,Z Block with Inverted Bottlenecks,Average
0.0,,24977152.0,124.0,,regnetz,timm,regnetz_d32,,0.0,27.576288,0.0,regnetz_d32,67.8,0.95,1.0,1000,,24.0,1793000.0,26232.0,688128.0,ImageNet-1K,0.0,76.0,1.0,1.0,1.0,1.0,0.0,1.0,0.0,0.0,0.0,0.0,0.0,SiLU,2020.0,Supervised,Image Classification,Z Block with Inverted Bottlenecks,Average
0.0,,54406368.0,154.0,,regnetz,timm,regnetz_e8,,0.0,57.698176,0.0,regnetz_e8,83.9,1.0,1.0,1000,,30.0,2049000.0,26232.0,1048576.0,ImageNet-1K,0.0,94.0,1.0,1.0,1.0,1.0,0.0,1.0,0.0,0.0,0.0,0.0,0.0,SiLU,2020.0,Supervised,Image Classification,Z Block with Inverted Bottlenecks,Average
0.0,,26757120.0,44.0,,vgg,timm,repvgg_a2,,0.0,28.2106,0.0,repvgg_a2,37.2,0.875,1.0,1000,,0.0,1409000.0,2176.0,26757120.0,ImageNet-1K,0.0,61.0,1.0,0.0,1.0,0.0,0.0,0.0,0.0,0.0,0.0,1.0,0.0,0,2014.0,Supervised,Image Classification,Deep Architecture with 11 Layers,Max
0.0,,14499840.0,56.0,,vgg,timm,repvgg_b0,,0.0,15.81796,0.0,repvgg_b0,47.4,0.875,1.0,1000,,0.0,1281000.0,2176.0,14499840.0,ImageNet-1K,0.0,79.0,1.0,0.0,1.0,0.0,0.0,0.0,0.0,0.0,0.0,1.0,0.0,0,2014.0,Supervised,Image Classification,Deep Architecture with 11 Layers,Max
0.0,,55296000.0,56.0,,vgg,timm,repvgg_b1,,0.0,57.415016,0.0,repvgg_b1,47.4,0.875,1.0,1000,,0.0,2049000.0,2176.0,55296000.0,ImageNet-1K,0.0,79.0,1.0,0.0,1.0,0.0,0.0,0.0,0.0,0.0,0.0,1.0,0.0,0,2014.0,Supervised,Image Classification,Deep Architecture with 11 Layers,Max
0.0,,37847040.0,56.0,,vgg,timm,repvgg_b1g4,,0.0,39.966056,0.0,repvgg_b1g4,47.4,0.875,1.0,1000,,0.0,2049000.0,2176.0,37847040.0,ImageNet-1K,0.0,79.0,1.0,0.0,1.0,0.0,0.0,0.0,0.0,0.0,0.0,1.0,0.0,0,2014.0,Supervised,Image Classification,Deep Architecture with 11 Layers,Max
0.0,,86374400.0,56.0,,vgg,timm,repvgg_b2,,0.0,89.022376,0.0,repvgg_b2,47.4,0.875,1.0,1000,,0.0,2561000.0,2176.0,86374400.0,ImageNet-1K,0.0,79.0,1.0,0.0,1.0,0.0,0.0,0.0,0.0,0.0,0.0,1.0,0.0,0,2014.0,Supervised,Image Classification,Deep Architecture with 11 Layers,Max
0.0,,59110400.0,56.0,,vgg,timm,repvgg_b2g4,,0.0,61.758376,0.0,repvgg_b2g4,47.4,0.875,1.0,1000,,0.0,2561000.0,2176.0,59110400.0,ImageNet-1K,0.0,79.0,1.0,0.0,1.0,0.0,0.0,0.0,0.0,0.0,0.0,1.0,0.0,0,2014.0,Supervised,Image Classification,Deep Architecture with 11 Layers,Max
0.0,,120422400.0,56.0,,vgg,timm,repvgg_b3,,0.0,123.085288,0.0,repvgg_b3,47.4,0.875,1.0,1000,,0.0,2561000.0,2176.0,120422400.0,ImageNet-1K,0.0,79.0,1.0,0.0,1.0,0.0,0.0,0.0,0.0,0.0,0.0,1.0,0.0,0,2014.0,Supervised,Image Classification,Deep Architecture with 11 Layers,Max
0.0,,81162240.0,56.0,,vgg,timm,repvgg_b3g4,,0.0,83.825128,0.0,repvgg_b3g4,47.4,0.875,1.0,1000,,0.0,2561000.0,2176.0,81162240.0,ImageNet-1K,0.0,79.0,1.0,0.0,1.0,0.0,0.0,0.0,0.0,0.0,0.0,1.0,0.0,0,2014.0,Supervised,Image Classification,Deep Architecture with 11 Layers,Max
5.0,,14586976.0,149.0,,res2net,timm,res2net50_14w_8s,,0.0,25.059816,0.0,res2net50_14w_8s,38.1,0.875,1.0,1000,,0.0,2049000.0,9408.0,128.0,ImageNet-1K,0.0,149.0,1.0,1.0,1.0,1.0,0.0,1.0,0.0,0.0,0.0,1.0,0.0,0,2019.0,Supervised,"Image Classification, Object Detection, Image Segmentation",Hierarchical Residual-Like Connections,Average
5.0,,14998304.0,85.0,,res2net,timm,res2net50_26w_4s,,0.0,25.69912,0.0,res2net50_26w_4s,25.3,0.875,1.0,1000,,0.0,2049000.0,9408.0,128.0,ImageNet-1K,0.0,85.0,1.0,1.0,1.0,1.0,0.0,1.0,0.0,0.0,0.0,1.0,0.0,0,2019.0,Supervised,"Image Classification, Object Detection, Image Segmentation",Hierarchical Residual-Like Connections,Average
5.0,,22025376.0,117.0,,res2net,timm,res2net50_26w_6s,,0.0,37.051448,0.0,res2net50_26w_6s,31.7,0.875,1.0,1000,,0.0,2049000.0,9408.0,128.0,ImageNet-1K,0.0,117.0,1.0,1.0,1.0,1.0,0.0,1.0,0.0,0.0,0.0,1.0,0.0,0,2019.0,Supervised,"Image Classification, Object Detection, Image Segmentation",Hierarchical Residual-Like Connections,Average
5.0,,29052448.0,149.0,,res2net,timm,res2net50_26w_8s,,0.0,48.403776,0.0,res2net50_26w_8s,38.1,0.875,1.0,1000,,0.0,2049000.0,9408.0,128.0,ImageNet-1K,0.0,149.0,1.0,1.0,1.0,1.0,0.0,1.0,0.0,0.0,0.0,1.0,0.0,0,2019.0,Supervised,"Image Classification, Object Detection, Image Segmentation",Hierarchical Residual-Like Connections,Average
5.0,,14752512.0,53.0,,res2net,timm,res2net50_48w_2s,,0.0,25.287304,0.0,res2net50_48w_2s,18.9,0.875,1.0,1000,,0.0,2049000.0,9408.0,128.0,ImageNet-1K,0.0,53.0,1.0,1.0,1.0,1.0,0.0,1.0,0.0,0.0,0.0,1.0,0.0,0,2019.0,Supervised,"Image Classification, Object Detection, Image Segmentation",Hierarchical Residual-Like Connections,Average
5.0,,26705936.0,170.0,,res2net,timm,res2net101_26w_4s,,0.0,45.206688,0.0,res2net101_26w_4s,49.1,0.875,1.0,1000,,0.0,2049000.0,9408.0,128.0,ImageNet-1K,0.0,170.0,1.0,1.0,1.0,1.0,0.0,1.0,0.0,0.0,0.0,1.0,0.0,0,2019.0,Supervised,"Image Classification, Object Detection, Image Segmentation",Hierarchical Residual-Like Connections,Average
5.0,,14322176.0,85.0,,res2next,timm,res2next50,,0.0,24.671464,0.0,res2next50,25.3,0.875,1.0,1000,,0.0,2049000.0,9408.0,128.0,ImageNet-1K,0.0,85.0,1.0,1.0,1.0,1.0,0.0,1.0,0.0,0.0,0.0,1.0,0.0,0,2019.0,Supervised,"Image Classification, Object Detection, Image Segmentation",Enhanced Grouped Convolutions,Average
0.0,,14660592.0,1.0,,resmlp,timm,resmlp_12_224,,0.0,15.350872,0.0,resmlp_12_224,13.9,0.875,37.0,1000,,0.0,385000.0,295296.0,768.0,ImageNet-1K,0.0,0.0,1.0,0.0,1.0,0.0,0.0,1.0,0.0,1.0,0.0,0.0,1.0,0,2021.0,Self-Supervised,Image Classification,Residual MLP for Image Classification,Average
0.0,,14660592.0,1.0,,resmlp,timm,resmlp_12_224_dino,,0.0,15.350872,0.0,resmlp_12_224_dino,13.9,0.875,37.0,1000,,0.0,385000.0,295296.0,768.0,ImageNet-1K,0.0,0.0,1.0,0.0,1.0,0.0,0.0,1.0,0.0,1.0,0.0,0.0,1.0,0,2021.0,Self-Supervised,Image Classification,Residual MLP for Image Classification,Average
0.0,,14660592.0,1.0,,resmlp,timm,resmlp_12_distilled_224,,0.0,15.350872,0.0,resmlp_12_distilled_224,13.9,0.875,37.0,1000,,0.0,385000.0,295296.0,768.0,ImageNet-1K,0.0,0.0,1.0,0.0,1.0,0.0,0.0,1.0,0.0,1.0,0.0,0.0,1.0,0,2021.0,Self-Supervised,Image Classification,Residual MLP for Image Classification,Average
0.0,,29321184.0,1.0,,resmlp,timm,resmlp_24_224,,0.0,30.02068,0.0,resmlp_24_224,27.1,0.875,73.0,1000,,0.0,385000.0,295296.0,768.0,ImageNet-1K,0.0,0.0,1.0,0.0,1.0,0.0,0.0,1.0,0.0,1.0,0.0,0.0,1.0,0,2021.0,Self-Supervised,Image Classification,Residual MLP for Image Classification,Average
0.0,,29321184.0,1.0,,resmlp,timm,resmlp_24_224_dino,,0.0,30.02068,0.0,resmlp_24_224_dino,27.1,0.875,73.0,1000,,0.0,385000.0,295296.0,768.0,ImageNet-1K,0.0,0.0,1.0,0.0,1.0,0.0,0.0,1.0,0.0,1.0,0.0,0.0,1.0,0,2021.0,Self-Supervised,Image Classification,Residual MLP for Image Classification,Average
0.0,,29321184.0,1.0,,resmlp,timm,resmlp_24_distilled_224,,0.0,30.02068,0.0,resmlp_24_distilled_224,27.1,0.875,73.0,1000,,0.0,385000.0,295296.0,768.0,ImageNet-1K,0.0,0.0,1.0,0.0,1.0,0.0,0.0,1.0,0.0,1.0,0.0,0.0,1.0,0,2021.0,Self-Supervised,Image Classification,Residual MLP for Image Classification,Average
0.0,,43981776.0,1.0,,resmlp,timm,resmlp_36_224,,0.0,44.690488,0.0,resmlp_36_224,40.3,0.875,109.0,1000,,0.0,385000.0,295296.0,768.0,ImageNet-1K,0.0,0.0,1.0,0.0,1.0,0.0,0.0,1.0,0.0,1.0,0.0,0.0,1.0,0,2021.0,Self-Supervised,Image Classification,Residual MLP for Image Classification,Average
0.0,,43981776.0,1.0,,resmlp,timm,resmlp_36_distilled_224,,0.0,44.690488,0.0,resmlp_36_distilled_224,40.3,0.875,109.0,1000,,0.0,385000.0,295296.0,768.0,ImageNet-1K,0.0,0.0,1.0,0.0,1.0,0.0,0.0,1.0,0.0,1.0,0.0,0.0,1.0,0,2021.0,Self-Supervised,Image Classification,Residual MLP for Image Classification,Average
0.0,,128182656.0,1.0,,resmlp,timm,resmlp_big_24_224,,0.0,129.13828,0.0,resmlp_big_24_224,27.1,0.875,73.0,1000,,0.0,769000.0,148224.0,1536.0,ImageNet-1K,0.0,0.0,1.0,0.0,1.0,0.0,0.0,1.0,0.0,1.0,0.0,0.0,1.0,0,2021.0,Self-Supervised,Image Classification,Residual MLP for Image Classification,Average
0.0,,128182656.0,1.0,,resmlp,timm,resmlp_big_24_224_in22ft1k,,0.0,129.13828,0.0,resmlp_big_24_224_in22ft1k,27.1,0.875,73.0,1000,,0.0,769000.0,148224.0,1536.0,ImageNet-1K,0.0,0.0,1.0,0.0,1.0,0.0,0.0,1.0,0.0,1.0,0.0,0.0,1.0,0,2021.0,Self-Supervised,Image Classification,Residual MLP for Image Classification,Average
0.0,,128182656.0,1.0,,resmlp,timm,resmlp_big_24_distilled_224,,0.0,129.13828,0.0,resmlp_big_24_distilled_224,27.1,0.875,73.0,1000,,0.0,769000.0,148224.0,1536.0,ImageNet-1K,0.0,0.0,1.0,0.0,1.0,0.0,0.0,1.0,0.0,1.0,0.0,0.0,1.0,0,2021.0,Self-Supervised,Image Classification,Residual MLP for Image Classification,Average
7.0,,6435584.0,27.0,,resnest,timm,resnest14d,,0.0,10.611688,0.0,resnest14d,11.9,0.875,1.0,1000,,4.0,2049000.0,28640.0,128.0,ImageNet-1K,0.0,23.0,1.0,1.0,1.0,1.0,0.0,1.0,1.0,0.0,0.0,1.0,0.0,0,2020.0,Supervised,Image Classification,Split-Attention Mechanism,Average
7.0,,11294208.0,47.0,,resnest,timm,resnest26d,,0.0,17.069448,0.0,resnest26d,19.9,0.875,1.0,1000,,8.0,2049000.0,28640.0,128.0,ImageNet-1K,0.0,39.0,1.0,1.0,1.0,1.0,0.0,1.0,1.0,0.0,0.0,1.0,0.0,0,2020.0,Supervised,Image Classification,Split-Attention Mechanism,Average
7.0,,16152832.0,87.0,,resnest,timm,resnest50d,,0.0,27.48324,0.0,resnest50d,35.9,0.875,1.0,1000,,16.0,2049000.0,28640.0,128.0,ImageNet-1K,0.0,71.0,1.0,1.0,1.0,1.0,0.0,1.0,1.0,0.0,0.0,1.0,0.0,0,2020.0,Supervised,Image Classification,Split-Attention Mechanism,Average
7.0,,14980032.0,87.0,,resnest,timm,resnest50d_1s4x24d,,0.0,25.677,0.0,resnest50d_1s4x24d,35.9,0.875,1.0,1000,,16.0,2049000.0,28640.0,128.0,ImageNet-1K,0.0,71.0,1.0,1.0,1.0,1.0,0.0,1.0,1.0,0.0,0.0,1.0,0.0,0,2020.0,Supervised,Image Classification,Split-Attention Mechanism,Average
7.0,,17956736.0,87.0,,resnest,timm,resnest50d_4s2x40d,,0.0,30.417592,0.0,resnest50d_4s2x40d,35.9,0.875,1.0,1000,,16.0,2049000.0,28640.0,128.0,ImageNet-1K,0.0,71.0,1.0,1.0,1.0,1.0,0.0,1.0,1.0,0.0,0.0,1.0,0.0,0,2020.0,Supervised,Image Classification,Split-Attention Mechanism,Average
7.0,,28383872.0,172.0,,resnest,timm,resnest101e,,0.0,48.275016,0.0,resnest101e,69.9,0.875,1.0,1000,,33.0,2049000.0,112576.0,256.0,ImageNet-1K,0.0,139.0,1.0,1.0,1.0,1.0,0.0,1.0,1.0,0.0,0.0,1.0,0.0,0,2020.0,Supervised,Image Classification,Split-Attention Mechanism,Average
7.0,,44203520.0,337.0,,resnest,timm,resnest200e,,0.0,70.201544,0.0,resnest200e,135.9,0.909,1.0,1000,,66.0,2049000.0,112576.0,256.0,ImageNet-1K,0.0,271.0,1.0,1.0,1.0,1.0,0.0,1.0,1.0,0.0,0.0,1.0,0.0,0,2020.0,Supervised,Image Classification,Split-Attention Mechanism,Average
7.0,,58806272.0,452.0,,resnest,timm,resnest269e,,0.0,110.92948,0.0,resnest269e,181.9,0.928,1.0,1000,,89.0,2049000.0,112576.0,256.0,ImageNet-1K,0.0,363.0,1.0,1.0,1.0,1.0,0.0,1.0,1.0,0.0,0.0,1.0,0.0,0,2020.0,Supervised,Image Classification,Split-Attention Mechanism,Average
0.0,,16363520.0,37.0,,resnet,timm,resnet32ts,,0.0,17.963616,0.0,resnet32ts,26.5,0.9,1.0,1000,,10.0,1537000.0,26232.0,16363520.0,ImageNet-1K,0.0,37.0,1.0,1.0,1.0,1.0,0.0,1.0,0.0,0.0,0.0,1.0,0.0,0,2015.0,Supervised,"Image Classification, Object Detection, Image Segmentation",Deep Residual Learning for Image Recognition,"Max, Average"
1.0,,14964736.0,53.0,,resnet,timm,resnet50,,0.0,25.557032,0.0,resnet50,21.7,0.95,1.0,1000,,16.0,2049000.0,9408.0,128.0,ImageNet-1K,16.0,53.0,1.0,1.0,1.0,1.0,0.0,1.0,0.0,0.0,0.0,1.0,0.0,0,2015.0,Supervised,"Image Classification, Object Detection, Image Segmentation",Deep Residual Learning for Image Recognition,"Max, Average"
0.0,,31453184.0,67.0,,resnet,timm,resnet61q,,0.0,36.846968,0.0,resnet61q,43.4,1.0,1.0,1000,,14.0,2049000.0,97680.0,3145728.0,ImageNet-1K,0.0,67.0,1.0,1.0,1.0,1.0,0.0,1.0,0.0,0.0,0.0,1.0,0.0,0,2015.0,Supervised,"Image Classification, Object Detection, Image Segmentation",Deep Residual Learning for Image Recognition,"Max, Average"
1.0,,26090496.0,104.0,,resnet,timm,resnet101,,0.0,44.54916,0.0,resnet101,42.1,0.95,1.0,1000,,33.0,2049000.0,9408.0,128.0,ImageNet-1K,33.0,104.0,1.0,1.0,1.0,1.0,0.0,1.0,0.0,0.0,0.0,1.0,0.0,0,2015.0,Supervised,"Image Classification, Object Detection, Image Segmentation",Deep Residual Learning for Image Recognition,"Max, Average"
1.0,,40613888.0,155.0,,resnet,timm,resnet152,,0.0,60.192808,0.0,resnet152,62.5,0.95,1.0,1000,,50.0,2049000.0,9408.0,128.0,ImageNet-1K,50.0,155.0,1.0,1.0,1.0,1.0,0.0,1.0,0.0,0.0,0.0,1.0,0.0,0,2015.0,Supervised,"Image Classification, Object Detection, Image Segmentation",Deep Residual Learning for Image Recognition,"Max, Average"
3.0,,21263872.0,88.0,,resnet,timm,resnetrs50,,0.0,35.691912,0.0,resnetrs50,32.7,0.91,1.0,1000,,16.0,2049000.0,28640.0,128.0,ImageNet-1K,16.0,56.0,1.0,1.0,1.0,1.0,0.0,1.0,0.0,0.0,0.0,1.0,0.0,0,2015.0,Supervised,"Image Classification, Object Detection, Image Segmentation",Deep Residual Learning for Image Recognition,"Max, Average"
4.0,,23507520.0,56.0,,resnetv2,timm,resnetv2_50d_evos,,0.0,25.591368,0.0,resnetv2_50d_evos,16.8,0.95,0.0,1000,,16.0,2049000.0,28704.0,6144.0,ImageNet-1K,0.0,0.0,1.0,1.0,0.0,1.0,0.0,1.0,0.0,0.0,0.0,1.0,0.0,0,2016.0,Supervised,Image Classification,Pre-activation Residual Units,"Max, Average"
1.0,,42385408.0,105.0,,resnetv2,timm,resnetv2_101x1_bitm,,0.0,44.54148,0.0,resnetv2_101x1_bitm,49.7,1.0,0.0,1000,,33.0,2049000.0,9408.0,42385408.0,ImageNet-1K,0.0,0.0,1.0,1.0,0.0,1.0,0.0,1.0,0.0,0.0,0.0,1.0,0.0,0,2016.0,Supervised,Image Classification,Pre-activation Residual Units,"Max, Average"
1.0,,927727616.0,156.0,,resnetv2,timm,resnetv2_152x4_bitm,,0.0,936.533224,0.0,resnetv2_152x4_bitm,73.5,1.0,0.0,1000,,50.0,8193000.0,37632.0,927727616.0,ImageNet-1K,0.0,0.0,1.0,1.0,0.0,1.0,0.0,1.0,0.0,0.0,0.0,1.0,0.0,0,2016.0,Supervised,Image Classification,Pre-activation Residual Units,"Max, Average"
1.0,,8192000.0,31.0,,resnext,timm,resnext26ts,,0.0,10.297952,0.0,resnext26ts,22.2,0.9,1.0,1000,,8.0,2049000.0,26232.0,8192000.0,ImageNet-1K,0.0,31.0,1.0,1.0,1.0,1.0,0.0,1.0,0.0,0.0,0.0,1.0,0.0,0,2017.0,Supervised,Image Classification,Grouped Convolutions,"Max, Average"
1.0,,14544896.0,53.0,,resnext,timm,resnext50_32x4d,,0.0,25.028904,0.0,resnext50_32x4d,21.7,0.95,1.0,1000,,16.0,2049000.0,9408.0,128.0,ImageNet-1K,16.0,53.0,1.0,1.0,1.0,1.0,0.0,1.0,0.0,0.0,0.0,1.0,0.0,0,2017.0,Supervised,Image Classification,Grouped Convolutions,"Max, Average"
4.0,,14544896.0,55.0,,resnext,timm,resnext50d_32x4d,,0.0,25.048136,0.0,resnext50d_32x4d,22.8,0.875,1.0,1000,,16.0,2049000.0,28640.0,128.0,ImageNet-1K,16.0,55.0,1.0,1.0,1.0,1.0,0.0,1.0,0.0,0.0,0.0,1.0,0.0,0,2017.0,Supervised,Image Classification,Grouped Convolutions,"Max, Average"
1.0,,55160832.0,104.0,,resnext,timm,resnext101_32x8d,,0.0,88.791336,0.0,resnext101_32x8d,42.1,0.875,1.0,1000,,33.0,2049000.0,9408.0,128.0,ImageNet-1K,33.0,104.0,1.0,1.0,1.0,1.0,0.0,1.0,0.0,0.0,0.0,1.0,0.0,0,2017.0,Supervised,Image Classification,Grouped Convolutions,"Max, Average"
1.0,,51769344.0,104.0,,resnext,timm,resnext101_64x4d,,0.0,83.455272,0.0,resnext101_64x4d,42.1,1.0,1.0,1000,,33.0,2049000.0,9408.0,128.0,ImageNet-1K,33.0,104.0,1.0,1.0,1.0,1.0,0.0,1.0,0.0,0.0,0.0,1.0,0.0,0,2017.0,Supervised,Image Classification,Grouped Convolutions,"Max, Average"
0.0,,3475005.0,75.0,,rexnet,timm,rexnet_100,,0.0,4.796873,0.0,rexnet_100,36.3,0.875,1.0,1000,,16.0,1281000.0,928.0,3475005.0,ImageNet-1K,0.0,62.0,1.0,0.0,1.0,1.0,0.0,1.0,0.0,0.0,0.0,0.0,0.0,Swish,2020.0,Supervised,"Image Classification, Object Detection, Image Segmentation",Efficiency Improvements with Channel Design,Average
0.0,,5838933.0,75.0,,rexnet,timm,rexnet_130,,0.0,7.557091,0.0,rexnet_130,36.3,0.875,1.0,1000,,16.0,1665000.0,1218.0,5838933.0,ImageNet-1K,0.0,62.0,1.0,0.0,1.0,1.0,0.0,1.0,0.0,0.0,0.0,0.0,0.0,Swish,2020.0,Supervised,"Image Classification, Object Detection, Image Segmentation",Efficiency Improvements with Channel Design,Average
0.0,,7746279.0,75.0,,rexnet,timm,rexnet_150,,0.0,9.728593,0.0,rexnet_150,36.3,0.875,1.0,1000,,16.0,1921000.0,1392.0,7746279.0,ImageNet-1K,0.0,62.0,1.0,0.0,1.0,1.0,0.0,1.0,0.0,0.0,0.0,0.0,0.0,Swish,2020.0,Supervised,"Image Classification, Object Detection, Image Segmentation",Efficiency Improvements with Channel Design,Average
0.0,,13723884.0,75.0,,rexnet,timm,rexnet_200,,0.0,16.36662,0.0,rexnet_200,36.3,0.875,1.0,1000,,16.0,2561000.0,1856.0,13723884.0,ImageNet-1K,0.0,62.0,1.0,0.0,1.0,1.0,0.0,1.0,0.0,0.0,0.0,0.0,0.0,Swish,2020.0,Supervised,"Image Classification, Object Detection, Image Segmentation",Efficiency Improvements with Channel Design,Average
1.0,,10393856.0,50.0,,botnet,timm,sebotnet33ts_256,,0.0,13.701984,0.0,sebotnet33ts_256,29.9,0.94,1.0,1000,,10.0,1281000.0,26232.0,1966080.0,ImageNet-1K,0.0,38.0,1.0,1.0,1.0,1.0,0.0,1.0,1.0,0.0,1.0,1.0,1.0,0,2021.0,Supervised,"Image Classification, Object Detection, Image Segmentation",Transformer Blocks in ResNet,Average
0.0,,10383584.0,54.0,,halonet,timm,sehalonet33ts,,0.0,13.691712,0.0,sehalonet33ts,30.3,0.94,1.0,1000,,6.0,1281000.0,26232.0,1966080.0,ImageNet-1K,0.0,38.0,1.0,0.0,1.0,1.0,0.0,1.0,1.0,0.0,0.0,0.0,0.0,SiLU,2021.0,Supervised,"Image Classification, Object Detection, Image Segmentation",Halo Attention Mechanism,"Max, Average, Strided"
0.0,,26110336.0,41.0,,selecsls,timm,selecsls42b,,0.0,32.458248,0.0,selecsls42b,17.8,0.875,1.0,1000,,0.0,1025000.0,928.0,5321984.0,ImageNet-1K,0.0,41.0,1.0,0.0,1.0,1.0,0.0,1.0,0.0,0.0,0.0,1.0,0.0,0,2019.0,Supervised,"Image Classification, Object Detection",Long and Short Range Skip Connections,Average
0.0,,20553832.0,59.0,,selecsls,timm,selecsls60,,0.0,30.670768,0.0,selecsls60,25.3,0.875,1.0,1000,,0.0,1281000.0,928.0,8835008.0,ImageNet-1K,0.0,59.0,1.0,0.0,1.0,1.0,0.0,1.0,0.0,0.0,0.0,1.0,0.0,0,2019.0,Supervised,"Image Classification, Object Detection",Long and Short Range Skip Connections,Average
0.0,,22913128.0,59.0,,selecsls,timm,selecsls60b,,0.0,32.774064,0.0,selecsls60b,25.3,0.875,1.0,1000,,0.0,1025000.0,928.0,8835008.0,ImageNet-1K,0.0,59.0,1.0,0.0,1.0,1.0,0.0,1.0,0.0,0.0,0.0,1.0,0.0,0,2019.0,Supervised,"Image Classification, Object Detection",Long and Short Range Skip Connections,Average
0.0,,1296598.0,65.0,,nasnet,timm,semnasnet_075,,0.0,2.912278,0.0,semnasnet_075,28.9,0.875,1.0,1000,,0.0,1281000.0,648.0,307200.0,ImageNet-1K,0.0,49.0,1.0,1.0,1.0,0.0,0.0,1.0,0.0,0.0,0.0,1.0,0.0,0,2017.0,Supervised,"Image Classification, Object Detection",Neural Architecture Search,"Max, Average"
0.0,,2162086.0,65.0,,nasnet,timm,semnasnet_100,,0.0,3.887038,0.0,semnasnet_100,28.9,0.875,1.0,1000,,0.0,1281000.0,864.0,409600.0,ImageNet-1K,0.0,49.0,1.0,1.0,1.0,0.0,0.0,1.0,0.0,0.0,0.0,1.0,0.0,0,2017.0,Supervised,"Image Classification, Object Detection",Neural Architecture Search,"Max, Average"
0.0,,53884032.0,4.0,,sequencer2d,timm,sequencer2d_l,,0.0,54.298216,72.0,sequencer2d_l,52.1,0.875,109.0,1000,,0.0,385000.0,28416.0,768.0,ImageNet-1K,0.0,73.0,,,,,,,,,,,,,,,,,
0.0,,37893504.0,4.0,,sequencer2d,timm,sequencer2d_m,,0.0,38.307688,48.0,sequencer2d_m,35.3,0.875,73.0,1000,,0.0,385000.0,28416.0,768.0,ImageNet-1K,0.0,49.0,,,,,,,,,,,,,,,,,
0.0,,27237504.0,4.0,,sequencer2d,timm,sequencer2d_s,,0.0,27.651688,36.0,sequencer2d_s,26.9,0.875,55.0,1000,,0.0,385000.0,28416.0,768.0,ImageNet-1K,0.0,37.0,,,,,,,,,,,,,,,,,
0.0,,16466464.0,58.0,,seresnet,timm,seresnet33ts,,0.0,19.7792,0.0,seresnet33ts,31.9,0.9,1.0,1000,,10.0,1281000.0,26232.0,1966080.0,ImageNet-1K,0.0,38.0,1.0,1.0,1.0,1.0,0.0,1.0,0.0,0.0,0.0,1.0,0.0,0,2017.0,Supervised,"Image Classification, Object Detection",Squeeze-and-Excitation Block ResNet,Average
1.0,,16544128.0,85.0,,seresnet,timm,seresnet50,,0.0,28.088024,0.0,seresnet50,31.3,0.875,1.0,1000,,16.0,2049000.0,9408.0,128.0,ImageNet-1K,16.0,53.0,1.0,1.0,1.0,1.0,0.0,1.0,0.0,0.0,0.0,1.0,0.0,0,2017.0,Supervised,"Image Classification, Object Detection",Squeeze-and-Excitation Block ResNet,Average
4.0,,45371648.0,257.0,,seresnet,timm,seresnet152d,,0.0,66.84108,0.0,seresnet152d,93.6,1.0,1.0,1000,,50.0,2049000.0,28640.0,128.0,ImageNet-1K,50.0,157.0,1.0,1.0,1.0,1.0,0.0,1.0,0.0,0.0,0.0,1.0,0.0,0,2017.0,Supervised,"Image Classification, Object Detection",Squeeze-and-Excitation Block ResNet,Average
4.0,,11100416.0,47.0,,resnext,timm,seresnext26d_32x4d,,0.0,16.809512,0.0,seresnext26d_32x4d,18.0,0.875,1.0,1000,,8.0,2049000.0,28640.0,128.0,ImageNet-1K,8.0,31.0,1.0,1.0,1.0,1.0,0.0,1.0,0.0,0.0,0.0,1.0,0.0,0,2017.0,Supervised,Image Classification,Grouped Convolutions,"Max, Average"
4.0,,11100416.0,47.0,,resnext,timm,seresnext26t_32x4d,,0.0,16.806976,0.0,seresnext26t_32x4d,18.0,0.875,1.0,1000,,8.0,2049000.0,26104.0,128.0,ImageNet-1K,8.0,31.0,1.0,1.0,1.0,1.0,0.0,1.0,0.0,0.0,0.0,1.0,0.0,0,2017.0,Supervised,Image Classification,Grouped Convolutions,"Max, Average"
1.0,,8282112.0,47.0,,resnext,timm,seresnext26ts,,0.0,10.388064,0.0,seresnext26ts,26.2,0.9,1.0,1000,,8.0,2049000.0,26232.0,8282112.0,ImageNet-1K,0.0,31.0,1.0,1.0,1.0,1.0,0.0,1.0,0.0,0.0,0.0,1.0,0.0,0,2017.0,Supervised,Image Classification,Grouped Convolutions,"Max, Average"
1.0,,16124288.0,85.0,,resnext,timm,seresnext50_32x4d,,0.0,27.559896,0.0,seresnext50_32x4d,31.3,0.875,1.0,1000,,16.0,2049000.0,9408.0,128.0,ImageNet-1K,16.0,53.0,1.0,1.0,1.0,1.0,0.0,1.0,0.0,0.0,0.0,1.0,0.0,0,2017.0,Supervised,Image Classification,Grouped Convolutions,"Max, Average"
1.0,,58200512.0,170.0,,resnext,timm,seresnext101_32x8d,,0.0,93.569048,0.0,seresnext101_32x8d,61.9,1.0,1.0,1000,,33.0,2049000.0,9408.0,128.0,ImageNet-1K,33.0,104.0,1.0,1.0,1.0,1.0,0.0,1.0,0.0,0.0,0.0,1.0,0.0,0,2017.0,Supervised,Image Classification,Grouped Convolutions,"Max, Average"
4.0,,58200512.0,172.0,,resnext,timm,seresnext101d_32x8d,,0.0,93.58828,0.0,seresnext101d_32x8d,63.0,1.0,1.0,1000,,33.0,2049000.0,28640.0,128.0,ImageNet-1K,33.0,106.0,1.0,1.0,1.0,1.0,0.0,1.0,0.0,0.0,0.0,1.0,0.0,0,2017.0,Supervised,Image Classification,Grouped Convolutions,"Max, Average"
7.0,,58200512.0,172.0,,resnext,timm,seresnextaa101d_32x8d,,0.0,93.58828,0.0,seresnextaa101d_32x8d,63.0,1.0,1.0,1000,,33.0,2049000.0,28640.0,128.0,ImageNet-1K,33.0,106.0,1.0,1.0,1.0,1.0,0.0,1.0,0.0,0.0,0.0,1.0,0.0,0,2017.0,Supervised,Image Classification,Grouped Convolutions,"Max, Average"
1.0,,8586496.0,44.0,,resnet,timm,skresnet18,,0.0,11.958056,0.0,skresnet18,23.0,0.875,1.0,1000,,0.0,513000.0,9408.0,128.0,ImageNet-1K,0.0,36.0,1.0,1.0,1.0,1.0,0.0,1.0,0.0,0.0,0.0,1.0,0.0,0,2015.0,Supervised,"Image Classification, Object Detection, Image Segmentation",Deep Residual Learning for Image Recognition,"Max, Average"
1.0,,13403520.0,84.0,,resnet,timm,skresnet34,,0.0,22.282376,0.0,skresnet34,43.8,0.875,1.0,1000,,0.0,513000.0,9408.0,128.0,ImageNet-1K,0.0,68.0,1.0,1.0,1.0,1.0,0.0,1.0,0.0,0.0,0.0,1.0,0.0,0,2015.0,Supervised,"Image Classification, Object Detection, Image Segmentation",Deep Residual Learning for Image Recognition,"Max, Average"
1.0,,15995264.0,101.0,,skresnext,timm,skresnext50_32x4d,,0.0,27.479784,0.0,skresnext50_32x4d,52.1,0.875,1.0,1000,,16.0,2049000.0,9408.0,128.0,ImageNet-1K,0.0,85.0,1.0,1.0,1.0,1.0,0.0,1.0,0.0,0.0,0.0,1.0,0.0,0,2019.0,Supervised,Image Classification,Selective Kernel Units in ResNeXt,"Max, Average"
0.0,,2690648.0,64.0,,nasnet,timm,spnasnet_100,,0.0,4.421616,0.0,spnasnet_100,33.2,0.875,1.0,1000,,0.0,1281000.0,864.0,409600.0,ImageNet-1K,0.0,64.0,1.0,1.0,1.0,0.0,0.0,1.0,0.0,0.0,0.0,1.0,0.0,0,2017.0,Supervised,"Image Classification, Object Detection",Neural Architecture Search,"Max, Average"
1.0,,8393728.0,20.0,,resnet,timm,ssl_resnet18,,0.0,11.689512,0.0,ssl_resnet18,9.4,0.875,1.0,1000,,0.0,513000.0,9408.0,128.0,ImageNet-1K,8.0,20.0,1.0,1.0,1.0,1.0,0.0,1.0,0.0,0.0,0.0,1.0,0.0,0,2015.0,Supervised,"Image Classification, Object Detection, Image Segmentation",Deep Residual Learning for Image Recognition,"Max, Average"
1.0,,14964736.0,53.0,,resnet,timm,ssl_resnet50,,0.0,25.557032,0.0,ssl_resnet50,21.7,0.875,1.0,1000,,16.0,2049000.0,9408.0,128.0,ImageNet-1K,16.0,53.0,1.0,1.0,1.0,1.0,0.0,1.0,0.0,0.0,0.0,1.0,0.0,0,2015.0,Supervised,"Image Classification, Object Detection, Image Segmentation",Deep Residual Learning for Image Recognition,"Max, Average"
1.0,,14544896.0,53.0,,resnext,timm,ssl_resnext50_32x4d,,0.0,25.028904,0.0,ssl_resnext50_32x4d,21.7,0.875,1.0,1000,,16.0,2049000.0,9408.0,128.0,ImageNet-1K,16.0,53.0,1.0,1.0,1.0,1.0,0.0,1.0,0.0,0.0,0.0,1.0,0.0,0,2017.0,Supervised,Image Classification,Grouped Convolutions,"Max, Average"
1.0,,26171392.0,104.0,,resnext,timm,ssl_resnext101_32x4d,,0.0,44.177704,0.0,ssl_resnext101_32x4d,42.1,0.875,1.0,1000,,33.0,2049000.0,9408.0,128.0,ImageNet-1K,33.0,104.0,1.0,1.0,1.0,1.0,0.0,1.0,0.0,0.0,0.0,1.0,0.0,0,2017.0,Supervised,Image Classification,Grouped Convolutions,"Max, Average"
1.0,,55160832.0,104.0,,resnext,timm,ssl_resnext101_32x8d,,0.0,88.791336,0.0,ssl_resnext101_32x8d,42.1,0.875,1.0,1000,,33.0,2049000.0,9408.0,128.0,ImageNet-1K,33.0,104.0,1.0,1.0,1.0,1.0,0.0,1.0,0.0,0.0,0.0,1.0,0.0,0,2017.0,Supervised,Image Classification,Grouped Convolutions,"Max, Average"
1.0,,123314176.0,104.0,,resnext,timm,ssl_resnext101_32x16d,,0.0,194.026792,0.0,ssl_resnext101_32x16d,42.1,0.875,1.0,1000,,33.0,2049000.0,9408.0,128.0,ImageNet-1K,33.0,104.0,1.0,1.0,1.0,1.0,0.0,1.0,0.0,0.0,0.0,1.0,0.0,0,2017.0,Supervised,Image Classification,Grouped Convolutions,"Max, Average"
0.0,,86671104.0,1.0,,swin,timm,swin_base_patch4_window7_224,,49.0,87.768224,0.0,swin_base_patch4_window7_224,40.9,0.9,100.0,1000,,0.0,1025000.0,6528.0,2048.0,ImageNet-1K,0.0,53.0,0.0,0.0,1.0,0.0,0.0,1.0,1.0,1.0,1.0,0.0,1.0,0,2021.0,Supervised,"Image Classification, Object Detection, Image Segmentation",Shifted Windows for Hierarchical Vision Transformer,Average
0.0,,86671104.0,1.0,,swin,timm,swin_base_patch4_window7_224_in22k,,49.0,109.130249,0.0,swin_base_patch4_window7_224_in22k,40.9,0.9,100.0,21841,,0.0,22387025.0,6528.0,2048.0,ImageNet-21K,0.0,53.0,0.0,0.0,1.0,0.0,0.0,1.0,1.0,1.0,1.0,0.0,1.0,0,2021.0,Supervised,"Image Classification, Object Detection, Image Segmentation",Shifted Windows for Hierarchical Vision Transformer,Average
0.0,,86671104.0,1.0,,swin,timm,swin_base_patch4_window12_384,,49.0,87.903584,0.0,swin_base_patch4_window12_384,40.9,1.0,100.0,1000,,0.0,1025000.0,6528.0,2048.0,ImageNet-1K,0.0,53.0,0.0,0.0,1.0,0.0,0.0,1.0,1.0,1.0,1.0,0.0,1.0,0,2021.0,Supervised,"Image Classification, Object Detection, Image Segmentation",Shifted Windows for Hierarchical Vision Transformer,Average
0.0,,86671104.0,1.0,,swin,timm,swin_base_patch4_window12_384_in22k,,49.0,109.265609,0.0,swin_base_patch4_window12_384_in22k,40.9,1.0,100.0,21841,,0.0,22387025.0,6528.0,2048.0,ImageNet-21K,0.0,53.0,0.0,0.0,1.0,0.0,0.0,1.0,1.0,1.0,1.0,0.0,1.0,0,2021.0,Supervised,"Image Classification, Object Detection, Image Segmentation",Shifted Windows for Hierarchical Vision Transformer,Average
0.0,,194887296.0,1.0,,swin,timm,swin_large_patch4_window7_224,,49.0,196.532476,0.0,swin_large_patch4_window7_224,40.9,0.9,100.0,1000,,0.0,1537000.0,9792.0,3072.0,ImageNet-1K,0.0,53.0,0.0,0.0,1.0,0.0,0.0,1.0,1.0,1.0,1.0,0.0,1.0,0,2021.0,Supervised,"Image Classification, Object Detection, Image Segmentation",Shifted Windows for Hierarchical Vision Transformer,Average
0.0,,194887296.0,1.0,,swin,timm,swin_large_patch4_window7_224_in22k,,49.0,228.565093,0.0,swin_large_patch4_window7_224_in22k,40.9,0.9,100.0,21841,,0.0,33569617.0,9792.0,3072.0,ImageNet-21K,0.0,53.0,0.0,0.0,1.0,0.0,0.0,1.0,1.0,1.0,1.0,0.0,1.0,0,2021.0,Supervised,"Image Classification, Object Detection, Image Segmentation",Shifted Windows for Hierarchical Vision Transformer,Average
0.0,,194887296.0,1.0,,swin,timm,swin_large_patch4_window12_384,,49.0,196.735516,0.0,swin_large_patch4_window12_384,40.9,1.0,100.0,1000,,0.0,1537000.0,9792.0,3072.0,ImageNet-1K,0.0,53.0,0.0,0.0,1.0,0.0,0.0,1.0,1.0,1.0,1.0,0.0,1.0,0,2021.0,Supervised,"Image Classification, Object Detection, Image Segmentation",Shifted Windows for Hierarchical Vision Transformer,Average
0.0,,194887296.0,1.0,,swin,timm,swin_large_patch4_window12_384_in22k,,49.0,228.768133,0.0,swin_large_patch4_window12_384_in22k,40.9,1.0,100.0,21841,,0.0,33569617.0,9792.0,3072.0,ImageNet-21K,0.0,53.0,0.0,0.0,1.0,0.0,0.0,1.0,1.0,1.0,1.0,0.0,1.0,0,2021.0,Supervised,"Image Classification, Object Detection, Image Segmentation",Shifted Windows for Hierarchical Vision Transformer,Average
0.0,,70076736.0,1.0,,swin,timm,swin_s3_base_224,,73.0,71.125762,0.0,swin_s3_base_224,60.1,0.9,148.0,1000,,0.0,769000.0,4896.0,1536.0,ImageNet-1K,0.0,77.0,0.0,0.0,1.0,0.0,0.0,1.0,1.0,1.0,1.0,0.0,1.0,0,2021.0,Supervised,"Image Classification, Object Detection, Image Segmentation",Shifted Windows for Hierarchical Vision Transformer,Average
0.0,,48783168.0,1.0,,swin,timm,swin_s3_small_224,,49.0,49.737298,0.0,swin_s3_small_224,40.9,0.9,100.0,1000,,0.0,769000.0,4896.0,1536.0,ImageNet-1K,0.0,53.0,0.0,0.0,1.0,0.0,0.0,1.0,1.0,1.0,1.0,0.0,1.0,0,2021.0,Supervised,"Image Classification, Object Detection, Image Segmentation",Shifted Windows for Hierarchical Vision Transformer,Average
0.0,,27489600.0,1.0,,swin,timm,swin_s3_tiny_224,,25.0,28.328674,0.0,swin_s3_tiny_224,21.7,0.9,52.0,1000,,0.0,769000.0,4896.0,1536.0,ImageNet-1K,0.0,29.0,0.0,0.0,1.0,0.0,0.0,1.0,1.0,1.0,1.0,0.0,1.0,0,2021.0,Supervised,"Image Classification, Object Detection, Image Segmentation",Shifted Windows for Hierarchical Vision Transformer,Average
0.0,,48783168.0,1.0,,swin,timm,swin_small_patch4_window7_224,,49.0,49.606258,0.0,swin_small_patch4_window7_224,40.9,0.9,100.0,1000,,0.0,769000.0,4896.0,1536.0,ImageNet-1K,0.0,53.0,0.0,0.0,1.0,0.0,0.0,1.0,1.0,1.0,1.0,0.0,1.0,0,2021.0,Supervised,"Image Classification, Object Detection, Image Segmentation",Shifted Windows for Hierarchical Vision Transformer,Average
0.0,,27489600.0,1.0,,swin,timm,swin_tiny_patch4_window7_224,,25.0,28.288354,0.0,swin_tiny_patch4_window7_224,21.7,0.9,52.0,1000,,0.0,769000.0,4896.0,1536.0,ImageNet-1K,0.0,29.0,0.0,0.0,1.0,0.0,0.0,1.0,1.0,1.0,1.0,0.0,1.0,0,2021.0,Supervised,"Image Classification, Object Detection, Image Segmentation",Shifted Windows for Hierarchical Vision Transformer,Average
0.0,,86860800.0,1.0,,swin,timm,swinv2_base_window8_256,,49.0,87.918816,0.0,swinv2_base_window8_256,53.0,0.9,148.0,1000,,0.0,1025000.0,6528.0,2048.0,ImageNet-1K,0.0,53.0,0.0,0.0,1.0,0.0,0.0,1.0,1.0,1.0,1.0,0.0,1.0,0,2021.0,Supervised,"Image Classification, Object Detection, Image Segmentation",Shifted Windows for Hierarchical Vision Transformer,Average
0.0,,86860800.0,1.0,,swin,timm,swinv2_base_window12_192_22k,,49.0,109.280841,0.0,swinv2_base_window12_192_22k,53.0,0.9,148.0,21841,,0.0,22387025.0,6528.0,2048.0,ImageNet-21K,0.0,53.0,0.0,0.0,1.0,0.0,0.0,1.0,1.0,1.0,1.0,0.0,1.0,0,2021.0,Supervised,"Image Classification, Object Detection, Image Segmentation",Shifted Windows for Hierarchical Vision Transformer,Average
0.0,,86860800.0,1.0,,swin,timm,swinv2_base_window12to16_192to256_22kft1k,,49.0,87.918816,0.0,swinv2_base_window12to16_192to256_22kft1k,53.0,0.9,148.0,1000,,0.0,1025000.0,6528.0,2048.0,ImageNet-1K,0.0,53.0,0.0,0.0,1.0,0.0,0.0,1.0,1.0,1.0,1.0,0.0,1.0,0,2021.0,Supervised,"Image Classification, Object Detection, Image Segmentation",Shifted Windows for Hierarchical Vision Transformer,Average
0.0,,86860800.0,1.0,,swin,timm,swinv2_base_window12to24_192to384_22kft1k,,49.0,87.918816,0.0,swinv2_base_window12to24_192to384_22kft1k,53.0,1.0,148.0,1000,,0.0,1025000.0,6528.0,2048.0,ImageNet-1K,0.0,53.0,0.0,0.0,1.0,0.0,0.0,1.0,1.0,1.0,1.0,0.0,1.0,0,2021.0,Supervised,"Image Classification, Object Detection, Image Segmentation",Shifted Windows for Hierarchical Vision Transformer,Average
0.0,,86860800.0,1.0,,swin,timm,swinv2_base_window16_256,,49.0,87.918816,0.0,swinv2_base_window16_256,53.0,0.9,148.0,1000,,0.0,1025000.0,6528.0,2048.0,ImageNet-1K,0.0,53.0,0.0,0.0,1.0,0.0,0.0,1.0,1.0,1.0,1.0,0.0,1.0,0,2021.0,Supervised,"Image Classification, Object Detection, Image Segmentation",Shifted Windows for Hierarchical Vision Transformer,Average
0.0,,48920922.0,1.0,,swin,timm,swinv2_cr_small_224,,53.0,49.6951,0.0,swinv2_cr_small_224,57.6,0.9,148.0,1000,,0.0,769000.0,4896.0,48920922.0,ImageNet-1K,0.0,53.0,0.0,0.0,1.0,0.0,0.0,1.0,1.0,1.0,1.0,0.0,1.0,0,2021.0,Supervised,"Image Classification, Object Detection, Image Segmentation",Shifted Windows for Hierarchical Vision Transformer,Average
0.0,,48922266.0,1.0,,swin,timm,swinv2_cr_small_ns_224,,53.0,49.696444,0.0,swinv2_cr_small_ns_224,57.6,0.9,148.0,1000,,0.0,769000.0,4896.0,48922266.0,ImageNet-1K,0.0,56.0,0.0,0.0,1.0,0.0,0.0,1.0,1.0,1.0,1.0,0.0,1.0,0,2021.0,Supervised,"Image Classification, Object Detection, Image Segmentation",Shifted Windows for Hierarchical Vision Transformer,Average
0.0,,27559434.0,1.0,,swin,timm,swinv2_cr_tiny_ns_224,,29.0,28.333468,0.0,swinv2_cr_tiny_ns_224,30.0,0.9,76.0,1000,,0.0,769000.0,4896.0,27559434.0,ImageNet-1K,0.0,32.0,0.0,0.0,1.0,0.0,0.0,1.0,1.0,1.0,1.0,0.0,1.0,0,2021.0,Supervised,"Image Classification, Object Detection, Image Segmentation",Shifted Windows for Hierarchical Vision Transformer,Average
0.0,,195153408.0,1.0,,swin,timm,swinv2_large_window12_192_22k,,49.0,228.772549,0.0,swinv2_large_window12_192_22k,53.0,0.9,148.0,21841,,0.0,33569617.0,9792.0,3072.0,ImageNet-21K,0.0,53.0,0.0,0.0,1.0,0.0,0.0,1.0,1.0,1.0,1.0,0.0,1.0,0,2021.0,Supervised,"Image Classification, Object Detection, Image Segmentation",Shifted Windows for Hierarchical Vision Transformer,Average
0.0,,195153408.0,1.0,,swin,timm,swinv2_large_window12to16_192to256_22kft1k,,49.0,196.739932,0.0,swinv2_large_window12to16_192to256_22kft1k,53.0,0.9,148.0,1000,,0.0,1537000.0,9792.0,3072.0,ImageNet-1K,0.0,53.0,0.0,0.0,1.0,0.0,0.0,1.0,1.0,1.0,1.0,0.0,1.0,0,2021.0,Supervised,"Image Classification, Object Detection, Image Segmentation",Shifted Windows for Hierarchical Vision Transformer,Average
0.0,,195153408.0,1.0,,swin,timm,swinv2_large_window12to24_192to384_22kft1k,,49.0,196.739932,0.0,swinv2_large_window12to24_192to384_22kft1k,53.0,1.0,148.0,1000,,0.0,1537000.0,9792.0,3072.0,ImageNet-1K,0.0,53.0,0.0,0.0,1.0,0.0,0.0,1.0,1.0,1.0,1.0,0.0,1.0,0,2021.0,Supervised,"Image Classification, Object Detection, Image Segmentation",Shifted Windows for Hierarchical Vision Transformer,Average
0.0,,48934656.0,1.0,,swin,timm,swinv2_small_window8_256,,49.0,49.728418,0.0,swinv2_small_window8_256,53.0,0.9,148.0,1000,,0.0,769000.0,4896.0,1536.0,ImageNet-1K,0.0,53.0,0.0,0.0,1.0,0.0,0.0,1.0,1.0,1.0,1.0,0.0,1.0,0,2021.0,Supervised,"Image Classification, Object Detection, Image Segmentation",Shifted Windows for Hierarchical Vision Transformer,Average
0.0,,48934656.0,1.0,,swin,timm,swinv2_small_window16_256,,49.0,49.728418,0.0,swinv2_small_window16_256,53.0,0.9,148.0,1000,,0.0,769000.0,4896.0,1536.0,ImageNet-1K,0.0,53.0,0.0,0.0,1.0,0.0,0.0,1.0,1.0,1.0,1.0,0.0,1.0,0,2021.0,Supervised,"Image Classification, Object Detection, Image Segmentation",Shifted Windows for Hierarchical Vision Transformer,Average
0.0,,27562752.0,1.0,,swin,timm,swinv2_tiny_window8_256,,25.0,28.347154,0.0,swinv2_tiny_window8_256,27.8,0.9,76.0,1000,,0.0,769000.0,4896.0,1536.0,ImageNet-1K,0.0,29.0,0.0,0.0,1.0,0.0,0.0,1.0,1.0,1.0,1.0,0.0,1.0,0,2021.0,Supervised,"Image Classification, Object Detection, Image Segmentation",Shifted Windows for Hierarchical Vision Transformer,Average
0.0,,27562752.0,1.0,,swin,timm,swinv2_tiny_window16_256,,25.0,28.347154,0.0,swinv2_tiny_window16_256,27.8,0.9,76.0,1000,,0.0,769000.0,4896.0,1536.0,ImageNet-1K,0.0,29.0,0.0,0.0,1.0,0.0,0.0,1.0,1.0,1.0,1.0,0.0,1.0,0,2021.0,Supervised,"Image Classification, Object Detection, Image Segmentation",Shifted Windows for Hierarchical Vision Transformer,Average
1.0,,8393728.0,20.0,,resnet,timm,swsl_resnet18,,0.0,11.689512,0.0,swsl_resnet18,9.4,0.875,1.0,1000,,0.0,513000.0,9408.0,128.0,ImageNet-1K,8.0,20.0,1.0,1.0,1.0,1.0,0.0,1.0,0.0,0.0,0.0,1.0,0.0,0,2015.0,Supervised,"Image Classification, Object Detection, Image Segmentation",Deep Residual Learning for Image Recognition,"Max, Average"
1.0,,14964736.0,53.0,,resnet,timm,swsl_resnet50,,0.0,25.557032,0.0,swsl_resnet50,21.7,0.875,1.0,1000,,16.0,2049000.0,9408.0,128.0,ImageNet-1K,16.0,53.0,1.0,1.0,1.0,1.0,0.0,1.0,0.0,0.0,0.0,1.0,0.0,0,2015.0,Supervised,"Image Classification, Object Detection, Image Segmentation",Deep Residual Learning for Image Recognition,"Max, Average"
1.0,,14544896.0,53.0,,resnext,timm,swsl_resnext50_32x4d,,0.0,25.028904,0.0,swsl_resnext50_32x4d,21.7,0.875,1.0,1000,,16.0,2049000.0,9408.0,128.0,ImageNet-1K,16.0,53.0,1.0,1.0,1.0,1.0,0.0,1.0,0.0,0.0,0.0,1.0,0.0,0,2017.0,Supervised,Image Classification,Grouped Convolutions,"Max, Average"
1.0,,26171392.0,104.0,,resnext,timm,swsl_resnext101_32x4d,,0.0,44.177704,0.0,swsl_resnext101_32x4d,42.1,0.875,1.0,1000,,33.0,2049000.0,9408.0,128.0,ImageNet-1K,33.0,104.0,1.0,1.0,1.0,1.0,0.0,1.0,0.0,0.0,0.0,1.0,0.0,0,2017.0,Supervised,Image Classification,Grouped Convolutions,"Max, Average"
1.0,,55160832.0,104.0,,resnext,timm,swsl_resnext101_32x8d,,0.0,88.791336,0.0,swsl_resnext101_32x8d,42.1,0.875,1.0,1000,,33.0,2049000.0,9408.0,128.0,ImageNet-1K,33.0,104.0,1.0,1.0,1.0,1.0,0.0,1.0,0.0,0.0,0.0,1.0,0.0,0,2017.0,Supervised,Image Classification,Grouped Convolutions,"Max, Average"
1.0,,123314176.0,104.0,,resnext,timm,swsl_resnext101_32x16d,,0.0,194.026792,0.0,swsl_resnext101_32x16d,42.1,0.875,1.0,1000,,33.0,2049000.0,9408.0,128.0,ImageNet-1K,33.0,104.0,1.0,1.0,1.0,1.0,0.0,1.0,0.0,0.0,0.0,1.0,0.0,0,2017.0,Supervised,Image Classification,Grouped Convolutions,"Max, Average"
0.0,,7136946.0,115.0,,efficientnet,timm,tf_efficientnet_b2_ap,,0.0,9.109994,0.0,tf_efficientnet_b2_ap,45.0,0.89,1.0,1000,,0.0,1409000.0,864.0,495616.0,ImageNet-1K,0.0,69.0,1.0,1.0,1.0,1.0,0.0,1.0,0.0,0.0,0.0,1.0,0.0,0,2019.0,Supervised,Image Classification,Compound Scaling Method,Average
0.0,,27118176.0,194.0,,efficientnet,timm,tf_efficientnet_b5,,0.0,30.389784,0.0,tf_efficientnet_b5,75.0,0.934,1.0,1000,,0.0,2049000.0,1296.0,1048576.0,ImageNet-1K,0.0,116.0,1.0,1.0,1.0,1.0,0.0,1.0,0.0,0.0,0.0,1.0,0.0,0,2019.0,Supervised,Image Classification,Compound Scaling Method,Average
0.0,,61836112.0,273.0,,efficientnet,timm,tf_efficientnet_b7_ns,,0.0,66.34796,0.0,tf_efficientnet_b7_ns,105.0,0.949,1.0,1000,,0.0,2561000.0,1728.0,1638400.0,ImageNet-1K,0.0,163.0,1.0,1.0,1.0,1.0,0.0,1.0,0.0,0.0,0.0,1.0,0.0,0,2019.0,Supervised,Image Classification,Compound Scaling Method,Average
0.0,,3859328.0,49.0,,efficientnet,timm,tf_efficientnet_es,,0.0,5.438392,0.0,tf_efficientnet_es,26.2,0.875,1.0,1000,,0.0,1281000.0,864.0,245760.0,ImageNet-1K,0.0,49.0,1.0,1.0,1.0,1.0,0.0,1.0,0.0,0.0,0.0,1.0,0.0,0,2019.0,Supervised,Image Classification,Compound Scaling Method,Average
0.0,,5551472.0,91.0,,efficientnetv2,timm,tf_efficientnetv2_b0,,0.0,7.139704,0.0,tf_efficientnetv2_b0,37.4,0.875,1.0,1000,,0.0,1281000.0,864.0,245760.0,ImageNet-1K,0.0,59.0,1.0,1.0,1.0,0.0,0.0,1.0,0.0,0.0,0.0,1.0,0.0,0,2021.0,Supervised,Image Classification,Training-aware Optimizations,"Max, Average"
0.0,,51910316.0,245.0,,efficientnetv2,timm,tf_efficientnetv2_m_in21ft1k,,0.0,54.139356,0.0,tf_efficientnetv2_m_in21ft1k,98.5,1.0,1.0,1000,,0.0,1281000.0,648.0,655360.0,ImageNet-1K,0.0,157.0,1.0,1.0,1.0,0.0,0.0,1.0,0.0,0.0,0.0,1.0,0.0,0,2021.0,Supervised,Image Classification,Training-aware Optimizations,"Max, Average"
2.0,,6076800.0,94.0,,inception_v3,timm,tf_inception_v3,,0.0,23.834568,0.0,tf_inception_v3,30.0,0.875,1.0,1000,,0.0,2049000.0,928.0,5280.0,ImageNet-1K,0.0,94.0,1.0,0.0,1.0,0.0,0.0,0.0,0.0,0.0,0.0,1.0,0.0,0,2015.0,Supervised,Image Classification,"Label Smoothing, Factorized Convolutions","Max, Average"
0.0,,5331612.0,155.0,,mixnet,timm,tf_mixnet_l,,0.0,7.329252,0.0,tf_mixnet_l,47.1,0.875,1.0,1000,,0.0,1537000.0,864.0,405504.0,ImageNet-1K,0.0,58.0,1.0,0.0,1.0,0.0,0.0,0.0,0.0,0.0,0.0,1.0,0.0,0,2019.0,Supervised,Image Classification,Mixed Depthwise Convolutional Layers,Average
0.0,,3127822.0,155.0,,mixnet,timm,tf_mixnet_m,,0.0,5.014382,0.0,tf_mixnet_m,47.1,0.875,1.0,1000,,0.0,1537000.0,648.0,307200.0,ImageNet-1K,0.0,58.0,1.0,0.0,1.0,0.0,0.0,0.0,0.0,0.0,0.0,1.0,0.0,0,2019.0,Supervised,Image Classification,Mixed Depthwise Convolutional Layers,Average
0.0,,2257782.0,123.0,,mixnet,timm,tf_mixnet_s,,0.0,4.134606,0.0,tf_mixnet_s,39.0,0.875,1.0,1000,,0.0,1537000.0,432.0,307200.0,ImageNet-1K,0.0,49.0,1.0,0.0,1.0,0.0,0.0,0.0,0.0,0.0,0.0,1.0,0.0,0,2019.0,Supervised,Image Classification,Mixed Depthwise Convolutional Layers,Average
0.0,,4444508.0,96.0,,tinynet,timm,tinynet_a,,0.0,6.187972,0.0,tinynet_a,37.8,0.875,1.0,1000,,0.0,1281000.0,864.0,409600.0,ImageNet-1K,0.0,58.0,1.0,1.0,1.0,1.0,0.0,1.0,0.0,0.0,0.0,1.0,0.0,0,2020.0,Supervised,"Image Classification, Object Detection",Efficiency and Compactness Modeling Scheme Applied to EfficientNet,Average
0.0,,2108170.0,81.0,,tinynet,timm,tinynet_b,,0.0,3.730562,0.0,tinynet_b,32.1,0.875,1.0,1000,,0.0,1281000.0,864.0,307200.0,ImageNet-1K,0.0,49.0,1.0,1.0,1.0,1.0,0.0,1.0,0.0,0.0,0.0,1.0,0.0,0,2020.0,Supervised,"Image Classification, Object Detection",Efficiency and Compactness Modeling Scheme Applied to EfficientNet,Average
0.0,,928538.0,76.0,,tinynet,timm,tinynet_c,,0.0,2.457234,0.0,tinynet_c,30.2,0.875,1.0,1000,,0.0,1281000.0,864.0,225280.0,ImageNet-1K,0.0,46.0,1.0,1.0,1.0,1.0,0.0,1.0,0.0,0.0,0.0,1.0,0.0,0,2020.0,Supervised,"Image Classification, Object Detection",Efficiency and Compactness Modeling Scheme Applied to EfficientNet,Average
0.0,,813494.0,56.0,,tinynet,timm,tinynet_d,,0.0,2.338446,0.0,tinynet_d,22.6,0.875,1.0,1000,,0.0,1281000.0,864.0,225280.0,ImageNet-1K,0.0,34.0,1.0,1.0,1.0,1.0,0.0,1.0,0.0,0.0,0.0,1.0,0.0,0,2020.0,Supervised,"Image Classification, Object Detection",Efficiency and Compactness Modeling Scheme Applied to EfficientNet,Average
0.0,,542068.0,51.0,,tinynet,timm,tinynet_e,,0.0,2.042972,0.0,tinynet_e,20.7,0.875,1.0,1000,,0.0,1281000.0,864.0,204800.0,ImageNet-1K,0.0,31.0,1.0,1.0,1.0,1.0,0.0,1.0,0.0,0.0,0.0,1.0,0.0,0,2020.0,Supervised,"Image Classification, Object Detection",Efficiency and Compactness Modeling Scheme Applied to EfficientNet,Average
0.0,,23140224.0,1.0,,tnt,timm,tnt_s_patch16_224,,24.0,23.755336,0.0,tnt_s_patch16_224,39.5,0.9,134.0,1000,,0.0,385000.0,3552.0,768.0,ImageNet-1K,0.0,63.0,0.0,0.0,1.0,0.0,0.0,1.0,1.0,1.0,1.0,0.0,1.0,0,2021.0,Supervised,"Image Classification, Object Detection, Image Segmentation",Transformer Patches within Transformer Patches,Average
3.0,,,139.0,,tresnet,timm,tresnet_l,,0.0,55.989256,0.0,tresnet_l,50.2,0.875,1.0,1000,,21.0,2433000.0,53556256.0,,ImageNet-1K,30.0,0.0,1.0,1.0,1.0,1.0,0.0,1.0,0.0,0.0,0.0,1.0,0.0,0,2020.0,Supervised,"Image Classification, Object Detection",ResNet optimized for GPU Architecture,"Max, Average"
3.0,,,139.0,,tresnet,timm,tresnet_l_448,,0.0,55.989256,0.0,tresnet_l_448,50.2,0.875,1.0,1000,,21.0,2433000.0,53556256.0,,ImageNet-1K,30.0,0.0,1.0,1.0,1.0,1.0,0.0,1.0,0.0,0.0,0.0,1.0,0.0,0,2020.0,Supervised,"Image Classification, Object Detection",ResNet optimized for GPU Architecture,"Max, Average"
3.0,,,96.0,,tresnet,timm,tresnet_m,,0.0,31.389032,0.0,tresnet_m,35.5,0.875,1.0,1000,,14.0,2049000.0,29340032.0,,ImageNet-1K,21.0,0.0,1.0,1.0,1.0,1.0,0.0,1.0,0.0,0.0,0.0,1.0,0.0,0,2020.0,Supervised,"Image Classification, Object Detection",ResNet optimized for GPU Architecture,"Max, Average"
3.0,,,96.0,,tresnet,timm,tresnet_m_448,,0.0,31.389032,0.0,tresnet_m_448,35.5,0.875,1.0,1000,,14.0,2049000.0,29340032.0,,ImageNet-1K,21.0,0.0,1.0,1.0,1.0,1.0,0.0,1.0,0.0,0.0,0.0,1.0,0.0,0,2020.0,Supervised,"Image Classification, Object Detection",ResNet optimized for GPU Architecture,"Max, Average"
3.0,,,96.0,,tresnet,timm,tresnet_m_miil_in21k,,0.0,52.331861,0.0,tresnet_m_miil_in21k,35.5,0.875,1.0,11221,,14.0,22991829.0,29340032.0,,ImageNet-21K-P,21.0,0.0,1.0,1.0,1.0,1.0,0.0,1.0,0.0,0.0,0.0,1.0,0.0,0,2020.0,Supervised,"Image Classification, Object Detection",ResNet optimized for GPU Architecture,"Max, Average"
3.0,,,164.0,,tresnet,timm,tresnet_v2_l,,0.0,46.174824,0.0,tresnet_v2_l,58.4,0.875,1.0,1000,,33.0,2049000.0,44125824.0,,ImageNet-1K,33.0,0.0,1.0,1.0,1.0,1.0,0.0,1.0,0.0,0.0,0.0,1.0,0.0,0,2020.0,Supervised,"Image Classification, Object Detection",ResNet optimized for GPU Architecture,"Max, Average"
3.0,,,169.0,,tresnet,timm,tresnet_xl,,0.0,78.436244,0.0,tresnet_xl,60.4,0.875,1.0,1000,,27.0,2657000.0,75779244.0,,ImageNet-1K,36.0,0.0,1.0,1.0,1.0,1.0,0.0,1.0,0.0,0.0,0.0,1.0,0.0,0,2020.0,Supervised,"Image Classification, Object Detection",ResNet optimized for GPU Architecture,"Max, Average"
3.0,,,169.0,,tresnet,timm,tresnet_xl_448,,0.0,78.436244,0.0,tresnet_xl_448,60.4,0.875,1.0,1000,,27.0,2657000.0,75779244.0,,ImageNet-1K,36.0,0.0,1.0,1.0,1.0,1.0,0.0,1.0,0.0,0.0,0.0,1.0,0.0,0,2020.0,Supervised,"Image Classification, Object Detection",ResNet optimized for GPU Architecture,"Max, Average"
1.0,,13114368.0,36.0,,resnet,timm,tv_resnet34,,0.0,21.797672,0.0,tv_resnet34,16.6,0.875,1.0,1000,,0.0,513000.0,9408.0,128.0,ImageNet-1K,16.0,36.0,1.0,1.0,1.0,1.0,0.0,1.0,0.0,0.0,0.0,1.0,0.0,0,2015.0,Supervised,"Image Classification, Object Detection, Image Segmentation",Deep Residual Learning for Image Recognition,"Max, Average"
1.0,,14964736.0,53.0,,resnet,timm,tv_resnet50,,0.0,25.557032,0.0,tv_resnet50,21.7,0.875,1.0,1000,,16.0,2049000.0,9408.0,128.0,ImageNet-1K,16.0,53.0,1.0,1.0,1.0,1.0,0.0,1.0,0.0,0.0,0.0,1.0,0.0,0,2015.0,Supervised,"Image Classification, Object Detection, Image Segmentation",Deep Residual Learning for Image Recognition,"Max, Average"
1.0,,26090496.0,104.0,,resnet,timm,tv_resnet101,,0.0,44.54916,0.0,tv_resnet101,42.1,0.875,1.0,1000,,33.0,2049000.0,9408.0,128.0,ImageNet-1K,33.0,104.0,1.0,1.0,1.0,1.0,0.0,1.0,0.0,0.0,0.0,1.0,0.0,0,2015.0,Supervised,"Image Classification, Object Detection, Image Segmentation",Deep Residual Learning for Image Recognition,"Max, Average"
1.0,,40613888.0,155.0,,resnet,timm,tv_resnet152,,0.0,60.192808,0.0,tv_resnet152,62.5,0.875,1.0,1000,,50.0,2049000.0,9408.0,128.0,ImageNet-1K,50.0,155.0,1.0,1.0,1.0,1.0,0.0,1.0,0.0,0.0,0.0,1.0,0.0,0,2015.0,Supervised,"Image Classification, Object Detection, Image Segmentation",Deep Residual Learning for Image Recognition,"Max, Average"
1.0,,14544896.0,53.0,,resnext,timm,tv_resnext50_32x4d,,0.0,25.028904,0.0,tv_resnext50_32x4d,21.7,0.875,1.0,1000,,16.0,2049000.0,9408.0,128.0,ImageNet-1K,16.0,53.0,1.0,1.0,1.0,1.0,0.0,1.0,0.0,0.0,0.0,1.0,0.0,0,2017.0,Supervised,Image Classification,Grouped Convolutions,"Max, Average"
0.0,,42446080.0,33.0,,twins,timm,twins_pcpvt_base,,0.0,43.828456,0.0,twins_pcpvt_base,53.7,0.9,141.0,1000,,0.0,513000.0,858112.0,1024.0,ImageNet-1K,0.0,86.0,,,,,,,,,,,,,,,,,
0.0,,59607296.0,46.0,,twins,timm,twins_pcpvt_large,,0.0,60.989672,0.0,twins_pcpvt_large,77.1,0.9,206.0,1000,,0.0,513000.0,858112.0,1024.0,ImageNet-1K,0.0,125.0,,,,,,,,,,,,,,,,,
0.0,,22723840.0,21.0,,twins,timm,twins_pcpvt_small,,0.0,24.106216,0.0,twins_pcpvt_small,32.1,0.9,81.0,1000,,0.0,513000.0,858112.0,1024.0,ImageNet-1K,0.0,50.0,,,,,,,,,,,,,,,,,
0.0,,53728800.0,19.0,,twins,timm,twins_svt_base,,0.0,56.070952,0.0,twins_svt_base,43.3,0.9,109.0,1000,,0.0,769000.0,1557216.0,1536.0,ImageNet-1K,0.0,64.0,,,,,,,,,,,,,,,,,
0.0,,95460736.0,19.0,,twins,timm,twins_svt_large,,0.0,99.2714,0.0,twins_svt_large,43.3,0.9,109.0,1000,,0.0,1025000.0,2764416.0,2048.0,ImageNet-1K,0.0,64.0,,,,,,,,,,,,,,,,,
0.0,,22843072.0,15.0,,twins,timm,twins_svt_small,,0.0,24.060776,0.0,twins_svt_small,33.2,0.9,82.0,1000,,0.0,513000.0,694080.0,1024.0,ImageNet-1K,0.0,48.0,,,,,,,,,,,,,,,,,
5.0,,119545856.0,15.0,,vgg,timm,vgg16,,0.0,138.357544,0.0,vgg16,4.5,0.875,1.0,1000,,0.0,4097000.0,14714688.0,119545856.0,ImageNet-1K,0.0,0.0,1.0,0.0,1.0,0.0,0.0,0.0,0.0,0.0,0.0,1.0,0.0,0,2014.0,Supervised,Image Classification,Deep Architecture with 11 Layers,Max
5.0,,119545856.0,18.0,,vgg,timm,vgg19,,0.0,143.66724,0.0,vgg19,5.1,0.875,1.0,1000,,0.0,4097000.0,20024384.0,119545856.0,ImageNet-1K,0.0,0.0,1.0,0.0,1.0,0.0,0.0,0.0,0.0,0.0,0.0,1.0,0.0,0,2014.0,Supervised,Image Classification,Deep Architecture with 11 Layers,Max
5.0,,119545856.0,18.0,,vgg,timm,vgg19_bn,,0.0,143.678248,0.0,vgg19_bn,6.7,0.875,1.0,1000,,0.0,4097000.0,20035392.0,119545856.0,ImageNet-1K,0.0,16.0,1.0,0.0,1.0,0.0,0.0,0.0,0.0,0.0,0.0,1.0,0.0,0,2014.0,Supervised,Image Classification,Deep Architecture with 11 Layers,Max
0.0,,28323840.0,57.0,,visformer,timm,visformer_small,,8.0,40.219592,0.0,visformer_small,22.0,0.9,1.0,1000,,0.0,769000.0,4768.0,1536.0,ImageNet-1K,0.0,28.0,1.0,0.0,1.0,0.0,0.0,1.0,1.0,1.0,1.0,1.0,1.0,0,2021.0,Supervised,"Image Classification, Object Detection",Convolutional Token Embedding,Average
0.0,,85054464.0,1.0,,vit,timm,vit_base_patch8_224,,13.0,86.576872,0.0,vit_base_patch8_224,22.6,0.9,49.0,1000,,0.0,769000.0,148224.0,1536.0,ImageNet-1K,0.0,25.0,0.0,1.0,1.0,1.0,0.0,1.0,1.0,1.0,1.0,0.0,1.0,0,2021.0,Supervised,Image Classification,Transformer Architecture Applied to Image Patches,Average
0.0,,85054464.0,1.0,,vit,timm,vit_base_patch8_224_dino,,13.0,85.807872,0.0,vit_base_patch8_224_dino,22.6,0.9,48.0,768,,0.0,0.0,148224.0,1536.0,ImageNet-1K,0.0,25.0,0.0,1.0,1.0,1.0,0.0,1.0,1.0,1.0,1.0,0.0,1.0,0,2021.0,Supervised,Image Classification,Transformer Architecture Applied to Image Patches,Average
0.0,,85054464.0,1.0,,vit,timm,vit_base_patch8_224_in21k,,13.0,102.605139,0.0,vit_base_patch8_224_in21k,22.6,0.9,49.0,21843,,0.0,16797267.0,148224.0,1536.0,ImageNet-21K,0.0,25.0,0.0,1.0,1.0,1.0,0.0,1.0,1.0,1.0,1.0,0.0,1.0,0,2021.0,Supervised,Image Classification,Transformer Architecture Applied to Image Patches,Average
0.0,,85054464.0,1.0,,vit,timm,vit_base_patch16_224,,13.0,86.567656,0.0,vit_base_patch16_224,22.6,0.9,49.0,1000,,0.0,769000.0,590592.0,1536.0,ImageNet-1K,0.0,25.0,0.0,1.0,1.0,1.0,0.0,1.0,1.0,1.0,1.0,0.0,1.0,0,2021.0,Supervised,Image Classification,Transformer Architecture Applied to Image Patches,Average
0.0,,85054464.0,1.0,,vit,timm,vit_base_patch16_224_dino,,13.0,85.798656,0.0,vit_base_patch16_224_dino,22.6,0.9,48.0,768,,0.0,0.0,590592.0,1536.0,ImageNet-1K,0.0,25.0,0.0,1.0,1.0,1.0,0.0,1.0,1.0,1.0,1.0,0.0,1.0,0,2021.0,Supervised,Image Classification,Transformer Architecture Applied to Image Patches,Average
0.0,,85054464.0,1.0,,vit,timm,vit_base_patch16_224_in21k,,13.0,102.595923,0.0,vit_base_patch16_224_in21k,22.6,0.9,49.0,21843,,0.0,16797267.0,590592.0,1536.0,ImageNet-21K,0.0,25.0,0.0,1.0,1.0,1.0,0.0,1.0,1.0,1.0,1.0,0.0,1.0,0,2021.0,Supervised,Image Classification,Transformer Architecture Applied to Image Patches,Average
0.0,,85026816.0,1.0,,vit,timm,vit_base_patch16_224_miil,,13.0,86.540008,0.0,vit_base_patch16_224_miil,22.6,0.875,49.0,1000,,0.0,769000.0,590592.0,1536.0,ImageNet-1K,0.0,25.0,0.0,1.0,1.0,1.0,0.0,1.0,1.0,1.0,1.0,0.0,1.0,0,2021.0,Supervised,Image Classification,Transformer Architecture Applied to Image Patches,Average
0.0,,85026816.0,1.0,,vit,timm,vit_base_patch16_224_miil_in21k,,13.0,94.399957,0.0,vit_base_patch16_224_miil_in21k,22.6,0.875,49.0,11221,,0.0,8628949.0,590592.0,1536.0,ImageNet-21K-P,0.0,25.0,0.0,1.0,1.0,1.0,0.0,1.0,1.0,1.0,1.0,0.0,1.0,0,2021.0,Supervised,Image Classification,Transformer Architecture Applied to Image Patches,Average
0.0,,85054464.0,1.0,,vit,timm,vit_base_patch16_384,,13.0,86.859496,0.0,vit_base_patch16_384,22.6,1.0,49.0,1000,,0.0,769000.0,590592.0,1536.0,ImageNet-1K,0.0,25.0,0.0,1.0,1.0,1.0,0.0,1.0,1.0,1.0,1.0,0.0,1.0,0,2021.0,Supervised,Image Classification,Transformer Architecture Applied to Image Patches,Average
0.0,,85026816.0,1.0,,vit,timm,vit_base_patch16_rpn_224,,13.0,86.538472,0.0,vit_base_patch16_rpn_224,20.2,0.9,49.0,1000,,0.0,769000.0,590592.0,1536.0,ImageNet-1K,0.0,25.0,0.0,1.0,1.0,1.0,0.0,1.0,1.0,1.0,1.0,0.0,1.0,0,2021.0,Supervised,Image Classification,Transformer Architecture Applied to Image Patches,Average
0.0,,85054464.0,1.0,,vit,timm,vit_base_patch32_224,,13.0,88.224232,0.0,vit_base_patch32_224,22.6,0.9,49.0,1000,,0.0,769000.0,2360064.0,1536.0,ImageNet-1K,0.0,25.0,0.0,1.0,1.0,1.0,0.0,1.0,1.0,1.0,1.0,0.0,1.0,0,2021.0,Supervised,Image Classification,Transformer Architecture Applied to Image Patches,Average
0.0,,85054464.0,1.0,,vit,timm,vit_base_patch32_224_clip_laion2b,,13.0,87.849728,0.0,vit_base_patch32_224_clip_laion2b,22.6,0.9,49.0,512,,0.0,393728.0,2359296.0,1536.0,LAION-2B,0.0,26.0,0.0,1.0,1.0,1.0,0.0,1.0,1.0,1.0,1.0,0.0,1.0,0,2021.0,Supervised,Image Classification,Transformer Architecture Applied to Image Patches,Average
0.0,,85054464.0,1.0,,vit,timm,vit_base_patch32_224_in21k,,13.0,104.252499,0.0,vit_base_patch32_224_in21k,22.6,0.9,49.0,21843,,0.0,16797267.0,2360064.0,1536.0,ImageNet-21K,0.0,25.0,0.0,1.0,1.0,1.0,0.0,1.0,1.0,1.0,1.0,0.0,1.0,0,2021.0,Supervised,Image Classification,Transformer Architecture Applied to Image Patches,Average
0.0,,85054464.0,1.0,,vit,timm,vit_base_patch32_384,,13.0,88.297192,0.0,vit_base_patch32_384,22.6,1.0,49.0,1000,,0.0,769000.0,2360064.0,1536.0,ImageNet-1K,0.0,25.0,0.0,1.0,1.0,1.0,0.0,1.0,1.0,1.0,1.0,0.0,1.0,0,2021.0,Supervised,Image Classification,Transformer Architecture Applied to Image Patches,Average
1.0,,85054464.0,53.0,,vit,timm,vit_base_r50_s16_224_in21k,,13.0,114.687379,0.0,vit_base_r50_s16_224_in21k,50.1,0.9,49.0,21843,,16.0,16797267.0,12682048.0,1536.0,ImageNet-21K,16.0,25.0,0.0,1.0,1.0,1.0,0.0,1.0,1.0,1.0,1.0,0.0,1.0,0,2021.0,Supervised,Image Classification,Transformer Architecture Applied to Image Patches,Average
1.0,,85054464.0,53.0,,vit,timm,vit_base_r50_s16_384,,13.0,98.950952,0.0,vit_base_r50_s16_384,50.1,1.0,49.0,1000,,16.0,769000.0,12682048.0,1536.0,ImageNet-1K,16.0,25.0,0.0,1.0,1.0,1.0,0.0,1.0,1.0,1.0,1.0,0.0,1.0,0,2021.0,Supervised,Image Classification,Transformer Architecture Applied to Image Patches,Average
0.0,,629678080.0,1.0,,vit,timm,vit_huge_patch14_224_clip_laion2b,,33.0,632.077824,0.0,vit_huge_patch14_224_clip_laion2b,58.6,0.9,129.0,1024,,0.0,1311744.0,752640.0,2560.0,LAION-2B,0.0,66.0,0.0,1.0,1.0,1.0,0.0,1.0,1.0,1.0,1.0,0.0,1.0,0,2021.0,Supervised,Image Classification,Transformer Architecture Applied to Image Patches,Average
0.0,,629678080.0,1.0,,vit,timm,vit_huge_patch14_224_in21k,,33.0,658.745683,0.0,vit_huge_patch14_224_in21k,58.6,0.9,129.0,21843,,0.0,27980883.0,753920.0,2560.0,ImageNet-21K,0.0,65.0,0.0,1.0,1.0,1.0,0.0,1.0,1.0,1.0,1.0,0.0,1.0,0,2021.0,Supervised,Image Classification,Transformer Architecture Applied to Image Patches,Average
0.0,,302309376.0,1.0,,vit,timm,vit_large_patch14_224_clip_laion2b,,25.0,303.966976,0.0,vit_large_patch14_224_clip_laion2b,44.2,0.9,97.0,768,,0.0,787200.0,602112.0,2048.0,ImageNet-1K,0.0,50.0,0.0,1.0,1.0,1.0,0.0,1.0,1.0,1.0,1.0,0.0,1.0,0,2021.0,Supervised,Image Classification,Transformer Architecture Applied to Image Patches,Average
0.0,,302309376.0,1.0,,vit,timm,vit_large_patch16_224,,25.0,304.326632,0.0,vit_large_patch16_224,44.2,0.9,97.0,1000,,0.0,1025000.0,787456.0,2048.0,ImageNet-1K,0.0,49.0,0.0,1.0,1.0,1.0,0.0,1.0,1.0,1.0,1.0,0.0,1.0,0,2021.0,Supervised,Image Classification,Transformer Architecture Applied to Image Patches,Average
0.0,,302309376.0,1.0,,vit,timm,vit_large_patch16_224_in21k,,25.0,325.690707,0.0,vit_large_patch16_224_in21k,44.2,0.9,97.0,21843,,0.0,22389075.0,787456.0,2048.0,ImageNet-21K,0.0,49.0,0.0,1.0,1.0,1.0,0.0,1.0,1.0,1.0,1.0,0.0,1.0,0,2021.0,Supervised,Image Classification,Transformer Architecture Applied to Image Patches,Average
0.0,,302309376.0,1.0,,vit,timm,vit_large_patch16_384,,25.0,304.715752,0.0,vit_large_patch16_384,44.2,1.0,97.0,1000,,0.0,1025000.0,787456.0,2048.0,ImageNet-1K,0.0,49.0,0.0,1.0,1.0,1.0,0.0,1.0,1.0,1.0,1.0,0.0,1.0,0,2021.0,Supervised,Image Classification,Transformer Architecture Applied to Image Patches,Average
0.0,,302309376.0,1.0,,vit,timm,vit_large_patch32_224_in21k,,25.0,327.899475,0.0,vit_large_patch32_224_in21k,44.2,0.9,97.0,21843,,0.0,22389075.0,3146752.0,2048.0,ImageNet-21K,0.0,49.0,0.0,1.0,1.0,1.0,0.0,1.0,1.0,1.0,1.0,0.0,1.0,0,2021.0,Supervised,Image Classification,Transformer Architecture Applied to Image Patches,Average
0.0,,302309376.0,1.0,,vit,timm,vit_large_patch32_384,,25.0,306.63268,0.0,vit_large_patch32_384,44.2,1.0,97.0,1000,,0.0,1025000.0,3146752.0,2048.0,ImageNet-1K,0.0,49.0,0.0,1.0,1.0,1.0,0.0,1.0,1.0,1.0,1.0,0.0,1.0,0,2021.0,Supervised,Image Classification,Transformer Architecture Applied to Image Patches,Average
1.0,,302309376.0,54.0,,vit,timm,vit_large_r50_s32_224,,25.0,328.994856,0.0,vit_large_r50_s32_224,72.4,0.9,97.0,1000,,16.0,1025000.0,25606208.0,2048.0,ImageNet-1K,16.0,49.0,0.0,1.0,1.0,1.0,0.0,1.0,1.0,1.0,1.0,0.0,1.0,0,2021.0,Supervised,Image Classification,Transformer Architecture Applied to Image Patches,Average
1.0,,302309376.0,54.0,,vit,timm,vit_large_r50_s32_224_in21k,,25.0,350.358931,0.0,vit_large_r50_s32_224_in21k,72.4,0.9,97.0,21843,,16.0,22389075.0,25606208.0,2048.0,ImageNet-21K,16.0,49.0,0.0,1.0,1.0,1.0,0.0,1.0,1.0,1.0,1.0,0.0,1.0,0,2021.0,Supervised,Image Classification,Transformer Architecture Applied to Image Patches,Average
1.0,,302309376.0,54.0,,vit,timm,vit_large_r50_s32_384,,25.0,329.092136,0.0,vit_large_r50_s32_384,72.4,1.0,97.0,1000,,16.0,1025000.0,25606208.0,2048.0,ImageNet-1K,16.0,49.0,0.0,1.0,1.0,1.0,0.0,1.0,1.0,1.0,1.0,0.0,1.0,0,2021.0,Supervised,Image Classification,Transformer Architecture Applied to Image Patches,Average
0.0,,85068432.0,1.0,,relpos,timm,vit_relpos_base_patch16_224,,13.0,86.42956,0.0,vit_relpos_base_patch16_224,32.0,0.9,73.0,1000,,0.0,769000.0,590592.0,1536.0,ImageNet-1K,0.0,25.0,1.0,0.0,1.0,0.0,0.0,1.0,1.0,1.0,1.0,1.0,0.0,0,2021.0,Supervised,"Image Classification, Object Detection, Image Segmentation",ViT architecture with Relative Position Embeddings,Average
0.0,,85068432.0,1.0,,relpos,timm,vit_relpos_base_patch16_clsgap_224,,13.0,86.430328,0.0,vit_relpos_base_patch16_clsgap_224,32.0,0.9,73.0,1000,,0.0,769000.0,590592.0,1536.0,ImageNet-1K,0.0,25.0,1.0,0.0,1.0,0.0,0.0,1.0,1.0,1.0,1.0,1.0,0.0,0,2021.0,Supervised,"Image Classification, Object Detection, Image Segmentation",ViT architecture with Relative Position Embeddings,Average
0.0,,115771560.0,1.0,,relpos,timm,vit_relpos_base_patch32_plus_rpn_256,,13.0,119.42376,0.0,vit_relpos_base_patch32_plus_rpn_256,29.6,0.9,73.0,1000,,0.0,897000.0,2753408.0,1792.0,ImageNet-1K,0.0,25.0,1.0,0.0,1.0,0.0,0.0,1.0,1.0,1.0,1.0,1.0,0.0,0,2021.0,Supervised,"Image Classification, Object Detection, Image Segmentation",ViT architecture with Relative Position Embeddings,Average
0.0,,37839456.0,1.0,,relpos,timm,vit_relpos_medium_patch16_224,,13.0,38.747208,0.0,vit_relpos_medium_patch16_224,32.0,0.9,73.0,1000,,0.0,513000.0,393728.0,1024.0,ImageNet-1K,0.0,25.0,1.0,0.0,1.0,0.0,0.0,1.0,1.0,1.0,1.0,1.0,0.0,0,2021.0,Supervised,"Image Classification, Object Detection, Image Segmentation",ViT architecture with Relative Position Embeddings,Average
0.0,,37856352.0,1.0,,relpos,timm,vit_relpos_medium_patch16_cls_224,,13.0,38.764616,0.0,vit_relpos_medium_patch16_cls_224,32.0,0.9,73.0,1000,,0.0,513000.0,393728.0,1024.0,ImageNet-1K,0.0,25.0,1.0,0.0,1.0,0.0,0.0,1.0,1.0,1.0,1.0,1.0,0.0,0,2021.0,Supervised,"Image Classification, Object Detection, Image Segmentation",ViT architecture with Relative Position Embeddings,Average
0.0,,37827168.0,1.0,,relpos,timm,vit_relpos_medium_patch16_rpn_224,,13.0,38.73492,0.0,vit_relpos_medium_patch16_rpn_224,29.6,0.9,73.0,1000,,0.0,513000.0,393728.0,1024.0,ImageNet-1K,0.0,25.0,1.0,0.0,1.0,0.0,0.0,1.0,1.0,1.0,1.0,1.0,0.0,0,2021.0,Supervised,"Image Classification, Object Detection, Image Segmentation",ViT architecture with Relative Position Embeddings,Average
0.0,,21302856.0,1.0,,relpos,timm,vit_relpos_small_patch16_224,,13.0,21.98392,0.0,vit_relpos_small_patch16_224,32.0,0.9,73.0,1000,,0.0,385000.0,295296.0,768.0,ImageNet-1K,0.0,25.0,1.0,0.0,1.0,0.0,0.0,1.0,1.0,1.0,1.0,1.0,0.0,0,2021.0,Supervised,"Image Classification, Object Detection, Image Segmentation",ViT architecture with Relative Position Embeddings,Average
0.0,,21293568.0,1.0,,vit,timm,vit_small_patch8_224_dino,,13.0,21.670272,0.0,vit_small_patch8_224_dino,22.6,0.9,48.0,384,,0.0,0.0,74112.0,768.0,ImageNet-1K,0.0,25.0,0.0,1.0,1.0,1.0,0.0,1.0,1.0,1.0,1.0,0.0,1.0,0,2021.0,Supervised,Image Classification,Transformer Architecture Applied to Image Patches,Average
0.0,,21293568.0,1.0,,vit,timm,vit_small_patch16_224,,13.0,22.050664,0.0,vit_small_patch16_224,22.6,0.9,49.0,1000,,0.0,385000.0,295296.0,768.0,ImageNet-1K,0.0,25.0,0.0,1.0,1.0,1.0,0.0,1.0,1.0,1.0,1.0,0.0,1.0,0,2021.0,Supervised,Image Classification,Transformer Architecture Applied to Image Patches,Average
0.0,,21293568.0,1.0,,vit,timm,vit_small_patch16_224_dino,,13.0,21.665664,0.0,vit_small_patch16_224_dino,22.6,0.9,48.0,384,,0.0,0.0,295296.0,768.0,ImageNet-1K,0.0,25.0,0.0,1.0,1.0,1.0,0.0,1.0,1.0,1.0,1.0,0.0,1.0,0,2021.0,Supervised,Image Classification,Transformer Architecture Applied to Image Patches,Average
0.0,,21293568.0,1.0,,vit,timm,vit_small_patch16_224_in21k,,13.0,30.075219,0.0,vit_small_patch16_224_in21k,22.6,0.9,49.0,21843,,0.0,8409555.0,295296.0,768.0,ImageNet-21K,0.0,25.0,0.0,1.0,1.0,1.0,0.0,1.0,1.0,1.0,1.0,0.0,1.0,0,2021.0,Supervised,Image Classification,Transformer Architecture Applied to Image Patches,Average
0.0,,21293568.0,1.0,,vit,timm,vit_small_patch16_384,,13.0,22.196584,0.0,vit_small_patch16_384,22.6,1.0,49.0,1000,,0.0,385000.0,295296.0,768.0,ImageNet-1K,0.0,25.0,0.0,1.0,1.0,1.0,0.0,1.0,1.0,1.0,1.0,0.0,1.0,0,2021.0,Supervised,Image Classification,Transformer Architecture Applied to Image Patches,Average
0.0,,21293568.0,1.0,,vit,timm,vit_small_patch32_224,,13.0,22.878952,0.0,vit_small_patch32_224,22.6,0.9,49.0,1000,,0.0,385000.0,1180032.0,768.0,ImageNet-1K,0.0,25.0,0.0,1.0,1.0,1.0,0.0,1.0,1.0,1.0,1.0,0.0,1.0,0,2021.0,Supervised,Image Classification,Transformer Architecture Applied to Image Patches,Average
0.0,,21293568.0,1.0,,vit,timm,vit_small_patch32_224_in21k,,13.0,30.903507,0.0,vit_small_patch32_224_in21k,22.6,0.9,49.0,21843,,0.0,8409555.0,1180032.0,768.0,ImageNet-21K,0.0,25.0,0.0,1.0,1.0,1.0,0.0,1.0,1.0,1.0,1.0,0.0,1.0,0,2021.0,Supervised,Image Classification,Transformer Architecture Applied to Image Patches,Average
0.0,,21293568.0,1.0,,vit,timm,vit_small_patch32_384,,13.0,22.915432,0.0,vit_small_patch32_384,22.6,1.0,49.0,1000,,0.0,385000.0,1180032.0,768.0,ImageNet-1K,0.0,25.0,0.0,1.0,1.0,1.0,0.0,1.0,1.0,1.0,1.0,0.0,1.0,0,2021.0,Supervised,Image Classification,Transformer Architecture Applied to Image Patches,Average
1.0,,21293568.0,30.0,,vit,timm,vit_small_r26_s32_224,,13.0,36.431912,0.0,vit_small_r26_s32_224,38.8,0.9,49.0,1000,,8.0,385000.0,14732992.0,768.0,ImageNet-1K,8.0,25.0,0.0,1.0,1.0,1.0,0.0,1.0,1.0,1.0,1.0,0.0,1.0,0,2021.0,Supervised,Image Classification,Transformer Architecture Applied to Image Patches,Average
1.0,,21293568.0,30.0,,vit,timm,vit_small_r26_s32_224_in21k,,13.0,44.456467,0.0,vit_small_r26_s32_224_in21k,38.8,0.9,49.0,21843,,8.0,8409555.0,14732992.0,768.0,ImageNet-21K,8.0,25.0,0.0,1.0,1.0,1.0,0.0,1.0,1.0,1.0,1.0,0.0,1.0,0,2021.0,Supervised,Image Classification,Transformer Architecture Applied to Image Patches,Average
1.0,,21293568.0,30.0,,vit,timm,vit_small_r26_s32_384,,13.0,36.468392,0.0,vit_small_r26_s32_384,38.8,1.0,49.0,1000,,8.0,385000.0,14732992.0,768.0,ImageNet-1K,8.0,25.0,0.0,1.0,1.0,1.0,0.0,1.0,1.0,1.0,1.0,0.0,1.0,0,2021.0,Supervised,Image Classification,Transformer Architecture Applied to Image Patches,Average
0.0,,37822464.0,1.0,,relpos,timm,vit_srelpos_medium_patch16_224,,13.0,38.735856,0.0,vit_srelpos_medium_patch16_224,23.2,0.9,51.0,1000,,0.0,513000.0,393728.0,1024.0,ImageNet-1K,0.0,25.0,1.0,0.0,1.0,0.0,0.0,1.0,1.0,1.0,1.0,1.0,0.0,0,2021.0,Supervised,"Image Classification, Object Detection, Image Segmentation",ViT architecture with Relative Position Embeddings,Average
0.0,,21288960.0,1.0,,relpos,timm,vit_srelpos_small_patch16_224,,13.0,21.973486,0.0,vit_srelpos_small_patch16_224,23.2,0.9,51.0,1000,,0.0,385000.0,295296.0,768.0,ImageNet-1K,0.0,25.0,1.0,0.0,1.0,0.0,0.0,1.0,1.0,1.0,1.0,1.0,0.0,0,2021.0,Supervised,"Image Classification, Object Detection, Image Segmentation",ViT architecture with Relative Position Embeddings,Average
0.0,,5338368.0,1.0,,vit,timm,vit_tiny_patch16_224,,13.0,5.717416,0.0,vit_tiny_patch16_224,22.6,0.9,49.0,1000,,0.0,193000.0,147648.0,384.0,ImageNet-1K,0.0,25.0,0.0,1.0,1.0,1.0,0.0,1.0,1.0,1.0,1.0,0.0,1.0,0,2021.0,Supervised,Image Classification,Transformer Architecture Applied to Image Patches,Average
0.0,,5338368.0,1.0,,vit,timm,vit_tiny_patch16_224_in21k,,13.0,9.740115,0.0,vit_tiny_patch16_224_in21k,22.6,0.9,49.0,21843,,0.0,4215699.0,147648.0,384.0,ImageNet-21K,0.0,25.0,0.0,1.0,1.0,1.0,0.0,1.0,1.0,1.0,1.0,0.0,1.0,0,2021.0,Supervised,Image Classification,Transformer Architecture Applied to Image Patches,Average
0.0,,5338368.0,1.0,,vit,timm,vit_tiny_patch16_384,,13.0,5.790376,0.0,vit_tiny_patch16_384,22.6,1.0,49.0,1000,,0.0,193000.0,147648.0,384.0,ImageNet-1K,0.0,25.0,0.0,1.0,1.0,1.0,0.0,1.0,1.0,1.0,1.0,0.0,1.0,0,2021.0,Supervised,Image Classification,Transformer Architecture Applied to Image Patches,Average
1.0,,5338368.0,2.0,,vit,timm,vit_tiny_r_s16_p8_224,,13.0,6.337704,0.0,vit_tiny_r_s16_p8_224,23.1,0.9,49.0,1000,,0.0,193000.0,796160.0,384.0,ImageNet-1K,0.0,25.0,0.0,1.0,1.0,1.0,0.0,1.0,1.0,1.0,1.0,0.0,1.0,0,2021.0,Supervised,Image Classification,Transformer Architecture Applied to Image Patches,Average
1.0,,5338368.0,2.0,,vit,timm,vit_tiny_r_s16_p8_224_in21k,,13.0,10.360403,0.0,vit_tiny_r_s16_p8_224_in21k,23.1,0.9,49.0,21843,,0.0,4215699.0,796160.0,384.0,ImageNet-21K,0.0,25.0,0.0,1.0,1.0,1.0,0.0,1.0,1.0,1.0,1.0,0.0,1.0,0,2021.0,Supervised,Image Classification,Transformer Architecture Applied to Image Patches,Average
1.0,,5338368.0,2.0,,vit,timm,vit_tiny_r_s16_p8_384,,13.0,6.355944,0.0,vit_tiny_r_s16_p8_384,23.1,1.0,49.0,1000,,0.0,193000.0,796160.0,384.0,ImageNet-1K,0.0,25.0,0.0,1.0,1.0,1.0,0.0,1.0,1.0,1.0,1.0,0.0,1.0,0,2021.0,Supervised,Image Classification,Transformer Architecture Applied to Image Patches,Average
4.0,,22549272.0,5.0,,volo,timm,volo_d1_224,,34.0,26.63204,0.0,volo_d1_224,33.9,0.96,88.0,1000,,0.0,385000.0,280320.0,768.0,ImageNet-1K,0.0,44.0,0.0,0.0,1.0,0.0,0.0,1.0,1.0,1.0,1.0,1.0,1.0,0,2021.0,Supervised,"Image Classification, Image Segmentation",Outlook Attention Mechanism,Average
4.0,,22549272.0,5.0,,volo,timm,volo_d1_384,,34.0,26.77796,0.0,volo_d1_384,33.9,1.0,88.0,1000,,0.0,385000.0,280320.0,768.0,ImageNet-1K,0.0,44.0,0.0,0.0,1.0,0.0,0.0,1.0,1.0,1.0,1.0,1.0,1.0,0,2021.0,Supervised,"Image Classification, Image Segmentation",Outlook Attention Mechanism,Average
6.0,,51952432.0,5.0,,volo,timm,volo_d2_224,,44.0,58.678336,0.0,volo_d2_224,43.5,0.96,114.0,1000,,0.0,513000.0,345920.0,1024.0,ImageNet-1K,0.0,56.0,0.0,0.0,1.0,0.0,0.0,1.0,1.0,1.0,1.0,1.0,1.0,0,2021.0,Supervised,"Image Classification, Image Segmentation",Outlook Attention Mechanism,Average
6.0,,51952432.0,5.0,,volo,timm,volo_d2_384,,44.0,58.872896,0.0,volo_d2_384,43.5,1.0,114.0,1000,,0.0,513000.0,345920.0,1024.0,ImageNet-1K,0.0,56.0,0.0,0.0,1.0,0.0,0.0,1.0,1.0,1.0,1.0,1.0,1.0,0,2021.0,Supervised,"Image Classification, Image Segmentation",Outlook Attention Mechanism,Average
8.0,,79599168.0,5.0,,volo,timm,volo_d3_224,,66.0,86.325072,0.0,volo_d3_224,62.1,0.96,164.0,1000,,0.0,513000.0,345920.0,1024.0,ImageNet-1K,0.0,80.0,0.0,0.0,1.0,0.0,0.0,1.0,1.0,1.0,1.0,1.0,1.0,0,2021.0,Supervised,"Image Classification, Image Segmentation",Outlook Attention Mechanism,Average
8.0,,79599168.0,5.0,,volo,timm,volo_d3_448,,66.0,86.626128,0.0,volo_d3_448,62.1,1.0,164.0,1000,,0.0,513000.0,345920.0,1024.0,ImageNet-1K,0.0,80.0,0.0,0.0,1.0,0.0,0.0,1.0,1.0,1.0,1.0,1.0,1.0,0,2021.0,Supervised,"Image Classification, Image Segmentation",Outlook Attention Mechanism,Average
8.0,,178983264.0,5.0,,volo,timm,volo_d4_224,,66.0,192.96152,0.0,volo_d4_224,62.1,0.96,164.0,1000,,0.0,769000.0,477120.0,1536.0,ImageNet-1K,0.0,80.0,0.0,0.0,1.0,0.0,0.0,1.0,1.0,1.0,1.0,1.0,1.0,0,2021.0,Supervised,"Image Classification, Image Segmentation",Outlook Attention Mechanism,Average
8.0,,178983264.0,5.0,,volo,timm,volo_d4_448,,66.0,193.413104,0.0,volo_d4_448,62.1,1.15,164.0,1000,,0.0,769000.0,477120.0,1536.0,ImageNet-1K,0.0,80.0,0.0,0.0,1.0,0.0,0.0,1.0,1.0,1.0,1.0,1.0,1.0,0,2021.0,Supervised,"Image Classification, Image Segmentation",Outlook Attention Mechanism,Average
12.0,,278492304.0,5.0,,volo,timm,volo_d5_224,,86.0,295.455584,0.0,volo_d5_224,81.3,0.96,216.0,1000,,0.0,769000.0,1101312.0,1536.0,ImageNet-1K,0.0,104.0,0.0,0.0,1.0,0.0,0.0,1.0,1.0,1.0,1.0,1.0,1.0,0,2021.0,Supervised,"Image Classification, Image Segmentation",Outlook Attention Mechanism,Average
12.0,,278492304.0,5.0,,volo,timm,volo_d5_448,,86.0,295.907168,0.0,volo_d5_448,81.3,1.15,216.0,1000,,0.0,769000.0,1101312.0,1536.0,ImageNet-1K,0.0,104.0,0.0,0.0,1.0,0.0,0.0,1.0,1.0,1.0,1.0,1.0,1.0,0,2021.0,Supervised,"Image Classification, Image Segmentation",Outlook Attention Mechanism,Average
12.0,,278492304.0,5.0,,volo,timm,volo_d5_512,,86.0,296.091488,0.0,volo_d5_512,81.3,1.15,216.0,1000,,0.0,769000.0,1101312.0,1536.0,ImageNet-1K,0.0,104.0,0.0,0.0,1.0,0.0,0.0,1.0,1.0,1.0,1.0,1.0,1.0,0,2021.0,Supervised,"Image Classification, Image Segmentation",Outlook Attention Mechanism,Average
1.0,,41971712.0,53.0,,resnet,timm,wide_resnet50_2,,0.0,68.88324,0.0,wide_resnet50_2,21.7,0.875,1.0,1000,,16.0,2049000.0,9408.0,128.0,ImageNet-1K,16.0,53.0,1.0,1.0,1.0,1.0,0.0,1.0,0.0,0.0,0.0,1.0,0.0,0,2015.0,Supervised,"Image Classification, Object Detection, Image Segmentation",Deep Residual Learning for Image Recognition,"Max, Average"
1.0,,78739456.0,104.0,,resnet,timm,wide_resnet101_2,,0.0,126.886696,0.0,wide_resnet101_2,42.1,0.875,1.0,1000,,33.0,2049000.0,9408.0,128.0,ImageNet-1K,33.0,104.0,1.0,1.0,1.0,1.0,0.0,1.0,0.0,0.0,0.0,1.0,0.0,0,2015.0,Supervised,"Image Classification, Object Detection, Image Segmentation",Deep Residual Learning for Image Recognition,"Max, Average"
4.0,,3159552.0,74.0,,xception,timm,xception,,0.0,22.855952,0.0,xception,21.6,0.8975,1.0,1000,,0.0,2049000.0,864.0,64.0,ImageNet-1K,0.0,40.0,1.0,1.0,1.0,0.0,0.0,1.0,0.0,0.0,0.0,1.0,0.0,0,2016.0,Supervised,Image Classification,Depthwise Separable Convolutions,"Max, Average"
0.0,,24896800.0,84.0,,xception,timm,xception41,,0.0,26.96956,0.0,xception41,37.5,0.903,1.0,1000,,0.0,2049000.0,19488.0,24896800.0,ImageNet-1K,0.0,84.0,1.0,1.0,1.0,0.0,0.0,1.0,0.0,0.0,0.0,1.0,0.0,0,2016.0,Supervised,Image Classification,Depthwise Separable Convolutions,"Max, Average"
0.0,,24785952.0,84.0,,xception,timm,xception41p,,0.0,26.907752,0.0,xception41p,30.2,0.94,1.0,1000,,0.0,2049000.0,19360.0,24785952.0,ImageNet-1K,0.0,40.0,1.0,1.0,1.0,0.0,0.0,1.0,0.0,0.0,0.0,1.0,0.0,0,2016.0,Supervised,Image Classification,Depthwise Separable Convolutions,"Max, Average"
0.0,,37843552.0,132.0,,xception,timm,xception65,,0.0,39.916312,0.0,xception65,58.3,0.94,1.0,1000,,0.0,2049000.0,19488.0,37843552.0,ImageNet-1K,0.0,132.0,1.0,1.0,1.0,0.0,0.0,1.0,0.0,0.0,0.0,1.0,0.0,0,2016.0,Supervised,Image Classification,Depthwise Separable Convolutions,"Max, Average"
0.0,,37662816.0,132.0,,xception,timm,xception65p,,0.0,39.81956,0.0,xception65p,47.8,0.94,1.0,1000,,0.0,2049000.0,19360.0,37662816.0,ImageNet-1K,0.0,64.0,1.0,1.0,1.0,0.0,0.0,1.0,0.0,0.0,0.0,1.0,0.0,0,2016.0,Supervised,Image Classification,Depthwise Separable Convolutions,"Max, Average"
0.0,,40264008.0,146.0,,xception,timm,xception71,,0.0,42.338736,0.0,xception71,64.5,0.903,1.0,1000,,0.0,2049000.0,19488.0,40264008.0,ImageNet-1K,0.0,146.0,1.0,1.0,1.0,0.0,0.0,1.0,0.0,0.0,0.0,1.0,0.0,0,2016.0,Supervised,Image Classification,Depthwise Separable Convolutions,"Max, Average"
0.0,,170551296.0,52.0,,xcit,timm,xcit_large_24_p8_224,,2.0,188.932648,0.0,xcit_large_24_p8_224,55.9,1.0,109.0,1000,,0.0,769000.0,3325632.0,1536.0,ImageNet-1K,0.0,104.0,0.0,0.0,1.0,0.0,0.0,1.0,1.0,1.0,1.0,1.0,0.0,0,2021.0,Self-Supervised,"Image Classification, Object Detection, Image Segmentation",Feature Cross-Covariance Self-Attention Transformer,"Average, Class Token"
0.0,,170551296.0,52.0,,xcit,timm,xcit_large_24_p8_224_dist,,2.0,188.932648,0.0,xcit_large_24_p8_224_dist,55.9,1.0,109.0,1000,,0.0,769000.0,3325632.0,1536.0,ImageNet-1K,0.0,104.0,0.0,0.0,1.0,0.0,0.0,1.0,1.0,1.0,1.0,1.0,0.0,0,2021.0,Self-Supervised,"Image Classification, Object Detection, Image Segmentation",Feature Cross-Covariance Self-Attention Transformer,"Average, Class Token"
0.0,,170551296.0,52.0,,xcit,timm,xcit_large_24_p8_384_dist,,2.0,188.932648,0.0,xcit_large_24_p8_384_dist,55.9,1.0,109.0,1000,,0.0,769000.0,3325632.0,1536.0,ImageNet-1K,0.0,104.0,0.0,0.0,1.0,0.0,0.0,1.0,1.0,1.0,1.0,1.0,0.0,0,2021.0,Self-Supervised,"Image Classification, Object Detection, Image Segmentation",Feature Cross-Covariance Self-Attention Transformer,"Average, Class Token"
0.0,,170551296.0,53.0,,xcit,timm,xcit_large_24_p16_224,,2.0,189.096136,0.0,xcit_large_24_p16_224,56.3,1.0,109.0,1000,,0.0,769000.0,3489120.0,1536.0,ImageNet-1K,0.0,105.0,0.0,0.0,1.0,0.0,0.0,1.0,1.0,1.0,1.0,1.0,0.0,0,2021.0,Self-Supervised,"Image Classification, Object Detection, Image Segmentation",Feature Cross-Covariance Self-Attention Transformer,"Average, Class Token"
0.0,,170551296.0,53.0,,xcit,timm,xcit_large_24_p16_224_dist,,2.0,189.096136,0.0,xcit_large_24_p16_224_dist,56.3,1.0,109.0,1000,,0.0,769000.0,3489120.0,1536.0,ImageNet-1K,0.0,105.0,0.0,0.0,1.0,0.0,0.0,1.0,1.0,1.0,1.0,1.0,0.0,0,2021.0,Self-Supervised,"Image Classification, Object Detection, Image Segmentation",Feature Cross-Covariance Self-Attention Transformer,"Average, Class Token"
0.0,,170551296.0,53.0,,xcit,timm,xcit_large_24_p16_384_dist,,2.0,189.096136,0.0,xcit_large_24_p16_384_dist,56.3,1.0,109.0,1000,,0.0,769000.0,3489120.0,1536.0,ImageNet-1K,0.0,105.0,0.0,0.0,1.0,0.0,0.0,1.0,1.0,1.0,1.0,1.0,0.0,0,2021.0,Self-Supervised,"Image Classification, Object Detection, Image Segmentation",Feature Cross-Covariance Self-Attention Transformer,"Average, Class Token"
0.0,,75952128.0,52.0,,xcit,timm,xcit_medium_24_p8_224,,2.0,84.323624,0.0,xcit_medium_24_p8_224,55.9,1.0,109.0,1000,,0.0,513000.0,1479808.0,1024.0,ImageNet-1K,0.0,104.0,0.0,0.0,1.0,0.0,0.0,1.0,1.0,1.0,1.0,1.0,0.0,0,2021.0,Self-Supervised,"Image Classification, Object Detection, Image Segmentation",Feature Cross-Covariance Self-Attention Transformer,"Average, Class Token"
0.0,,75952128.0,52.0,,xcit,timm,xcit_medium_24_p8_224_dist,,2.0,84.323624,0.0,xcit_medium_24_p8_224_dist,55.9,1.0,109.0,1000,,0.0,513000.0,1479808.0,1024.0,ImageNet-1K,0.0,104.0,0.0,0.0,1.0,0.0,0.0,1.0,1.0,1.0,1.0,1.0,0.0,0,2021.0,Self-Supervised,"Image Classification, Object Detection, Image Segmentation",Feature Cross-Covariance Self-Attention Transformer,"Average, Class Token"
0.0,,75952128.0,52.0,,xcit,timm,xcit_medium_24_p8_384_dist,,2.0,84.323624,0.0,xcit_medium_24_p8_384_dist,55.9,1.0,109.0,1000,,0.0,513000.0,1479808.0,1024.0,ImageNet-1K,0.0,104.0,0.0,0.0,1.0,0.0,0.0,1.0,1.0,1.0,1.0,1.0,0.0,0,2021.0,Self-Supervised,"Image Classification, Object Detection, Image Segmentation",Feature Cross-Covariance Self-Attention Transformer,"Average, Class Token"
0.0,,75952128.0,53.0,,xcit,timm,xcit_medium_24_p16_224,,2.0,84.395752,0.0,xcit_medium_24_p16_224,56.3,1.0,109.0,1000,,0.0,513000.0,1551936.0,1024.0,ImageNet-1K,0.0,105.0,0.0,0.0,1.0,0.0,0.0,1.0,1.0,1.0,1.0,1.0,0.0,0,2021.0,Self-Supervised,"Image Classification, Object Detection, Image Segmentation",Feature Cross-Covariance Self-Attention Transformer,"Average, Class Token"
0.0,,75952128.0,53.0,,xcit,timm,xcit_medium_24_p16_384_dist,,2.0,84.395752,0.0,xcit_medium_24_p16_384_dist,56.3,1.0,109.0,1000,,0.0,513000.0,1551936.0,1024.0,ImageNet-1K,0.0,105.0,0.0,0.0,1.0,0.0,0.0,1.0,1.0,1.0,1.0,1.0,0.0,0,2021.0,Self-Supervised,"Image Classification, Object Detection, Image Segmentation",Feature Cross-Covariance Self-Attention Transformer,"Average, Class Token"
0.0,,2416128.0,28.0,,xcit,timm,xcit_nano_12_p8_224,,2.0,3.049016,0.0,xcit_nano_12_p8_224,30.7,1.0,61.0,1000,,0.0,129000.0,93472.0,256.0,ImageNet-1K,0.0,56.0,0.0,0.0,1.0,0.0,0.0,1.0,1.0,1.0,1.0,1.0,0.0,0,2021.0,Self-Supervised,"Image Classification, Object Detection, Image Segmentation",Feature Cross-Covariance Self-Attention Transformer,"Average, Class Token"
0.0,,2416128.0,28.0,,xcit,timm,xcit_nano_12_p8_224_dist,,2.0,3.049016,0.0,xcit_nano_12_p8_224_dist,30.7,1.0,61.0,1000,,0.0,129000.0,93472.0,256.0,ImageNet-1K,0.0,56.0,0.0,0.0,1.0,0.0,0.0,1.0,1.0,1.0,1.0,1.0,0.0,0,2021.0,Self-Supervised,"Image Classification, Object Detection, Image Segmentation",Feature Cross-Covariance Self-Attention Transformer,"Average, Class Token"
0.0,,2416128.0,28.0,,xcit,timm,xcit_nano_12_p8_384_dist,,2.0,3.049016,0.0,xcit_nano_12_p8_384_dist,30.7,1.0,61.0,1000,,0.0,129000.0,93472.0,256.0,ImageNet-1K,0.0,56.0,0.0,0.0,1.0,0.0,0.0,1.0,1.0,1.0,1.0,1.0,0.0,0,2021.0,Self-Supervised,"Image Classification, Object Detection, Image Segmentation",Feature Cross-Covariance Self-Attention Transformer,"Average, Class Token"
0.0,,2416128.0,29.0,,xcit,timm,xcit_nano_12_p16_224,,2.0,3.053224,0.0,xcit_nano_12_p16_224,31.1,1.0,61.0,1000,,0.0,129000.0,97680.0,256.0,ImageNet-1K,0.0,57.0,0.0,0.0,1.0,0.0,0.0,1.0,1.0,1.0,1.0,1.0,0.0,0,2021.0,Self-Supervised,"Image Classification, Object Detection, Image Segmentation",Feature Cross-Covariance Self-Attention Transformer,"Average, Class Token"
0.0,,2416128.0,29.0,,xcit,timm,xcit_nano_12_p16_224_dist,,2.0,3.053224,0.0,xcit_nano_12_p16_224_dist,31.1,1.0,61.0,1000,,0.0,129000.0,97680.0,256.0,ImageNet-1K,0.0,57.0,0.0,0.0,1.0,0.0,0.0,1.0,1.0,1.0,1.0,1.0,0.0,0,2021.0,Self-Supervised,"Image Classification, Object Detection, Image Segmentation",Feature Cross-Covariance Self-Attention Transformer,"Average, Class Token"
0.0,,2416128.0,29.0,,xcit,timm,xcit_nano_12_p16_384_dist,,2.0,3.053224,0.0,xcit_nano_12_p16_384_dist,31.1,1.0,61.0,1000,,0.0,129000.0,97680.0,256.0,ImageNet-1K,0.0,57.0,0.0,0.0,1.0,0.0,0.0,1.0,1.0,1.0,1.0,1.0,0.0,0,2021.0,Self-Supervised,"Image Classification, Object Detection, Image Segmentation",Feature Cross-Covariance Self-Attention Transformer,"Average, Class Token"
0.0,,21404160.0,28.0,,xcit,timm,xcit_small_12_p8_224,,2.0,26.213032,0.0,xcit_small_12_p8_224,30.7,1.0,61.0,1000,,0.0,385000.0,833376.0,768.0,ImageNet-1K,0.0,56.0,0.0,0.0,1.0,0.0,0.0,1.0,1.0,1.0,1.0,1.0,0.0,0,2021.0,Self-Supervised,"Image Classification, Object Detection, Image Segmentation",Feature Cross-Covariance Self-Attention Transformer,"Average, Class Token"
0.0,,21404160.0,28.0,,xcit,timm,xcit_small_12_p8_224_dist,,2.0,26.213032,0.0,xcit_small_12_p8_224_dist,30.7,1.0,61.0,1000,,0.0,385000.0,833376.0,768.0,ImageNet-1K,0.0,56.0,0.0,0.0,1.0,0.0,0.0,1.0,1.0,1.0,1.0,1.0,0.0,0,2021.0,Self-Supervised,"Image Classification, Object Detection, Image Segmentation",Feature Cross-Covariance Self-Attention Transformer,"Average, Class Token"
0.0,,21404160.0,28.0,,xcit,timm,xcit_small_12_p8_384_dist,,2.0,26.213032,0.0,xcit_small_12_p8_384_dist,30.7,1.0,61.0,1000,,0.0,385000.0,833376.0,768.0,ImageNet-1K,0.0,56.0,0.0,0.0,1.0,0.0,0.0,1.0,1.0,1.0,1.0,1.0,0.0,0,2021.0,Self-Supervised,"Image Classification, Object Detection, Image Segmentation",Feature Cross-Covariance Self-Attention Transformer,"Average, Class Token"
0.0,,21404160.0,29.0,,xcit,timm,xcit_small_12_p16_224,,2.0,26.253304,0.0,xcit_small_12_p16_224,31.1,1.0,61.0,1000,,0.0,385000.0,873648.0,768.0,ImageNet-1K,0.0,57.0,0.0,0.0,1.0,0.0,0.0,1.0,1.0,1.0,1.0,1.0,0.0,0,2021.0,Self-Supervised,"Image Classification, Object Detection, Image Segmentation",Feature Cross-Covariance Self-Attention Transformer,"Average, Class Token"
0.0,,21404160.0,29.0,,xcit,timm,xcit_small_12_p16_224_dist,,2.0,26.253304,0.0,xcit_small_12_p16_224_dist,31.1,1.0,61.0,1000,,0.0,385000.0,873648.0,768.0,ImageNet-1K,0.0,57.0,0.0,0.0,1.0,0.0,0.0,1.0,1.0,1.0,1.0,1.0,0.0,0,2021.0,Self-Supervised,"Image Classification, Object Detection, Image Segmentation",Feature Cross-Covariance Self-Attention Transformer,"Average, Class Token"
0.0,,21404160.0,29.0,,xcit,timm,xcit_small_12_p16_384_dist,,2.0,26.253304,0.0,xcit_small_12_p16_384_dist,31.1,1.0,61.0,1000,,0.0,385000.0,873648.0,768.0,ImageNet-1K,0.0,57.0,0.0,0.0,1.0,0.0,0.0,1.0,1.0,1.0,1.0,1.0,0.0,0,2021.0,Self-Supervised,"Image Classification, Object Detection, Image Segmentation",Feature Cross-Covariance Self-Attention Transformer,"Average, Class Token"
0.0,,42808320.0,52.0,,xcit,timm,xcit_small_24_p8_224,,2.0,47.631112,0.0,xcit_small_24_p8_224,55.9,1.0,109.0,1000,,0.0,385000.0,833376.0,768.0,ImageNet-1K,0.0,104.0,0.0,0.0,1.0,0.0,0.0,1.0,1.0,1.0,1.0,1.0,0.0,0,2021.0,Self-Supervised,"Image Classification, Object Detection, Image Segmentation",Feature Cross-Covariance Self-Attention Transformer,"Average, Class Token"
0.0,,42808320.0,52.0,,xcit,timm,xcit_small_24_p8_224_dist,,2.0,47.631112,0.0,xcit_small_24_p8_224_dist,55.9,1.0,109.0,1000,,0.0,385000.0,833376.0,768.0,ImageNet-1K,0.0,104.0,0.0,0.0,1.0,0.0,0.0,1.0,1.0,1.0,1.0,1.0,0.0,0,2021.0,Self-Supervised,"Image Classification, Object Detection, Image Segmentation",Feature Cross-Covariance Self-Attention Transformer,"Average, Class Token"
0.0,,42808320.0,52.0,,xcit,timm,xcit_small_24_p8_384_dist,,2.0,47.631112,0.0,xcit_small_24_p8_384_dist,55.9,1.0,109.0,1000,,0.0,385000.0,833376.0,768.0,ImageNet-1K,0.0,104.0,0.0,0.0,1.0,0.0,0.0,1.0,1.0,1.0,1.0,1.0,0.0,0,2021.0,Self-Supervised,"Image Classification, Object Detection, Image Segmentation",Feature Cross-Covariance Self-Attention Transformer,"Average, Class Token"
0.0,,42808320.0,53.0,,xcit,timm,xcit_small_24_p16_224,,2.0,47.671384,0.0,xcit_small_24_p16_224,56.3,1.0,109.0,1000,,0.0,385000.0,873648.0,768.0,ImageNet-1K,0.0,105.0,0.0,0.0,1.0,0.0,0.0,1.0,1.0,1.0,1.0,1.0,0.0,0,2021.0,Self-Supervised,"Image Classification, Object Detection, Image Segmentation",Feature Cross-Covariance Self-Attention Transformer,"Average, Class Token"
0.0,,42808320.0,53.0,,xcit,timm,xcit_small_24_p16_224_dist,,2.0,47.671384,0.0,xcit_small_24_p16_224_dist,56.3,1.0,109.0,1000,,0.0,385000.0,873648.0,768.0,ImageNet-1K,0.0,105.0,0.0,0.0,1.0,0.0,0.0,1.0,1.0,1.0,1.0,1.0,0.0,0,2021.0,Self-Supervised,"Image Classification, Object Detection, Image Segmentation",Feature Cross-Covariance Self-Attention Transformer,"Average, Class Token"
0.0,,5393664.0,28.0,,xcit,timm,xcit_tiny_12_p8_224,,2.0,6.706504,0.0,xcit_tiny_12_p8_224,30.7,1.0,61.0,1000,,0.0,193000.0,209328.0,384.0,ImageNet-1K,0.0,56.0,0.0,0.0,1.0,0.0,0.0,1.0,1.0,1.0,1.0,1.0,0.0,0,2021.0,Self-Supervised,"Image Classification, Object Detection, Image Segmentation",Feature Cross-Covariance Self-Attention Transformer,"Average, Class Token"
0.0,,5393664.0,28.0,,xcit,timm,xcit_tiny_12_p8_224_dist,,2.0,6.706504,0.0,xcit_tiny_12_p8_224_dist,30.7,1.0,61.0,1000,,0.0,193000.0,209328.0,384.0,ImageNet-1K,0.0,56.0,0.0,0.0,1.0,0.0,0.0,1.0,1.0,1.0,1.0,1.0,0.0,0,2021.0,Self-Supervised,"Image Classification, Object Detection, Image Segmentation",Feature Cross-Covariance Self-Attention Transformer,"Average, Class Token"
0.0,,5393664.0,28.0,,xcit,timm,xcit_tiny_12_p8_384_dist,,2.0,6.706504,0.0,xcit_tiny_12_p8_384_dist,30.7,1.0,61.0,1000,,0.0,193000.0,209328.0,384.0,ImageNet-1K,0.0,56.0,0.0,0.0,1.0,0.0,0.0,1.0,1.0,1.0,1.0,1.0,0.0,0,2021.0,Self-Supervised,"Image Classification, Object Detection, Image Segmentation",Feature Cross-Covariance Self-Attention Transformer,"Average, Class Token"
0.0,,5393664.0,29.0,,xcit,timm,xcit_tiny_12_p16_224,,2.0,6.716272,0.0,xcit_tiny_12_p16_224,31.1,1.0,61.0,1000,,0.0,193000.0,219096.0,384.0,ImageNet-1K,0.0,57.0,0.0,0.0,1.0,0.0,0.0,1.0,1.0,1.0,1.0,1.0,0.0,0,2021.0,Self-Supervised,"Image Classification, Object Detection, Image Segmentation",Feature Cross-Covariance Self-Attention Transformer,"Average, Class Token"
0.0,,5393664.0,29.0,,xcit,timm,xcit_tiny_12_p16_224_dist,,2.0,6.716272,0.0,xcit_tiny_12_p16_224_dist,31.1,1.0,61.0,1000,,0.0,193000.0,219096.0,384.0,ImageNet-1K,0.0,57.0,0.0,0.0,1.0,0.0,0.0,1.0,1.0,1.0,1.0,1.0,0.0,0,2021.0,Self-Supervised,"Image Classification, Object Detection, Image Segmentation",Feature Cross-Covariance Self-Attention Transformer,"Average, Class Token"
0.0,,5393664.0,29.0,,xcit,timm,xcit_tiny_12_p16_384_dist,,2.0,6.716272,0.0,xcit_tiny_12_p16_384_dist,31.1,1.0,61.0,1000,,0.0,193000.0,219096.0,384.0,ImageNet-1K,0.0,57.0,0.0,0.0,1.0,0.0,0.0,1.0,1.0,1.0,1.0,1.0,0.0,0,2021.0,Self-Supervised,"Image Classification, Object Detection, Image Segmentation",Feature Cross-Covariance Self-Attention Transformer,"Average, Class Token"
0.0,,10787328.0,52.0,,xcit,timm,xcit_tiny_24_p8_224,,2.0,12.107128,0.0,xcit_tiny_24_p8_224,55.9,1.0,109.0,1000,,0.0,193000.0,209328.0,384.0,ImageNet-1K,0.0,104.0,0.0,0.0,1.0,0.0,0.0,1.0,1.0,1.0,1.0,1.0,0.0,0,2021.0,Self-Supervised,"Image Classification, Object Detection, Image Segmentation",Feature Cross-Covariance Self-Attention Transformer,"Average, Class Token"
0.0,,10787328.0,52.0,,xcit,timm,xcit_tiny_24_p8_224_dist,,2.0,12.107128,0.0,xcit_tiny_24_p8_224_dist,55.9,1.0,109.0,1000,,0.0,193000.0,209328.0,384.0,ImageNet-1K,0.0,104.0,0.0,0.0,1.0,0.0,0.0,1.0,1.0,1.0,1.0,1.0,0.0,0,2021.0,Self-Supervised,"Image Classification, Object Detection, Image Segmentation",Feature Cross-Covariance Self-Attention Transformer,"Average, Class Token"
0.0,,10787328.0,52.0,,xcit,timm,xcit_tiny_24_p8_384_dist,,2.0,12.107128,0.0,xcit_tiny_24_p8_384_dist,55.9,1.0,109.0,1000,,0.0,193000.0,209328.0,384.0,ImageNet-1K,0.0,104.0,0.0,0.0,1.0,0.0,0.0,1.0,1.0,1.0,1.0,1.0,0.0,0,2021.0,Self-Supervised,"Image Classification, Object Detection, Image Segmentation",Feature Cross-Covariance Self-Attention Transformer,"Average, Class Token"
0.0,,10787328.0,53.0,,xcit,timm,xcit_tiny_24_p16_224,,2.0,12.116896,0.0,xcit_tiny_24_p16_224,56.3,1.0,109.0,1000,,0.0,193000.0,219096.0,384.0,ImageNet-1K,0.0,105.0,0.0,0.0,1.0,0.0,0.0,1.0,1.0,1.0,1.0,1.0,0.0,0,2021.0,Self-Supervised,"Image Classification, Object Detection, Image Segmentation",Feature Cross-Covariance Self-Attention Transformer,"Average, Class Token"
0.0,,10787328.0,53.0,,xcit,timm,xcit_tiny_24_p16_224_dist,,2.0,12.116896,0.0,xcit_tiny_24_p16_224_dist,56.3,1.0,109.0,1000,,0.0,193000.0,219096.0,384.0,ImageNet-1K,0.0,105.0,0.0,0.0,1.0,0.0,0.0,1.0,1.0,1.0,1.0,1.0,0.0,0,2021.0,Self-Supervised,"Image Classification, Object Detection, Image Segmentation",Feature Cross-Covariance Self-Attention Transformer,"Average, Class Token"
0.0,,10787328.0,53.0,,xcit,timm,xcit_tiny_24_p16_384_dist,,2.0,12.116896,0.0,xcit_tiny_24_p16_384_dist,56.3,1.0,109.0,1000,,0.0,193000.0,219096.0,384.0,ImageNet-1K,0.0,105.0,0.0,0.0,1.0,0.0,0.0,1.0,1.0,1.0,1.0,1.0,0.0,0,2021.0,Self-Supervised,"Image Classification, Object Detection, Image Segmentation",Feature Cross-Covariance Self-Attention Transformer,"Average, Class Token"
