Training Dataset,Number of Bottlenecks,Number of Dense Layers,Number of Last Layer Parameters,Number of Highest Internal Layer Parameters,Number of Lowest Internal Layer Parameters,Number of Output Features,Number of Convolutional Layers,Origin,Number of Residual Blocks,Number of First Layer Parameters,Number of Pooling Layers,Number of Parameters,Number of Layers,Model,Number of Recurrent Layers,Number of Attention Layers,Crop Percentage,Architecture Family,Number of Normalization Layers,Has Convolutional Layers,Has Residual Blocks,Has Dense Layers,Has Bottlenecks,Has Skip Connections,Has Attention Layers,Tokenized,Transformer,Year Made,Training Type,Primary Application,Key Distinguishing Feature,Most Common Pooling Type,Most Common Activation Function
ImageNet-1K,0.0,0.0,,,,1000,49.0,keras,10.0,,0.0,5507432,273,MobilenetV3large,0.0,0.0,,mobilenetv3,46.0,1.0,0.0,0.0,1.0,1.0,0.0,0.0,0.0,2019.0,Supervised,"Image Classification, Object Detection, Image Segmentation",Hardware-aware Network Design,"Average, Spatial Pyramid",ReLU
ImageNet-1K,0.0,0.0,,,,1000,43.0,keras,6.0,,0.0,2554968,239,MobilenetV3small,0.0,0.0,,mobilenetv3,34.0,1.0,0.0,0.0,1.0,1.0,0.0,0.0,0.0,2019.0,Supervised,"Image Classification, Object Detection, Image Segmentation",Hardware-aware Network Design,"Average, Spatial Pyramid",ReLU
ImageNet-21K,0.0,73.0,,,,1000,36.0,keras,0.0,,0.0,350196968,297,convnext_xlarge,0.0,0.0,,convnext,37.0,1.0,1.0,1.0,1.0,1.0,0.0,0.0,0.0,2022.0,Supervised,"Image Classification, Object Detection, Image Segmentation",Transformer Design Principles in ConvNet,Average,GeLU
ImageNet-1K,0.0,1.0,,,,1000,65.0,keras,9.0,,0.0,5330571,241,efficientnetb0,0.0,0.0,,efficientnet,49.0,1.0,1.0,1.0,1.0,1.0,0.0,0.0,0.0,2019.0,Supervised,Image Classification,Compound Scaling Method,Average,ReLU
ImageNet-1K,0.0,1.0,,,,1000,92.0,keras,16.0,,0.0,7856239,343,efficientnetb1,0.0,0.0,,efficientnet,69.0,1.0,1.0,1.0,1.0,1.0,0.0,0.0,0.0,2019.0,Supervised,Image Classification,Compound Scaling Method,Average,ReLU
ImageNet-1K,0.0,1.0,,,,1000,92.0,keras,16.0,,0.0,9177569,343,efficientnetb2,0.0,0.0,,efficientnet,69.0,1.0,1.0,1.0,1.0,1.0,0.0,0.0,0.0,2019.0,Supervised,Image Classification,Compound Scaling Method,Average,ReLU
ImageNet-1K,0.0,1.0,,,,1000,104.0,keras,19.0,,0.0,12320535,388,efficientnetb3,0.0,0.0,,efficientnet,78.0,1.0,1.0,1.0,1.0,1.0,0.0,0.0,0.0,2019.0,Supervised,Image Classification,Compound Scaling Method,Average,ReLU
ImageNet-1K,0.0,1.0,,,,1000,128.0,keras,25.0,,0.0,19466823,478,efficientnetb4,0.0,0.0,,efficientnet,96.0,1.0,1.0,1.0,1.0,1.0,0.0,0.0,0.0,2019.0,Supervised,Image Classification,Compound Scaling Method,Average,ReLU
ImageNet-1K,0.0,1.0,,,,1000,155.0,keras,32.0,,0.0,30562527,580,efficientnetb5,0.0,0.0,,efficientnet,116.0,1.0,1.0,1.0,1.0,1.0,0.0,0.0,0.0,2019.0,Supervised,Image Classification,Compound Scaling Method,Average,ReLU
ImageNet-1K,0.0,1.0,,,,1000,179.0,keras,38.0,,0.0,43265143,670,efficientnetb6,0.0,0.0,,efficientnet,134.0,1.0,1.0,1.0,1.0,1.0,0.0,0.0,0.0,2019.0,Supervised,Image Classification,Compound Scaling Method,Average,ReLU
ImageNet-1K,0.0,1.0,,,,1000,218.0,keras,48.0,,0.0,66658687,817,efficientnetb7,0.0,0.0,,efficientnet,163.0,1.0,1.0,1.0,1.0,1.0,0.0,0.0,0.0,2019.0,Supervised,Image Classification,Compound Scaling Method,Average,ReLU
ImageNet-1K,0.0,1.0,,,,1000,75.0,keras,15.0,,0.0,7200312,273,efficientnetv2-b0,0.0,0.0,,efficientnetv2,59.0,1.0,1.0,1.0,0.0,1.0,0.0,0.0,0.0,2021.0,Supervised,Image Classification,Training-aware Optimizations,"Max, Average",ReLU
ImageNet-1K,0.0,1.0,,,,1000,92.0,keras,21.0,,0.0,8212124,337,efficientnetv2-b1,0.0,0.0,,efficientnetv2,73.0,1.0,1.0,1.0,0.0,1.0,0.0,0.0,0.0,2021.0,Supervised,Image Classification,Training-aware Optimizations,"Max, Average",ReLU
ImageNet-1K,0.0,1.0,,,,1000,96.0,keras,22.0,,0.0,10178374,352,efficientnetv2-b2,0.0,0.0,,efficientnetv2,76.0,1.0,1.0,1.0,0.0,1.0,0.0,0.0,0.0,2021.0,Supervised,Image Classification,Training-aware Optimizations,"Max, Average",ReLU
ImageNet-1K,0.0,1.0,,,,1000,112.0,keras,26.0,,0.0,14467622,412,efficientnetv2-b3,0.0,0.0,,efficientnetv2,88.0,1.0,1.0,1.0,0.0,1.0,0.0,0.0,0.0,2021.0,Supervised,Image Classification,Training-aware Optimizations,"Max, Average",ReLU
ImageNet-1K,0.0,1.0,,,,1000,278.0,keras,73.0,,0.0,119027848,1031,efficientnetv2-l,0.0,0.0,,efficientnetv2,217.0,1.0,1.0,1.0,0.0,1.0,0.0,0.0,0.0,2021.0,Supervised,Image Classification,Training-aware Optimizations,"Max, Average",ReLU
ImageNet-1K,0.0,1.0,,,,1000,201.0,keras,51.0,,0.0,54431388,743,efficientnetv2-m,0.0,0.0,,efficientnetv2,157.0,1.0,1.0,1.0,0.0,1.0,0.0,0.0,0.0,2021.0,Supervised,Image Classification,Training-aware Optimizations,"Max, Average",ReLU
ImageNet-1K,0.0,1.0,,,,1000,140.0,keras,35.0,,0.0,21612360,516,efficientnetv2-s,0.0,0.0,,efficientnetv2,110.0,1.0,1.0,1.0,0.0,1.0,0.0,0.0,0.0,2021.0,Supervised,Image Classification,Training-aware Optimizations,"Max, Average",ReLU
ImageNet-1K,0.0,0.0,,,,1000,15.0,keras,0.0,,0.0,4253864,91,mobilenet,0.0,0.0,,mobilenet,27.0,1.0,0.0,0.0,0.0,1.0,0.0,0.0,0.0,2017.0,Supervised,"Image Classification, Object Detection",Efficiency on Mobile Devices,Average,ReLU
ImageNet-1K,0.0,1.0,,,,1000,35.0,keras,10.0,,0.0,3538984,156,mobilenet_v2,0.0,0.0,,mobilenet,52.0,1.0,0.0,1.0,0.0,1.0,0.0,0.0,0.0,2017.0,Supervised,"Image Classification, Object Detection",Efficiency on Mobile Devices,Average,ReLU
ImageNet-1K,0.0,1.0,,,,1000,48.0,keras,110.0,,78.0,88949818,1041,NASNet_large,0.0,0.0,,nasnet,264.0,1.0,1.0,1.0,0.0,1.0,0.0,0.0,0.0,2017.0,Supervised,"Image Classification, Object Detection",Neural Architecture Search,"Max, Average",ReLU
ImageNet-1K,0.0,1.0,,,,1000,36.0,keras,80.0,,60.0,5326716,771,NASNet_mobile,0.0,0.0,,nasnet,192.0,1.0,1.0,1.0,0.0,1.0,0.0,0.0,0.0,2017.0,Supervised,"Image Classification, Object Detection",Neural Architecture Search,"Max, Average",ReLU
ImageNet-1K,0.0,1.0,,,,1000,44.0,keras,0.0,,0.0,2705640,145,regnetx002,0.0,0.0,,regnetx,44.0,1.0,1.0,1.0,1.0,1.0,0.0,0.0,0.0,2020.0,Supervised,Image Classification,Systematic Network Design No Squeeze Excitation,Average,ReLU
ImageNet-1K,0.0,1.0,,,,1000,71.0,keras,0.0,,0.0,5194184,235,regnetx004,0.0,0.0,,regnetx,71.0,1.0,1.0,1.0,1.0,1.0,0.0,0.0,0.0,2020.0,Supervised,Image Classification,Systematic Network Design No Squeeze Excitation,Average,ReLU
ImageNet-1K,0.0,1.0,,,,1000,53.0,keras,0.0,,0.0,6229320,175,regnetx006,0.0,0.0,,regnetx,53.0,1.0,1.0,1.0,1.0,1.0,0.0,0.0,0.0,2020.0,Supervised,Image Classification,Systematic Network Design No Squeeze Excitation,Average,ReLU
ImageNet-1K,0.0,1.0,,,,1000,53.0,keras,0.0,,0.0,7296968,175,regnetx008,0.0,0.0,,regnetx,53.0,1.0,1.0,1.0,1.0,1.0,0.0,0.0,0.0,2020.0,Supervised,Image Classification,Systematic Network Design No Squeeze Excitation,Average,ReLU
ImageNet-1K,0.0,1.0,,,,1000,59.0,keras,0.0,,0.0,9233640,195,regnetx016,0.0,0.0,,regnetx,59.0,1.0,1.0,1.0,1.0,1.0,0.0,0.0,0.0,2020.0,Supervised,Image Classification,Systematic Network Design No Squeeze Excitation,Average,ReLU
ImageNet-1K,0.0,1.0,,,,1000,80.0,keras,0.0,,0.0,15359112,265,regnetx032,0.0,0.0,,regnetx,80.0,1.0,1.0,1.0,1.0,1.0,0.0,0.0,0.0,2020.0,Supervised,Image Classification,Systematic Network Design No Squeeze Excitation,Average,ReLU
ImageNet-1K,0.0,1.0,,,,1000,74.0,keras,0.0,,0.0,22194312,245,regnetx040,0.0,0.0,,regnetx,74.0,1.0,1.0,1.0,1.0,1.0,0.0,0.0,0.0,2020.0,Supervised,Image Classification,Systematic Network Design No Squeeze Excitation,Average,ReLU
ImageNet-1K,0.0,1.0,,,,1000,56.0,keras,0.0,,0.0,26283464,185,regnetx064,0.0,0.0,,regnetx,56.0,1.0,1.0,1.0,1.0,1.0,0.0,0.0,0.0,2020.0,Supervised,Image Classification,Systematic Network Design No Squeeze Excitation,Average,ReLU
ImageNet-1K,0.0,1.0,,,,1000,74.0,keras,0.0,,0.0,39663112,245,regnetx080,0.0,0.0,,regnetx,74.0,1.0,1.0,1.0,1.0,1.0,0.0,0.0,0.0,2020.0,Supervised,Image Classification,Systematic Network Design No Squeeze Excitation,Average,ReLU
ImageNet-1K,0.0,1.0,,,,1000,62.0,keras,0.0,,0.0,46202440,205,regnetx120,0.0,0.0,,regnetx,62.0,1.0,1.0,1.0,1.0,1.0,0.0,0.0,0.0,2020.0,Supervised,Image Classification,Systematic Network Design No Squeeze Excitation,Average,ReLU
ImageNet-1K,0.0,1.0,,,,1000,71.0,keras,0.0,,0.0,54389704,235,regnetx160,0.0,0.0,,regnetx,71.0,1.0,1.0,1.0,1.0,1.0,0.0,0.0,0.0,2020.0,Supervised,Image Classification,Systematic Network Design No Squeeze Excitation,Average,ReLU
ImageNet-1K,0.0,1.0,,,,1000,74.0,keras,0.0,,0.0,107973576,245,regnetx320,0.0,0.0,,regnetx,74.0,1.0,1.0,1.0,1.0,1.0,0.0,0.0,0.0,2020.0,Supervised,Image Classification,Systematic Network Design No Squeeze Excitation,Average,ReLU
ImageNet-1K,0.0,1.0,,,,1000,70.0,keras,0.0,,0.0,3183844,197,regnety002,0.0,0.0,,regnety,44.0,1.0,1.0,1.0,1.0,1.0,0.0,0.0,0.0,2020.0,Supervised,Image Classification,Regnet With Squeeze Excitation,Average,NA
ImageNet-1K,0.0,1.0,,,,1000,85.0,keras,0.0,,0.0,4371296,239,regnety004,0.0,0.0,,regnety,53.0,1.0,1.0,1.0,1.0,1.0,0.0,0.0,0.0,2020.0,Supervised,Image Classification,Regnet With Squeeze Excitation,Average,NA
ImageNet-1K,0.0,1.0,,,,1000,80.0,keras,0.0,,0.0,6084920,225,regnety006,0.0,0.0,,regnety,50.0,1.0,1.0,1.0,1.0,1.0,0.0,0.0,0.0,2020.0,Supervised,Image Classification,Regnet With Squeeze Excitation,Average,NA
ImageNet-1K,0.0,1.0,,,,1000,75.0,keras,0.0,,0.0,6293056,211,regnety008,0.0,0.0,,regnety,47.0,1.0,1.0,1.0,1.0,1.0,0.0,0.0,0.0,2020.0,Supervised,Image Classification,Regnet With Squeeze Excitation,Average,NA
ImageNet-1K,0.0,1.0,,,,1000,140.0,keras,0.0,,0.0,11255102,393,regnety016,0.0,0.0,,regnety,86.0,1.0,1.0,1.0,1.0,1.0,0.0,0.0,0.0,2020.0,Supervised,Image Classification,Regnet With Squeeze Excitation,Average,NA
ImageNet-1K,0.0,1.0,,,,1000,110.0,keras,0.0,,0.0,19502498,309,regnety032,0.0,0.0,,regnety,68.0,1.0,1.0,1.0,1.0,1.0,0.0,0.0,0.0,2020.0,Supervised,Image Classification,Regnet With Squeeze Excitation,Average,NA
ImageNet-1K,0.0,1.0,,,,1000,115.0,keras,0.0,,0.0,20708928,323,regnety040,0.0,0.0,,regnety,71.0,1.0,1.0,1.0,1.0,1.0,0.0,0.0,0.0,2020.0,Supervised,Image Classification,Regnet With Squeeze Excitation,Average,NA
ImageNet-1K,0.0,1.0,,,,1000,130.0,keras,0.0,,0.0,30665684,365,regnety064,0.0,0.0,,regnety,80.0,1.0,1.0,1.0,1.0,1.0,0.0,0.0,0.0,2020.0,Supervised,Image Classification,Regnet With Squeeze Excitation,Average,NA
ImageNet-1K,0.0,1.0,,,,1000,90.0,keras,0.0,,0.0,39265812,253,regnety080,0.0,0.0,,regnety,56.0,1.0,1.0,1.0,1.0,1.0,0.0,0.0,0.0,2020.0,Supervised,Image Classification,Regnet With Squeeze Excitation,Average,NA
ImageNet-1K,0.0,1.0,,,,1000,100.0,keras,0.0,,0.0,51918928,281,regnety120,0.0,0.0,,regnety,62.0,1.0,1.0,1.0,1.0,1.0,0.0,0.0,0.0,2020.0,Supervised,Image Classification,Regnet With Squeeze Excitation,Average,NA
ImageNet-1K,0.0,1.0,,,,1000,95.0,keras,0.0,,0.0,83712956,267,regnety160,0.0,0.0,,regnety,59.0,1.0,1.0,1.0,1.0,1.0,0.0,0.0,0.0,2020.0,Supervised,Image Classification,Regnet With Squeeze Excitation,Average,NA
ImageNet-1K,0.0,1.0,,,,1000,105.0,keras,0.0,,0.0,145205058,295,regnety320,0.0,0.0,,regnety,65.0,1.0,1.0,1.0,1.0,1.0,0.0,0.0,0.0,2020.0,Supervised,Image Classification,Regnet With Squeeze Excitation,Average,NA
ImageNet-1K,0.0,1.0,,,,1000,173.0,keras,33.0,,3.0,63724296,529,resnet-rs-101,0.0,0.0,,resnet,107.0,1.0,1.0,1.0,1.0,1.0,0.0,0.0,0.0,2015.0,Supervised,"Image Classification, Object Detection, Image Segmentation",Deep Residual Learning for Image Recognition,"Max, Average",ReLU
ImageNet-1K,0.0,1.0,,,,1000,258.0,keras,50.0,,3.0,86773256,784,resnet-rs-152,0.0,0.0,,resnet,158.0,1.0,1.0,1.0,1.0,1.0,0.0,0.0,0.0,2015.0,Supervised,"Image Classification, Object Detection, Image Segmentation",Deep Residual Learning for Image Recognition,"Max, Average",ReLU
ImageNet-1K,0.0,1.0,,,,1000,338.0,keras,66.0,,3.0,93386248,1090,resnet-rs-200,0.0,0.0,,resnet,206.0,1.0,1.0,1.0,1.0,1.0,0.0,0.0,0.0,2015.0,Supervised,"Image Classification, Object Detection, Image Segmentation",Deep Residual Learning for Image Recognition,"Max, Average",ReLU
ImageNet-1K,0.0,1.0,,,,1000,458.0,keras,90.0,,3.0,130104520,1474,resnet-rs-270,0.0,0.0,,resnet,278.0,1.0,1.0,1.0,1.0,1.0,0.0,0.0,0.0,2015.0,Supervised,"Image Classification, Object Detection, Image Segmentation",Deep Residual Learning for Image Recognition,"Max, Average",ReLU
ImageNet-1K,0.0,1.0,,,,1000,588.0,keras,116.0,,3.0,164268360,1890,resnet-rs-350,0.0,0.0,,resnet,356.0,1.0,1.0,1.0,1.0,1.0,0.0,0.0,0.0,2015.0,Supervised,"Image Classification, Object Detection, Image Segmentation",Deep Residual Learning for Image Recognition,"Max, Average",ReLU
ImageNet-1K,0.0,1.0,,,,1000,703.0,keras,139.0,,3.0,192262216,2258,resnet-rs-420,0.0,0.0,,resnet,425.0,1.0,1.0,1.0,1.0,1.0,0.0,0.0,0.0,2015.0,Supervised,"Image Classification, Object Detection, Image Segmentation",Deep Residual Learning for Image Recognition,"Max, Average",ReLU
ImageNet-1K,0.0,1.0,,,,1000,88.0,keras,16.0,,3.0,35745288,274,resnet-rs-50,0.0,0.0,,resnet,56.0,1.0,1.0,1.0,1.0,1.0,0.0,0.0,0.0,2015.0,Supervised,"Image Classification, Object Detection, Image Segmentation",Deep Residual Learning for Image Recognition,"Max, Average",ReLU
ImageNet-1K,0.0,1.0,,,,1000,104.0,keras,33.0,,4.0,44675560,379,resnet101v2,0.0,0.0,,resnet,100.0,1.0,1.0,1.0,1.0,1.0,0.0,0.0,0.0,2015.0,Supervised,"Image Classification, Object Detection, Image Segmentation",Deep Residual Learning for Image Recognition,"Max, Average",ReLU
ImageNet-1K,0.0,1.0,,,,1000,155.0,keras,50.0,,4.0,60380648,566,resnet152v2,0.0,0.0,,resnet,151.0,1.0,1.0,1.0,1.0,1.0,0.0,0.0,0.0,2015.0,Supervised,"Image Classification, Object Detection, Image Segmentation",Deep Residual Learning for Image Recognition,"Max, Average",ReLU
ImageNet-1K,0.0,1.0,,,,1000,53.0,keras,16.0,,4.0,25613800,192,resnet50v2,0.0,0.0,,resnet,49.0,1.0,1.0,1.0,1.0,1.0,0.0,0.0,0.0,2015.0,Supervised,"Image Classification, Object Detection, Image Segmentation",Deep Residual Learning for Image Recognition,"Max, Average",ReLU
https://www.kaggle.com/datasets/mateuszbuda/lgg-mri-segmentation,0.0,0.0,,,,1,19.0,pytorch,0.0,,4.0,7763041,73,brain-segmentation-pytorch,0.0,0.0,,unet,18.0,1.0,0.0,0.0,0.0,1.0,0.0,0.0,0.0,2019.0,Supervised,Image Segmentation,U-shaped Architecture for Segmentation,Max,ReLU
COCO,,,,,,512,,tfhub,,,,15304768,2,vgg19-block5-conv2-unpooling-encoder,,,,vgg,,1.0,0.0,1.0,0.0,0.0,0.0,0.0,0.0,2014.0,Supervised,Image Classification,Deep Architecture with 11 Layers,Max,ReLU
COCO,,,,,,512,,tfhub,,,,5865536,2,vgg19-block4-conv2-unpooling-encoder,,,,vgg,,1.0,0.0,1.0,0.0,0.0,0.0,0.0,0.0,2014.0,Supervised,Image Classification,Deep Architecture with 11 Layers,Max,ReLU
COCO,,,,,,512,,tfhub,,,,38720,1,vgg19-block1-conv2-unpooling-encoder,,,,vgg,,1.0,0.0,1.0,0.0,0.0,0.0,0.0,0.0,2014.0,Supervised,Image Classification,Deep Architecture with 11 Layers,Max,ReLU
ImageNet-1K,0.0,1.0,2049000.0,6076800.0,5280.0,1000,94.0,timm,0.0,928.0,2.0,23834568,300,adv_inception_v3,0.0,0.0,0.875,inception_v3,94.0,1.0,0.0,1.0,0.0,0.0,0.0,0.0,0.0,2015.0,Supervised,Image Classification,"Label Smoothing, Factorized Convolutions","Max, Average",ReLU
ImageNet-1K,8.0,1.0,2049000.0,8619456.0,8619456.0,1000,79.0,timm,0.0,26232.0,1.0,10731200,414,bat_resnext26ts,0.0,0.0,0.9,resnext,63.0,1.0,1.0,1.0,1.0,1.0,0.0,0.0,0.0,2017.0,Supervised,Image Classification,Grouped Convolutions,"Max, Average",ReLU
ImageNet-1K,0.0,49.0,769000.0,85026816.0,1536.0,1000,1.0,timm,0.0,590592.0,0.0,86530984,189,beit_base_patch16_224,0.0,12.0,0.9,beit,25.0,1.0,0.0,1.0,1.0,1.0,1.0,1.0,1.0,2022.0,Self-Supervised,"Image Classification, Image Segmentation",Self-supervised Learning for Images,Average,GeLU
ImageNet-1K,0.0,49.0,769000.0,85026816.0,1536.0,1000,1.0,timm,0.0,590592.0,0.0,86744104,189,beit_base_patch16_384,0.0,12.0,1.0,beit,25.0,1.0,0.0,1.0,1.0,1.0,1.0,1.0,1.0,2022.0,Self-Supervised,"Image Classification, Image Segmentation",Self-supervised Learning for Images,Average,GeLU
ImageNet-1K,0.0,97.0,1025000.0,302235648.0,2048.0,1000,1.0,timm,0.0,787456.0,0.0,304430568,369,beit_large_patch16_224,0.0,24.0,0.9,beit,49.0,1.0,0.0,1.0,1.0,1.0,1.0,1.0,1.0,2022.0,Self-Supervised,"Image Classification, Image Segmentation",Self-supervised Learning for Images,Average,GeLU
ImageNet-1K,0.0,97.0,1025000.0,302235648.0,2048.0,1000,1.0,timm,0.0,787456.0,0.0,304998888,369,beit_large_patch16_384,0.0,24.0,1.0,beit,49.0,1.0,0.0,1.0,1.0,1.0,1.0,1.0,1.0,2022.0,Self-Supervised,"Image Classification, Image Segmentation",Self-supervised Learning for Images,Average,GeLU
ImageNet-1K,0.0,97.0,1025000.0,302235648.0,2048.0,1000,1.0,timm,0.0,787456.0,0.0,305674728,369,beit_large_patch16_512,0.0,24.0,1.0,beit,49.0,1.0,0.0,1.0,1.0,1.0,1.0,1.0,1.0,2022.0,Self-Supervised,"Image Classification, Image Segmentation",Self-supervised Learning for Images,Average,GeLU
ImageNet-1K,0.0,49.0,769000.0,85026816.0,1536.0,1000,1.0,timm,0.0,590592.0,0.0,86530984,189,beitv2_base_patch16_224,0.0,12.0,0.9,beitv2,25.0,1.0,0.0,1.0,0.0,1.0,1.0,1.0,1.0,2022.0,Self-Supervised,"Image Classification, Image Segmentation",Improvements in Self-Supervised Learning,Class Token,GeLU
ImageNet-1K,0.0,97.0,1025000.0,302235648.0,2048.0,1000,1.0,timm,0.0,787456.0,0.0,304430568,369,beitv2_large_patch16_224,0.0,24.0,0.95,beitv2,49.0,1.0,0.0,1.0,0.0,1.0,1.0,1.0,1.0,2022.0,Self-Supervised,"Image Classification, Image Segmentation",Improvements in Self-Supervised Learning,Class Token,GeLU
ImageNet-1K,8.0,1.0,2049000.0,10382720.0,10382720.0,1000,31.0,timm,0.0,26232.0,2.0,12488672,222,botnet26t_256,0.0,0.0,0.95,botnet,31.0,1.0,1.0,1.0,1.0,1.0,0.0,0.0,1.0,2021.0,Supervised,"Image Classification, Object Detection, Image Segmentation",Transformer Blocks in ResNet,Average,"ReLU, GeLU"
ImageNet-1K,0.0,229.0,769000.0,255182976.0,1536.0,1000,1.0,timm,0.0,590592.0,0.0,271221352,655,cait_m36_384,0.0,0.0,1.0,cait,77.0,1.0,0.0,1.0,0.0,1.0,0.0,1.0,1.0,2021.0,Supervised,"Image Classification, Image Segmentation",Class Attention Mechanism,Average,GeLU
ImageNet-1K,0.0,301.0,769000.0,340243968.0,1536.0,1000,1.0,timm,0.0,590592.0,0.0,356460520,859,cait_m48_448,0.0,0.0,1.0,cait,101.0,1.0,0.0,1.0,0.0,1.0,0.0,1.0,1.0,2021.0,Supervised,"Image Classification, Image Segmentation",Class Attention Mechanism,Average,GeLU
ImageNet-1K,0.0,157.0,385000.0,42590592.0,768.0,1000,1.0,timm,0.0,295296.0,0.0,46916200,451,cait_s24_224,0.0,0.0,1.0,cait,53.0,1.0,0.0,1.0,0.0,1.0,0.0,1.0,1.0,2021.0,Supervised,"Image Classification, Image Segmentation",Class Attention Mechanism,Average,GeLU
ImageNet-1K,0.0,157.0,385000.0,42590592.0,768.0,1000,1.0,timm,0.0,295296.0,0.0,47062120,451,cait_s24_384,0.0,0.0,1.0,cait,53.0,1.0,0.0,1.0,0.0,1.0,0.0,1.0,1.0,2021.0,Supervised,"Image Classification, Image Segmentation",Class Attention Mechanism,Average,GeLU
ImageNet-1K,0.0,229.0,385000.0,63885888.0,768.0,1000,1.0,timm,0.0,295296.0,0.0,68366632,655,cait_s36_384,0.0,0.0,1.0,cait,77.0,1.0,0.0,1.0,0.0,1.0,0.0,1.0,1.0,2021.0,Supervised,"Image Classification, Image Segmentation",Class Attention Mechanism,Average,GeLU
ImageNet-1K,0.0,157.0,289000.0,23979744.0,576.0,1000,1.0,timm,0.0,221472.0,0.0,26670088,451,cait_xs24_384,0.0,0.0,1.0,cait,53.0,1.0,0.0,1.0,0.0,1.0,0.0,1.0,1.0,2021.0,Supervised,"Image Classification, Image Segmentation",Class Attention Mechanism,Average,GeLU
ImageNet-1K,0.0,157.0,193000.0,10677696.0,384.0,1000,1.0,timm,0.0,147648.0,0.0,11956264,451,cait_xxs24_224,0.0,0.0,1.0,cait,53.0,1.0,0.0,1.0,0.0,1.0,0.0,1.0,1.0,2021.0,Supervised,"Image Classification, Image Segmentation",Class Attention Mechanism,Average,GeLU
ImageNet-1K,0.0,157.0,193000.0,10677696.0,384.0,1000,1.0,timm,0.0,147648.0,0.0,12029224,451,cait_xxs24_384,0.0,0.0,1.0,cait,53.0,1.0,0.0,1.0,0.0,1.0,0.0,1.0,1.0,2021.0,Supervised,"Image Classification, Image Segmentation",Class Attention Mechanism,Average,GeLU
ImageNet-1K,0.0,229.0,193000.0,16016544.0,384.0,1000,1.0,timm,0.0,147648.0,0.0,17299720,655,cait_xxs36_224,0.0,0.0,1.0,cait,77.0,1.0,0.0,1.0,0.0,1.0,0.0,1.0,1.0,2021.0,Supervised,"Image Classification, Image Segmentation",Class Attention Mechanism,Average,GeLU
ImageNet-1K,0.0,229.0,193000.0,16016544.0,384.0,1000,1.0,timm,0.0,147648.0,0.0,17372680,655,cait_xxs36_384,0.0,0.0,1.0,cait,77.0,1.0,0.0,1.0,0.0,1.0,0.0,1.0,1.0,2021.0,Supervised,"Image Classification, Image Segmentation",Class Attention Mechanism,Average,GeLU
ImageNet-1K,0.0,33.0,513000.0,6346752.0,640.0,1000,20.0,timm,0.0,3264.0,0.0,11011560,167,coat_lite_mini,0.0,0.0,0.9,coat,21.0,1.0,0.0,1.0,0.0,1.0,0.0,1.0,1.0,2021.0,Supervised,"Image Classification, Object Detection, Image Segmentation",Co-Scale and Conv-Attentional Mechanisms,Class Token,GeLU
ImageNet-1K,0.0,65.0,513000.0,9520128.0,640.0,1000,20.0,timm,0.0,3264.0,0.0,19838504,287,coat_lite_small,0.0,0.0,0.9,coat,37.0,1.0,0.0,1.0,0.0,1.0,0.0,1.0,1.0,2021.0,Supervised,"Image Classification, Object Detection, Image Segmentation",Co-Scale and Conv-Attentional Mechanisms,Class Token,GeLU
ImageNet-1K,0.0,33.0,321000.0,2492160.0,640.0,1000,20.0,timm,0.0,3264.0,0.0,5721960,167,coat_lite_tiny,0.0,0.0,0.9,coat,21.0,1.0,0.0,1.0,0.0,1.0,0.0,1.0,1.0,2021.0,Supervised,"Image Classification, Object Detection, Image Segmentation",Co-Scale and Conv-Attentional Mechanisms,Class Token,GeLU
ImageNet-1K,0.0,81.0,217000.0,5756832.0,4.0,1000,20.0,timm,0.0,7752.0,0.0,10337004,345,coat_mini,0.0,0.0,0.9,coat,59.0,1.0,0.0,1.0,0.0,1.0,0.0,1.0,1.0,2021.0,Supervised,"Image Classification, Object Detection, Image Segmentation",Co-Scale and Conv-Attentional Mechanisms,Class Token,GeLU
ImageNet-1K,0.0,81.0,153000.0,2883744.0,4.0,1000,20.0,timm,0.0,7752.0,0.0,5498540,345,coat_tiny,0.0,0.0,0.9,coat,59.0,1.0,0.0,1.0,0.0,1.0,0.0,1.0,1.0,2021.0,Supervised,"Image Classification, Object Detection, Image Segmentation",Co-Scale and Conv-Attentional Mechanisms,Class Token,GeLU
ImageNet-1K,0.0,1.0,769000.0,26634146.0,1536.0,1000,67.0,timm,0.0,19360.0,8.0,27435562,333,coatnet_0_rw_224,0.0,18.0,0.95,coatnet,35.0,1.0,1.0,1.0,0.0,1.0,1.0,0.0,1.0,2021.0,Supervised,Image Classification,Hybrid Convolution and Transformer Architecture,"Max, Average",GeLU
ImageNet-1K,0.0,1.0,769000.0,40909718.0,1536.0,1000,110.0,timm,0.0,19360.0,6.0,41721502,535,coatnet_1_rw_224,0.0,32.0,0.95,coatnet,58.0,1.0,1.0,1.0,0.0,1.0,1.0,0.0,1.0,2021.0,Supervised,Image Classification,Hybrid Convolution and Transformer Architecture,"Max, Average",GeLU
ImageNet-1K,0.0,1.0,769000.0,26634146.0,1536.0,1000,67.0,timm,0.0,19360.0,6.0,27435562,329,coatnet_bn_0_rw_224,0.0,18.0,0.95,coatnet,35.0,1.0,1.0,1.0,0.0,1.0,1.0,0.0,1.0,2021.0,Supervised,Image Classification,Hybrid Convolution and Transformer Architecture,"Max, Average",GeLU
ImageNet-1K,0.0,1.0,513000.0,14596340.0,1024.0,1000,76.0,timm,0.0,19360.0,8.0,15141244,377,coatnet_nano_rw_224,0.0,18.0,0.9,coatnet,41.0,1.0,1.0,1.0,0.0,1.0,1.0,0.0,1.0,2021.0,Supervised,Image Classification,Hybrid Convolution and Transformer Architecture,"Max, Average",GeLU
ImageNet-1K,0.0,33.0,769000.0,40880198.0,1536.0,1000,110.0,timm,0.0,19360.0,8.0,41691982,651,coatnet_rmlp_1_rw_224,0.0,32.0,0.95,coatnet,58.0,1.0,1.0,1.0,0.0,1.0,1.0,0.0,1.0,2021.0,Supervised,Image Classification,Hybrid Convolution and Transformer Architecture,"Max, Average",GeLU
ImageNet-1K,0.0,19.0,513000.0,14600212.0,1024.0,1000,76.0,timm,0.0,19360.0,6.0,15145116,436,coatnet_rmlp_nano_rw_224,0.0,18.0,0.9,coatnet,41.0,1.0,1.0,1.0,0.0,1.0,1.0,0.0,1.0,2021.0,Supervised,Image Classification,Hybrid Convolution and Transformer Architecture,"Max, Average",GeLU
ImageNet-1K,0.0,69.0,769000.0,85027456.0,1536.0,1000,1.0,timm,0.0,590592.0,0.0,86540040,208,convit_base,0.0,0.0,,convit,25.0,1.0,0.0,1.0,0.0,1.0,0.0,1.0,1.0,2021.0,Supervised,Image Classification,Combines Convolutions and Transformers,Class Token,GeLU
ImageNet-1K,0.0,69.0,433000.0,26926056.0,864.0,1000,1.0,timm,0.0,332208.0,0.0,27777322,208,convit_small,0.0,0.0,,convit,25.0,1.0,0.0,1.0,0.0,1.0,0.0,1.0,1.0,2021.0,Supervised,Image Classification,Combines Convolutions and Transformers,Class Token,GeLU
ImageNet-1K,0.0,69.0,193000.0,5331616.0,384.0,1000,1.0,timm,0.0,147648.0,0.0,5710512,208,convit_tiny,0.0,0.0,,convit,25.0,1.0,0.0,1.0,0.0,1.0,0.0,1.0,1.0,2021.0,Supervised,Image Classification,Combines Convolutions and Transformers,Class Token,GeLU
ImageNet-1K,0.0,1.0,769000.0,20226048.0,20226048.0,1000,65.0,timm,0.0,115200.0,0.0,21110248,298,convmixer_768_32,0.0,0.0,0.96,convmixer,65.0,1.0,0.0,1.0,0.0,1.0,0.0,0.0,0.0,2022.0,Supervised,Image Classification,Mixes Per-Patch Fully Connected and Depthwise Convolutions,Average,GeLU
ImageNet-1K,0.0,1.0,1025000.0,22753280.0,22753280.0,1000,41.0,timm,0.0,605184.0,0.0,24383464,190,convmixer_1024_20_ks9_p14,0.0,0.0,0.96,convmixer,41.0,1.0,0.0,1.0,0.0,1.0,0.0,0.0,0.0,2022.0,Supervised,Image Classification,Mixes Per-Patch Fully Connected and Depthwise Convolutions,Average,GeLU
ImageNet-1K,0.0,1.0,1537000.0,49858560.0,49858560.0,1000,41.0,timm,0.0,230400.0,0.0,51625960,190,convmixer_1536_20,0.0,0.0,0.96,convmixer,41.0,1.0,0.0,1.0,0.0,1.0,0.0,0.0,0.0,2022.0,Supervised,Image Classification,Mixes Per-Patch Fully Connected and Depthwise Convolutions,Average,GeLU
ImageNet-1K,0.0,1.0,321640.0,3370000.0,3370000.0,1000,41.0,timm,0.0,9432.0,0.0,3702912,153,convnext_atto_ols,0.0,0.0,0.875,convnext,17.0,1.0,1.0,1.0,1.0,1.0,0.0,0.0,0.0,2022.0,Supervised,"Image Classification, Object Detection, Image Segmentation",Transformer Design Principles in ConvNet,Average,GeLU
ImageNet-1K,0.0,73.0,1027048.0,87539840.0,87539840.0,1000,40.0,timm,0.0,6528.0,0.0,88591464,392,convnext_base,0.0,0.0,0.875,convnext,41.0,1.0,1.0,1.0,1.0,1.0,0.0,0.0,0.0,2022.0,Supervised,"Image Classification, Object Detection, Image Segmentation",Transformer Design Principles in ConvNet,Average,GeLU
ImageNet-1K,0.0,73.0,1027048.0,87539840.0,87539840.0,1000,40.0,timm,0.0,6528.0,0.0,88591464,392,convnext_base_384_in22ft1k,0.0,0.0,1.0,convnext,41.0,1.0,1.0,1.0,1.0,1.0,0.0,0.0,0.0,2022.0,Supervised,"Image Classification, Object Detection, Image Segmentation",Transformer Design Principles in ConvNet,Average,GeLU
ImageNet-21K,0.0,73.0,22389073.0,87539840.0,87539840.0,21841,40.0,timm,0.0,6528.0,0.0,109953489,392,convnext_base_in22k,0.0,0.0,0.875,convnext,41.0,1.0,1.0,1.0,1.0,1.0,0.0,0.0,0.0,2022.0,Supervised,"Image Classification, Object Detection, Image Segmentation",Transformer Design Principles in ConvNet,Average,GeLU
ImageNet-1K,0.0,1.0,385768.0,4827360.0,4827360.0,1000,41.0,timm,0.0,11184.0,0.0,5226520,153,convnext_femto_ols,0.0,0.0,0.875,convnext,17.0,1.0,1.0,1.0,1.0,1.0,0.0,0.0,0.0,2022.0,Supervised,"Image Classification, Object Detection, Image Segmentation",Transformer Design Principles in ConvNet,Average,GeLU
ImageNet-1K,0.0,73.0,1540072.0,196190400.0,196190400.0,1000,40.0,timm,0.0,9792.0,0.0,197767336,392,convnext_large,0.0,0.0,0.875,convnext,41.0,1.0,1.0,1.0,1.0,1.0,0.0,0.0,0.0,2022.0,Supervised,"Image Classification, Object Detection, Image Segmentation",Transformer Design Principles in ConvNet,Average,GeLU
ImageNet-1K,0.0,73.0,1540072.0,196190400.0,196190400.0,1000,40.0,timm,0.0,9792.0,0.0,197767336,392,convnext_large_384_in22ft1k,0.0,0.0,1.0,convnext,41.0,1.0,1.0,1.0,1.0,1.0,0.0,0.0,0.0,2022.0,Supervised,"Image Classification, Object Detection, Image Segmentation",Transformer Design Principles in ConvNet,Average,GeLU
ImageNet-21K,0.0,73.0,33572689.0,196190400.0,196190400.0,21841,40.0,timm,0.0,9792.0,0.0,229799953,392,convnext_large_in22k,0.0,0.0,0.875,convnext,41.0,1.0,1.0,1.0,1.0,1.0,0.0,0.0,0.0,2022.0,Supervised,"Image Classification, Object Detection, Image Segmentation",Transformer Design Principles in ConvNet,Average,GeLU
ImageNet-1K,0.0,1.0,642280.0,14942880.0,14942880.0,1000,47.0,timm,0.0,60080.0,0.0,15649560,173,convnext_nano_ols,0.0,0.0,0.95,convnext,19.0,1.0,1.0,1.0,1.0,1.0,0.0,0.0,0.0,2022.0,Supervised,"Image Classification, Object Detection, Image Segmentation",Transformer Design Principles in ConvNet,Average,GeLU
ImageNet-1K,0.0,1.0,514024.0,8525440.0,8525440.0,1000,41.0,timm,0.0,19520.0,0.0,9061928,153,convnext_pico_ols,0.0,0.0,0.95,convnext,17.0,1.0,1.0,1.0,1.0,1.0,0.0,0.0,0.0,2022.0,Supervised,"Image Classification, Object Detection, Image Segmentation",Transformer Design Principles in ConvNet,Average,GeLU
ImageNet-1K,0.0,73.0,770536.0,49434720.0,49434720.0,1000,40.0,timm,0.0,4896.0,0.0,50223688,392,convnext_small,0.0,0.0,0.875,convnext,41.0,1.0,1.0,1.0,1.0,1.0,0.0,0.0,0.0,2022.0,Supervised,"Image Classification, Object Detection, Image Segmentation",Transformer Design Principles in ConvNet,Average,GeLU
ImageNet-1K,0.0,73.0,770536.0,49434720.0,49434720.0,1000,40.0,timm,0.0,4896.0,0.0,50223688,392,convnext_small_384_in22ft1k,0.0,0.0,1.0,convnext,41.0,1.0,1.0,1.0,1.0,1.0,0.0,0.0,0.0,2022.0,Supervised,"Image Classification, Object Detection, Image Segmentation",Transformer Design Principles in ConvNet,Average,GeLU
ImageNet-21K,0.0,73.0,16797265.0,49434720.0,49434720.0,21841,40.0,timm,0.0,4896.0,0.0,66250417,392,convnext_small_in22k,0.0,0.0,0.875,convnext,41.0,1.0,1.0,1.0,1.0,1.0,0.0,0.0,0.0,2022.0,Supervised,"Image Classification, Object Detection, Image Segmentation",Transformer Design Principles in ConvNet,Average,GeLU
ImageNet-1K,0.0,37.0,770536.0,27807072.0,27807072.0,1000,22.0,timm,0.0,4896.0,0.0,28589128,212,convnext_tiny,0.0,0.0,0.875,convnext,23.0,1.0,1.0,1.0,1.0,1.0,0.0,0.0,0.0,2022.0,Supervised,"Image Classification, Object Detection, Image Segmentation",Transformer Design Principles in ConvNet,Average,GeLU
ImageNet-1K,0.0,37.0,770536.0,27807072.0,27807072.0,1000,22.0,timm,0.0,4896.0,0.0,28589128,212,convnext_tiny_384_in22ft1k,0.0,0.0,1.0,convnext,23.0,1.0,1.0,1.0,1.0,1.0,0.0,0.0,0.0,2022.0,Supervised,"Image Classification, Object Detection, Image Segmentation",Transformer Design Principles in ConvNet,Average,GeLU
ImageNet-1K,0.0,37.0,770536.0,27807072.0,27807072.0,1000,22.0,timm,0.0,4896.0,0.0,28589128,212,convnext_tiny_in22ft1k,0.0,0.0,0.875,convnext,23.0,1.0,1.0,1.0,1.0,1.0,0.0,0.0,0.0,2022.0,Supervised,"Image Classification, Object Detection, Image Segmentation",Transformer Design Principles in ConvNet,Average,GeLU
ImageNet-1K,0.0,73.0,2053096.0,348094720.0,348094720.0,1000,40.0,timm,0.0,13056.0,0.0,350196968,392,convnext_xlarge_384_in22ft1k,0.0,0.0,1.0,convnext,41.0,1.0,1.0,1.0,1.0,1.0,0.0,0.0,0.0,2022.0,Supervised,"Image Classification, Object Detection, Image Segmentation",Transformer Design Principles in ConvNet,Average,GeLU
ImageNet-1K,0.0,86.0,386000.0,7812096.0,768.0,1000,2.0,timm,0.0,252288.0,0.0,8553296,359,crossvit_9_240,0.0,24.0,0.875,crossvit,44.0,1.0,0.0,1.0,0.0,1.0,1.0,1.0,1.0,2021.0,Supervised,Image Classification,Dual-branch Transformers for Multi-scale Processing,Class Token,GeLU
ImageNet-1K,0.0,86.0,386000.0,7812096.0,768.0,1000,6.0,timm,0.0,475584.0,0.0,8776592,369,crossvit_9_dagger_240,0.0,24.0,0.875,crossvit,44.0,1.0,0.0,1.0,0.0,1.0,1.0,1.0,1.0,2021.0,Supervised,Image Classification,Dual-branch Transformers for Multi-scale Processing,Class Token,GeLU
ImageNet-1K,0.0,110.0,578000.0,26417664.0,1152.0,1000,2.0,timm,0.0,378432.0,0.0,27528464,467,crossvit_15_240,0.0,30.0,0.875,crossvit,56.0,1.0,0.0,1.0,0.0,1.0,1.0,1.0,1.0,2021.0,Supervised,Image Classification,Dual-branch Transformers for Multi-scale Processing,Class Token,GeLU
ImageNet-1K,0.0,110.0,578000.0,26417664.0,1152.0,1000,6.0,timm,0.0,1058976.0,0.0,28209008,477,crossvit_15_dagger_240,0.0,30.0,0.875,crossvit,56.0,1.0,0.0,1.0,0.0,1.0,1.0,1.0,1.0,2021.0,Supervised,Image Classification,Dual-branch Transformers for Multi-scale Processing,Class Token,GeLU
ImageNet-1K,0.0,110.0,578000.0,26417664.0,1152.0,1000,6.0,timm,0.0,1058976.0,0.0,28500080,477,crossvit_15_dagger_408,0.0,30.0,1.0,crossvit,56.0,1.0,0.0,1.0,0.0,1.0,1.0,1.0,1.0,2021.0,Supervised,Image Classification,Dual-branch Transformers for Multi-scale Processing,Class Token,GeLU
ImageNet-1K,0.0,122.0,674000.0,41975808.0,1344.0,1000,2.0,timm,0.0,441504.0,0.0,43271408,521,crossvit_18_240,0.0,33.0,0.875,crossvit,62.0,1.0,0.0,1.0,0.0,1.0,1.0,1.0,1.0,2021.0,Supervised,Image Classification,Dual-branch Transformers for Multi-scale Processing,Class Token,GeLU
ImageNet-1K,0.0,122.0,674000.0,41975808.0,1344.0,1000,6.0,timm,0.0,1437072.0,0.0,44266976,531,crossvit_18_dagger_240,0.0,33.0,0.875,crossvit,62.0,1.0,0.0,1.0,0.0,1.0,1.0,1.0,1.0,2021.0,Supervised,Image Classification,Dual-branch Transformers for Multi-scale Processing,Class Token,GeLU
ImageNet-1K,0.0,122.0,674000.0,41975808.0,1344.0,1000,6.0,timm,0.0,1437072.0,0.0,44606560,531,crossvit_18_dagger_408,0.0,33.0,1.0,crossvit,62.0,1.0,0.0,1.0,0.0,1.0,1.0,1.0,1.0,2021.0,Supervised,Image Classification,Dual-branch Transformers for Multi-scale Processing,Class Token,GeLU
ImageNet-1K,0.0,98.0,1154000.0,102805632.0,2304.0,1000,2.0,timm,0.0,756864.0,0.0,105025232,413,crossvit_base_240,0.0,27.0,0.875,crossvit,50.0,1.0,0.0,1.0,0.0,1.0,1.0,1.0,1.0,2021.0,Supervised,Image Classification,Dual-branch Transformers for Multi-scale Processing,Class Token,GeLU
ImageNet-1K,0.0,98.0,578000.0,25745472.0,1152.0,1000,2.0,timm,0.0,378432.0,0.0,26856272,413,crossvit_small_240,0.0,27.0,0.875,crossvit,50.0,1.0,0.0,1.0,0.0,1.0,1.0,1.0,1.0,2021.0,Supervised,Image Classification,Dual-branch Transformers for Multi-scale Processing,Class Token,GeLU
ImageNet-1K,0.0,98.0,290000.0,6458400.0,576.0,1000,2.0,timm,0.0,189216.0,0.0,7014800,413,crossvit_tiny_240,0.0,27.0,0.875,crossvit,50.0,1.0,0.0,1.0,0.0,1.0,1.0,1.0,1.0,2021.0,Supervised,Image Classification,Dual-branch Transformers for Multi-scale Processing,Class Token,GeLU
ImageNet-1K,0.0,1.0,1025000.0,20090880.0,20090880.0,1000,55.0,timm,0.0,7040.0,0.0,21151720,359,cs3darknet_focus_l,0.0,0.0,0.887,darknet,55.0,1.0,1.0,1.0,0.0,1.0,0.0,0.0,0.0,2018.0,Supervised,Object Detection,Efficiency and Performance in Object Detection,"Max, Average",ReLU
ImageNet-1K,0.0,1.0,769000.0,8513280.0,8513280.0,1000,41.0,timm,0.0,5280.0,0.0,9304360,268,cs3darknet_focus_m,0.0,0.0,0.887,darknet,41.0,1.0,1.0,1.0,0.0,1.0,0.0,0.0,0.0,2018.0,Supervised,Object Detection,Efficiency and Performance in Object Detection,"Max, Average",ReLU
ImageNet-1K,0.0,1.0,1025000.0,20090880.0,20090880.0,1000,56.0,timm,0.0,19488.0,0.0,21164168,364,cs3darknet_l,0.0,0.0,0.887,darknet,56.0,1.0,1.0,1.0,0.0,1.0,0.0,0.0,0.0,2018.0,Supervised,Object Detection,Efficiency and Performance in Object Detection,"Max, Average",ReLU
ImageNet-1K,0.0,1.0,769000.0,8513280.0,8513280.0,1000,42.0,timm,0.0,11160.0,0.0,9310240,273,cs3darknet_m,0.0,0.0,0.887,darknet,42.0,1.0,1.0,1.0,0.0,1.0,0.0,0.0,0.0,2018.0,Supervised,Object Detection,Efficiency and Performance in Object Detection,"Max, Average",ReLU
ImageNet-1K,0.0,1.0,1281000.0,33696000.0,33696000.0,1000,62.0,timm,0.0,30120.0,0.0,35046320,403,cs3darknet_x,0.0,0.0,0.95,darknet,62.0,1.0,1.0,1.0,0.0,1.0,0.0,0.0,0.0,2018.0,Supervised,Object Detection,Efficiency and Performance in Object Detection,"Max, Average",ReLU
ImageNet-1K,0.0,1.0,1281000.0,46464000.0,46464000.0,1000,62.0,timm,0.0,30120.0,0.0,47821120,403,cs3edgenet_x,0.0,0.0,0.887,edgenet,62.0,1.0,0.0,1.0,0.0,0.0,0.0,0.0,0.0,2019.0,Supervised,Object Detection,Specialized in Edge Detection,Max,ReLU
ImageNet-1K,0.0,1.0,1281000.0,49364464.0,49364464.0,1000,110.0,timm,0.0,30120.0,0.0,50721584,523,cs3se_edgenet_x,0.0,0.0,0.95,edgenet,62.0,1.0,0.0,1.0,0.0,0.0,0.0,0.0,0.0,2019.0,Supervised,Object Detection,Specialized in Edge Detection,Max,ReLU
ImageNet-1K,0.0,1.0,1025000.0,20840304.0,20840304.0,1000,98.0,timm,0.0,19488.0,0.0,21913592,469,cs3sedarknet_l,0.0,0.0,0.887,darknet,56.0,1.0,1.0,1.0,0.0,1.0,0.0,0.0,0.0,2018.0,Supervised,Object Detection,Efficiency and Performance in Object Detection,"Max, Average",ReLU
ImageNet-1K,0.0,1.0,1281000.0,34047584.0,34047584.0,1000,110.0,timm,0.0,30120.0,0.0,35397904,523,cs3sedarknet_x,0.0,0.0,0.887,darknet,62.0,1.0,1.0,1.0,0.0,1.0,0.0,0.0,0.0,2018.0,Supervised,Object Detection,Efficiency and Performance in Object Detection,"Max, Average",ReLU
ImageNet-1K,0.0,1.0,1025000.0,26580992.0,26580992.0,1000,67.0,timm,0.0,928.0,0.0,27642184,428,cspdarknet53,0.0,0.0,0.887,darknet,67.0,1.0,1.0,1.0,0.0,1.0,0.0,0.0,0.0,2018.0,Supervised,Object Detection,Efficiency and Performance in Object Detection,"Max, Average",ReLU
ImageNet-1K,13.0,1.0,1025000.0,20541440.0,20541440.0,1000,55.0,timm,0.0,9536.0,1.0,21616168,362,cspresnet50,0.0,0.0,0.887,resnet,55.0,1.0,1.0,1.0,1.0,1.0,0.0,0.0,0.0,2015.0,Supervised,"Image Classification, Object Detection, Image Segmentation",Deep Residual Learning for Image Recognition,"Max, Average",ReLU
ImageNet-1K,13.0,1.0,2049000.0,18454016.0,18454016.0,1000,55.0,timm,0.0,9536.0,1.0,20569896,362,cspresnext50,0.0,0.0,0.887,resnext,55.0,1.0,1.0,1.0,1.0,1.0,0.0,0.0,0.0,2017.0,Supervised,Image Classification,Grouped Convolutions,"Max, Average",ReLU
ImageNet-1K,0.0,1.0,1025000.0,40548352.0,40548352.0,1000,52.0,timm,0.0,928.0,0.0,41609928,353,darknet53,0.0,0.0,0.887,darknet,52.0,1.0,1.0,1.0,0.0,1.0,0.0,0.0,0.0,2018.0,Supervised,Object Detection,Efficiency and Performance in Object Detection,"Max, Average",ReLU
ImageNet-1K,0.0,1.0,1025000.0,34961408.0,34961408.0,1000,52.0,timm,0.0,928.0,5.0,36022984,363,darknetaa53,0.0,0.0,0.887,darknet,52.0,1.0,1.0,1.0,0.0,1.0,0.0,0.0,0.0,2018.0,Supervised,Object Detection,Efficiency and Performance in Object Detection,"Max, Average",ReLU
ImageNet-1K,0.0,49.0,769000.0,85072896.0,1536.0,1000,1.0,timm,0.0,590592.0,0.0,86585320,226,deit3_base_patch16_224,0.0,13.0,0.9,deit3,25.0,1.0,0.0,1.0,0.0,1.0,1.0,1.0,1.0,2022.0,Self-Supervised,Image Classification,Advancements in Data Efficiency,Class Token,GeLU
ImageNet-1K,0.0,49.0,769000.0,85072896.0,1536.0,1000,1.0,timm,0.0,590592.0,0.0,86585320,226,deit3_base_patch16_224_in21ft1k,0.0,13.0,1.0,deit3,25.0,1.0,0.0,1.0,0.0,1.0,1.0,1.0,1.0,2022.0,Self-Supervised,Image Classification,Advancements in Data Efficiency,Class Token,GeLU
ImageNet-1K,0.0,49.0,769000.0,85072896.0,1536.0,1000,1.0,timm,0.0,590592.0,0.0,86877160,226,deit3_base_patch16_384,0.0,13.0,1.0,deit3,25.0,1.0,0.0,1.0,0.0,1.0,1.0,1.0,1.0,2022.0,Self-Supervised,Image Classification,Advancements in Data Efficiency,Class Token,GeLU
ImageNet-1K,0.0,49.0,769000.0,85072896.0,1536.0,1000,1.0,timm,0.0,590592.0,0.0,86877160,226,deit3_base_patch16_384_in21ft1k,0.0,13.0,1.0,deit3,25.0,1.0,0.0,1.0,0.0,1.0,1.0,1.0,1.0,2022.0,Self-Supervised,Image Classification,Advancements in Data Efficiency,Class Token,GeLU
ImageNet-1K,0.0,129.0,1281000.0,629760000.0,2560.0,1000,1.0,timm,0.0,753920.0,0.0,632126440,586,deit3_huge_patch14_224,0.0,33.0,0.9,deit3,65.0,1.0,0.0,1.0,0.0,1.0,1.0,1.0,1.0,2022.0,Self-Supervised,Image Classification,Advancements in Data Efficiency,Class Token,GeLU
ImageNet-1K,0.0,129.0,1281000.0,629760000.0,2560.0,1000,1.0,timm,0.0,753920.0,0.0,632126440,586,deit3_huge_patch14_224_in21ft1k,0.0,33.0,1.0,deit3,65.0,1.0,0.0,1.0,0.0,1.0,1.0,1.0,1.0,2022.0,Self-Supervised,Image Classification,Advancements in Data Efficiency,Class Token,GeLU
ImageNet-1K,0.0,97.0,1025000.0,302358528.0,2048.0,1000,1.0,timm,0.0,787456.0,0.0,304374760,442,deit3_large_patch16_224,0.0,25.0,0.9,deit3,49.0,1.0,0.0,1.0,0.0,1.0,1.0,1.0,1.0,2022.0,Self-Supervised,Image Classification,Advancements in Data Efficiency,Class Token,GeLU
ImageNet-1K,0.0,97.0,1025000.0,302358528.0,2048.0,1000,1.0,timm,0.0,787456.0,0.0,304374760,442,deit3_large_patch16_224_in21ft1k,0.0,25.0,1.0,deit3,49.0,1.0,0.0,1.0,0.0,1.0,1.0,1.0,1.0,2022.0,Self-Supervised,Image Classification,Advancements in Data Efficiency,Class Token,GeLU
ImageNet-1K,0.0,97.0,1025000.0,302358528.0,2048.0,1000,1.0,timm,0.0,787456.0,0.0,304763880,442,deit3_large_patch16_384,0.0,25.0,1.0,deit3,49.0,1.0,0.0,1.0,0.0,1.0,1.0,1.0,1.0,2022.0,Self-Supervised,Image Classification,Advancements in Data Efficiency,Class Token,GeLU
ImageNet-1K,0.0,97.0,1025000.0,302358528.0,2048.0,1000,1.0,timm,0.0,787456.0,0.0,304763880,442,deit3_large_patch16_384_in21ft1k,0.0,25.0,1.0,deit3,49.0,1.0,0.0,1.0,0.0,1.0,1.0,1.0,1.0,2022.0,Self-Supervised,Image Classification,Advancements in Data Efficiency,Class Token,GeLU
ImageNet-1K,0.0,49.0,513000.0,37840896.0,1024.0,1000,1.0,timm,0.0,393728.0,0.0,38849512,226,deit3_medium_patch16_224,0.0,13.0,0.9,deit3,25.0,1.0,0.0,1.0,0.0,1.0,1.0,1.0,1.0,2022.0,Self-Supervised,Image Classification,Advancements in Data Efficiency,Class Token,GeLU
ImageNet-1K,0.0,49.0,385000.0,21302784.0,768.0,1000,1.0,timm,0.0,295296.0,0.0,22059496,226,deit3_small_patch16_224,0.0,13.0,0.9,deit3,25.0,1.0,0.0,1.0,0.0,1.0,1.0,1.0,1.0,2022.0,Self-Supervised,Image Classification,Advancements in Data Efficiency,Class Token,GeLU
ImageNet-1K,0.0,49.0,385000.0,21302784.0,768.0,1000,1.0,timm,0.0,295296.0,0.0,22059496,226,deit3_small_patch16_224_in21ft1k,0.0,13.0,1.0,deit3,25.0,1.0,0.0,1.0,0.0,1.0,1.0,1.0,1.0,2022.0,Self-Supervised,Image Classification,Advancements in Data Efficiency,Class Token,GeLU
ImageNet-1K,0.0,49.0,385000.0,21302784.0,768.0,1000,1.0,timm,0.0,295296.0,0.0,22205416,226,deit3_small_patch16_384,0.0,13.0,1.0,deit3,25.0,1.0,0.0,1.0,0.0,1.0,1.0,1.0,1.0,2022.0,Self-Supervised,Image Classification,Advancements in Data Efficiency,Class Token,GeLU
ImageNet-1K,0.0,49.0,385000.0,21302784.0,768.0,1000,1.0,timm,0.0,295296.0,0.0,22205416,226,deit3_small_patch16_384_in21ft1k,0.0,13.0,1.0,deit3,25.0,1.0,0.0,1.0,0.0,1.0,1.0,1.0,1.0,2022.0,Self-Supervised,Image Classification,Advancements in Data Efficiency,Class Token,GeLU
ImageNet-1K,0.0,50.0,769000.0,85054464.0,1536.0,1000,1.0,timm,0.0,590592.0,0.0,87338192,227,deit_base_distilled_patch16_224,0.0,13.0,0.9,deit,25.0,1.0,0.0,1.0,0.0,1.0,1.0,1.0,1.0,2021.0,Supervised,Image Classification,Data-efficient Learning with Transformers,Class Token,GeLU
ImageNet-1K,0.0,50.0,769000.0,85054464.0,1536.0,1000,1.0,timm,0.0,590592.0,0.0,87630032,227,deit_base_distilled_patch16_384,0.0,13.0,1.0,deit,25.0,1.0,0.0,1.0,0.0,1.0,1.0,1.0,1.0,2021.0,Supervised,Image Classification,Data-efficient Learning with Transformers,Class Token,GeLU
ImageNet-1K,0.0,49.0,769000.0,85054464.0,1536.0,1000,1.0,timm,0.0,590592.0,0.0,86567656,226,deit_base_patch16_224,0.0,13.0,0.9,deit,25.0,1.0,0.0,1.0,0.0,1.0,1.0,1.0,1.0,2021.0,Supervised,Image Classification,Data-efficient Learning with Transformers,Class Token,GeLU
ImageNet-1K,0.0,49.0,769000.0,85054464.0,1536.0,1000,1.0,timm,0.0,590592.0,0.0,86859496,226,deit_base_patch16_384,0.0,13.0,1.0,deit,25.0,1.0,0.0,1.0,0.0,1.0,1.0,1.0,1.0,2021.0,Supervised,Image Classification,Data-efficient Learning with Transformers,Class Token,GeLU
ImageNet-1K,0.0,50.0,385000.0,21293568.0,768.0,1000,1.0,timm,0.0,295296.0,0.0,22436432,227,deit_small_distilled_patch16_224,0.0,13.0,0.9,deit,25.0,1.0,0.0,1.0,0.0,1.0,1.0,1.0,1.0,2021.0,Supervised,Image Classification,Data-efficient Learning with Transformers,Class Token,GeLU
ImageNet-1K,0.0,49.0,385000.0,21293568.0,768.0,1000,1.0,timm,0.0,295296.0,0.0,22050664,226,deit_small_patch16_224,0.0,13.0,0.9,deit,25.0,1.0,0.0,1.0,0.0,1.0,1.0,1.0,1.0,2021.0,Supervised,Image Classification,Data-efficient Learning with Transformers,Class Token,GeLU
ImageNet-1K,0.0,50.0,193000.0,5338368.0,384.0,1000,1.0,timm,0.0,147648.0,0.0,5910800,227,deit_tiny_distilled_patch16_224,0.0,13.0,0.9,deit,25.0,1.0,0.0,1.0,0.0,1.0,1.0,1.0,1.0,2021.0,Supervised,Image Classification,Data-efficient Learning with Transformers,Class Token,GeLU
ImageNet-1K,0.0,49.0,193000.0,5338368.0,384.0,1000,1.0,timm,0.0,147648.0,0.0,5717416,226,deit_tiny_patch16_224,0.0,13.0,0.9,deit,25.0,1.0,0.0,1.0,0.0,1.0,1.0,1.0,1.0,2021.0,Supervised,Image Classification,Data-efficient Learning with Transformers,Class Token,GeLU
ImageNet-1K,0.0,1.0,1025000.0,,,1000,120.0,timm,0.0,6953856.0,4.0,7978856,558,densenet121,0.0,0.0,0.875,densenet,121.0,1.0,0.0,1.0,1.0,1.0,0.0,0.0,0.0,2014.0,Supervised,Image Classification,Dense Connectivity,"Max, Average",ReLU
ImageNet-1K,0.0,1.0,1665000.0,,,1000,168.0,timm,0.0,12484480.0,4.0,14149480,774,densenet169,0.0,0.0,0.875,densenet,169.0,1.0,0.0,1.0,1.0,1.0,0.0,0.0,0.0,2014.0,Supervised,Image Classification,Dense Connectivity,"Max, Average",ReLU
ImageNet-1K,0.0,1.0,1921000.0,,,1000,200.0,timm,0.0,18092928.0,4.0,20013928,918,densenet201,0.0,0.0,0.875,densenet,201.0,1.0,0.0,1.0,1.0,1.0,0.0,0.0,0.0,2014.0,Supervised,Image Classification,Dense Connectivity,"Max, Average",ReLU
ImageNet-1K,0.0,0.0,0.0,9050112.0,2336.0,1000,38.0,timm,0.0,2384.0,6.0,15742104,146,dla34,0.0,0.0,0.875,dla,37.0,1.0,1.0,0.0,1.0,1.0,0.0,0.0,0.0,2019.0,Supervised,"Image Classification, Image Segmentation",Deep Layer Aggregation for Improved Representation,"Max, Average, Strided",ReLU
ImageNet-1K,12.0,0.0,0.0,609280.0,2336.0,1000,49.0,timm,0.0,2384.0,6.0,1301400,168,dla46_c,0.0,0.0,0.875,dla,48.0,1.0,1.0,0.0,1.0,1.0,0.0,0.0,0.0,2019.0,Supervised,"Image Classification, Image Segmentation",Deep Layer Aggregation for Improved Representation,"Max, Average, Strided",ReLU
ImageNet-1K,12.0,0.0,0.0,466944.0,2336.0,1000,49.0,timm,0.0,2384.0,6.0,1068440,168,dla46x_c,0.0,0.0,0.875,dla,48.0,1.0,1.0,0.0,1.0,1.0,0.0,0.0,0.0,2019.0,Supervised,"Image Classification, Image Segmentation",Deep Layer Aggregation for Improved Representation,"Max, Average, Strided",ReLU
ImageNet-1K,16.0,0.0,0.0,9917440.0,2336.0,1000,64.0,timm,0.0,2384.0,7.0,22036632,222,dla60,0.0,0.0,0.875,dla,63.0,1.0,1.0,0.0,1.0,1.0,0.0,0.0,0.0,2019.0,Supervised,"Image Classification, Image Segmentation",Deep Layer Aggregation for Improved Representation,"Max, Average, Strided",ReLU
ImageNet-1K,0.0,0.0,0.0,9436416.0,2336.0,1000,96.0,timm,0.0,2384.0,11.0,20848072,322,dla60_res2net,0.0,0.0,0.875,res2net,95.0,1.0,1.0,0.0,1.0,1.0,0.0,0.0,0.0,2019.0,Supervised,"Image Classification, Object Detection, Image Segmentation",Hierarchical Residual-Like Connections,Average,ReLU
ImageNet-1K,0.0,0.0,0.0,7678976.0,2336.0,1000,96.0,timm,0.0,2384.0,11.0,17032984,322,dla60_res2next,0.0,0.0,0.875,res2next,95.0,1.0,1.0,0.0,1.0,1.0,0.0,0.0,0.0,2019.0,Supervised,"Image Classification, Object Detection, Image Segmentation",Enhanced Grouped Convolutions,Average,ReLU
ImageNet-1K,16.0,0.0,0.0,7828480.0,2336.0,1000,64.0,timm,0.0,2384.0,7.0,17352344,222,dla60x,0.0,0.0,0.875,dla,63.0,1.0,1.0,0.0,1.0,1.0,0.0,0.0,0.0,2019.0,Supervised,"Image Classification, Image Segmentation",Deep Layer Aggregation for Improved Representation,"Max, Average, Strided",ReLU
ImageNet-1K,16.0,0.0,0.0,494848.0,2336.0,1000,63.0,timm,0.0,2384.0,7.0,1319832,220,dla60x_c,0.0,0.0,0.875,dla,62.0,1.0,1.0,0.0,1.0,1.0,0.0,0.0,0.0,2019.0,Supervised,"Image Classification, Image Segmentation",Deep Layer Aggregation for Improved Representation,"Max, Average, Strided",ReLU
ImageNet-1K,28.0,0.0,0.0,19899392.0,2336.0,1000,106.0,timm,0.0,2384.0,9.0,33268888,378,dla102,0.0,0.0,0.875,dla,105.0,1.0,1.0,0.0,1.0,1.0,0.0,0.0,0.0,2019.0,Supervised,"Image Classification, Image Segmentation",Deep Layer Aggregation for Improved Representation,"Max, Average, Strided",ReLU
ImageNet-1K,28.0,0.0,0.0,15787008.0,2336.0,1000,106.0,timm,0.0,2384.0,9.0,26309272,378,dla102x,0.0,0.0,0.875,dla,105.0,1.0,1.0,0.0,1.0,1.0,0.0,0.0,0.0,2019.0,Supervised,"Image Classification, Image Segmentation",Deep Layer Aggregation for Improved Representation,"Max, Average, Strided",ReLU
ImageNet-1K,28.0,0.0,0.0,25256960.0,2336.0,1000,106.0,timm,0.0,2384.0,9.0,41282200,378,dla102x2,0.0,0.0,0.875,dla,105.0,1.0,1.0,0.0,1.0,1.0,0.0,0.0,0.0,2019.0,Supervised,"Image Classification, Image Segmentation",Deep Layer Aggregation for Improved Representation,"Max, Average, Strided",ReLU
ImageNet-1K,46.0,0.0,0.0,39863296.0,2336.0,1000,169.0,timm,0.0,2384.0,11.0,53389720,612,dla169,0.0,0.0,0.875,dla,168.0,1.0,1.0,0.0,1.0,1.0,0.0,0.0,0.0,2019.0,Supervised,"Image Classification, Image Segmentation",Deep Layer Aggregation for Improved Representation,"Max, Average, Strided",ReLU
ImageNet-1K,0.0,1.0,3073000.0,63593856.0,4724736.0,1000,81.0,timm,0.0,97680.0,3.0,71489284,226,dm_nfnet_f0,0.0,0.0,0.9,nfnet,0.0,1.0,1.0,1.0,0.0,1.0,0.0,0.0,0.0,2021.0,Supervised,Image Classification,Normalization-Free ResNet with High Performance,Average,GeLU
ImageNet-1K,0.0,1.0,3073000.0,124738816.0,4724736.0,1000,153.0,timm,0.0,97680.0,3.0,132634256,418,dm_nfnet_f1,0.0,0.0,0.91,nfnet,0.0,1.0,1.0,1.0,0.0,1.0,0.0,0.0,0.0,2021.0,Supervised,Image Classification,Normalization-Free ResNet with High Performance,Average,GeLU
ImageNet-1K,0.0,1.0,3073000.0,185883776.0,4724736.0,1000,225.0,timm,0.0,97680.0,3.0,193779228,610,dm_nfnet_f2,0.0,0.0,0.92,nfnet,0.0,1.0,1.0,1.0,0.0,1.0,0.0,0.0,0.0,2021.0,Supervised,Image Classification,Normalization-Free ResNet with High Performance,Average,GeLU
ImageNet-1K,0.0,1.0,3073000.0,247028736.0,4724736.0,1000,297.0,timm,0.0,97680.0,3.0,254924200,802,dm_nfnet_f3,0.0,0.0,0.94,nfnet,0.0,1.0,1.0,1.0,0.0,1.0,0.0,0.0,0.0,2021.0,Supervised,Image Classification,Normalization-Free ResNet with High Performance,Average,GeLU
ImageNet-1K,0.0,1.0,3073000.0,308173696.0,4724736.0,1000,369.0,timm,0.0,97680.0,3.0,316069172,994,dm_nfnet_f4,0.0,0.0,0.951,nfnet,0.0,1.0,1.0,1.0,0.0,1.0,0.0,0.0,0.0,2021.0,Supervised,Image Classification,Normalization-Free ResNet with High Performance,Average,GeLU
ImageNet-1K,0.0,1.0,3073000.0,369318656.0,4724736.0,1000,441.0,timm,0.0,97680.0,3.0,377214144,1186,dm_nfnet_f5,0.0,0.0,0.954,nfnet,0.0,1.0,1.0,1.0,0.0,1.0,0.0,0.0,0.0,2021.0,Supervised,Image Classification,Normalization-Free ResNet with High Performance,Average,GeLU
ImageNet-1K,0.0,1.0,3073000.0,430463616.0,4724736.0,1000,513.0,timm,0.0,97680.0,3.0,438359116,1378,dm_nfnet_f6,0.0,0.0,0.956,nfnet,0.0,1.0,1.0,1.0,0.0,1.0,0.0,0.0,0.0,2021.0,Supervised,Image Classification,Normalization-Free ResNet with High Performance,Average,GeLU
ImageNet-1K,0.0,0.0,0.0,833000.0,833000.0,1000,72.0,timm,0.0,11778602.0,1.0,12611602,389,dpn68,0.0,0.0,0.875,dpn,72.0,1.0,1.0,0.0,0.0,1.0,0.0,0.0,0.0,2017.0,Supervised,"Image Classification, Object Detection, Image Segmentation",Combines ResNet and DenseNet paths,"Max, Average, Spatial Pyramid",ReLU
ImageNet-1K,0.0,0.0,0.0,833000.0,833000.0,1000,94.0,timm,0.0,11778602.0,1.0,12611602,411,dpn68b,0.0,0.0,0.875,dpn,72.0,1.0,1.0,0.0,0.0,1.0,0.0,0.0,0.0,2017.0,Supervised,"Image Classification, Object Detection, Image Segmentation",Combines ResNet and DenseNet paths,"Max, Average, Spatial Pyramid",ReLU
ImageNet-1K,0.0,0.0,0.0,2689000.0,2689000.0,1000,96.0,timm,0.0,34979392.0,1.0,37668392,517,dpn92,0.0,0.0,0.875,dpn,96.0,1.0,1.0,0.0,0.0,1.0,0.0,0.0,0.0,2017.0,Supervised,"Image Classification, Object Detection, Image Segmentation",Combines ResNet and DenseNet paths,"Max, Average, Spatial Pyramid",ReLU
ImageNet-1K,0.0,0.0,0.0,2689000.0,2689000.0,1000,102.0,timm,0.0,58881728.0,1.0,61570728,549,dpn98,0.0,0.0,0.875,dpn,102.0,1.0,1.0,0.0,0.0,1.0,0.0,0.0,0.0,2017.0,Supervised,"Image Classification, Object Detection, Image Segmentation",Combines ResNet and DenseNet paths,"Max, Average, Spatial Pyramid",ReLU
ImageNet-1K,0.0,0.0,0.0,2689000.0,2689000.0,1000,111.0,timm,0.0,84228800.0,1.0,86917800,597,dpn107,0.0,0.0,0.875,dpn,111.0,1.0,1.0,0.0,0.0,1.0,0.0,0.0,0.0,2017.0,Supervised,"Image Classification, Object Detection, Image Segmentation",Combines ResNet and DenseNet paths,"Max, Average, Spatial Pyramid",ReLU
ImageNet-1K,0.0,0.0,0.0,2689000.0,2689000.0,1000,135.0,timm,0.0,76565504.0,1.0,79254504,725,dpn131,0.0,0.0,0.875,dpn,135.0,1.0,1.0,0.0,0.0,1.0,0.0,0.0,0.0,2017.0,Supervised,"Image Classification, Object Detection, Image Segmentation",Combines ResNet and DenseNet paths,"Max, Average, Spatial Pyramid",ReLU
ImageNet-1K,8.0,1.0,2049000.0,8487349.0,8487349.0,1000,31.0,timm,0.0,26232.0,2.0,10593301,232,eca_botnext26ts_256,0.0,0.0,0.95,botnext,31.0,1.0,0.0,1.0,1.0,1.0,0.0,0.0,1.0,2021.0,Supervised,"Image Classification, Object Detection, Image Segmentation",Transformer Blocks in ResNeXt,Average,"ReLU, GeLU"
ImageNet-1K,5.0,1.0,2049000.0,8650933.0,8650933.0,1000,34.0,timm,0.0,26232.0,1.0,10756885,235,eca_halonext26ts,0.0,0.0,0.94,halonext,31.0,1.0,0.0,1.0,1.0,1.0,0.0,0.0,0.0,2022.0,Supervised,"Image Classification, Object Detection, Image Segmentation",Halo Attention with ResNeXt Backbone,"Max, Average, Strided",NA
ImageNet-1K,0.0,1.0,2305000.0,18197692.0,3543552.0,1000,57.0,timm,0.0,97680.0,3.0,24143924,190,eca_nfnet_l0,0.0,0.0,1.0,nfnet,0.0,1.0,1.0,1.0,0.0,1.0,0.0,0.0,0.0,2021.0,Supervised,Image Classification,Normalization-Free ResNet with High Performance,Average,GeLU
ImageNet-1K,0.0,1.0,3073000.0,33512312.0,4724736.0,1000,105.0,timm,0.0,97680.0,3.0,41407728,346,eca_nfnet_l1,0.0,0.0,1.0,nfnet,0.0,1.0,1.0,1.0,0.0,1.0,0.0,0.0,0.0,2021.0,Supervised,Image Classification,Normalization-Free ResNet with High Performance,Average,GeLU
ImageNet-1K,0.0,1.0,3073000.0,48826932.0,4724736.0,1000,153.0,timm,0.0,97680.0,3.0,56722348,502,eca_nfnet_l2,0.0,0.0,1.0,nfnet,0.0,1.0,1.0,1.0,0.0,1.0,0.0,0.0,0.0,2021.0,Supervised,Image Classification,Normalization-Free ResNet with High Performance,Average,GeLU
ImageNet-1K,10.0,1.0,1281000.0,16363566.0,1966080.0,1000,38.0,timm,0.0,26232.0,0.0,19676302,289,eca_resnet33ts,0.0,0.0,0.9,resnet,38.0,1.0,1.0,1.0,1.0,1.0,0.0,0.0,0.0,2015.0,Supervised,"Image Classification, Object Detection, Image Segmentation",Deep Residual Learning for Image Recognition,"Max, Average",ReLU
ImageNet-1K,8.0,1.0,2049000.0,8192036.0,8192036.0,1000,31.0,timm,0.0,26232.0,1.0,10297988,238,eca_resnext26ts,0.0,0.0,0.9,resnext,31.0,1.0,1.0,1.0,1.0,1.0,0.0,0.0,0.0,2017.0,Supervised,Image Classification,Grouped Convolutions,"Max, Average",ReLU
ImageNet-1K,8.0,1.0,2049000.0,10502158.0,128.0,1000,31.0,timm,8.0,26104.0,4.0,16011916,156,ecaresnet26t,0.0,0.0,0.95,resnet,31.0,1.0,1.0,1.0,1.0,1.0,0.0,0.0,0.0,2015.0,Supervised,"Image Classification, Object Detection, Image Segmentation",Deep Residual Learning for Image Recognition,"Max, Average",ReLU
ImageNet-1K,16.0,1.0,2049000.0,14964757.0,128.0,1000,55.0,timm,16.0,28640.0,4.0,25576350,276,ecaresnet50d,0.0,0.0,0.875,resnet,55.0,1.0,1.0,1.0,1.0,1.0,0.0,0.0,0.0,2015.0,Supervised,"Image Classification, Object Detection, Image Segmentation",Deep Residual Learning for Image Recognition,"Max, Average",ReLU
ImageNet-1K,16.0,1.0,2023000.0,12241013.0,128.0,1000,55.0,timm,16.0,28640.0,4.0,19939713,276,ecaresnet50d_pruned,0.0,0.0,0.875,resnet,55.0,1.0,1.0,1.0,1.0,1.0,0.0,0.0,0.0,2015.0,Supervised,"Image Classification, Object Detection, Image Segmentation",Deep Residual Learning for Image Recognition,"Max, Average",ReLU
ImageNet-1K,16.0,1.0,2049000.0,14964757.0,128.0,1000,55.0,timm,16.0,26104.0,4.0,25573814,276,ecaresnet50t,0.0,0.0,0.95,resnet,55.0,1.0,1.0,1.0,1.0,1.0,0.0,0.0,0.0,2015.0,Supervised,"Image Classification, Object Detection, Image Segmentation",Deep Residual Learning for Image Recognition,"Max, Average",ReLU
ImageNet-1K,33.0,1.0,2049000.0,26090611.0,128.0,1000,106.0,timm,33.0,28640.0,4.0,44568563,531,ecaresnet101d,0.0,0.0,0.875,resnet,106.0,1.0,1.0,1.0,1.0,1.0,0.0,0.0,0.0,2015.0,Supervised,"Image Classification, Object Detection, Image Segmentation",Deep Residual Learning for Image Recognition,"Max, Average",ReLU
ImageNet-1K,33.0,1.0,2043000.0,11450552.0,128.0,1000,106.0,timm,33.0,28640.0,4.0,24876040,531,ecaresnet101d_pruned,0.0,0.0,0.875,resnet,106.0,1.0,1.0,1.0,1.0,1.0,0.0,0.0,0.0,2015.0,Supervised,"Image Classification, Object Detection, Image Segmentation",Deep Residual Learning for Image Recognition,"Max, Average",ReLU
ImageNet-1K,89.0,1.0,2049000.0,54020336.0,128.0,1000,274.0,timm,89.0,28640.0,4.0,102093077,1371,ecaresnet269d,0.0,0.0,1.0,resnet,274.0,1.0,1.0,1.0,1.0,1.0,0.0,0.0,0.0,2015.0,Supervised,"Image Classification, Object Detection, Image Segmentation",Deep Residual Learning for Image Recognition,"Max, Average",ReLU
ImageNet-1K,16.0,1.0,2049000.0,14964757.0,128.0,1000,53.0,timm,16.0,9408.0,4.0,30162046,269,ecaresnetlight,0.0,0.0,0.875,resnet,53.0,1.0,1.0,1.0,1.0,1.0,0.0,0.0,0.0,2015.0,Supervised,"Image Classification, Object Detection, Image Segmentation",Deep Residual Learning for Image Recognition,"Max, Average",ReLU
ImageNet-1K,0.0,43.0,586168.0,17914924.0,17914924.0,1000,26.0,timm,0.0,4080.0,0.0,18511292,238,edgenext_base,0.0,0.0,0.95,edgenext,26.0,1.0,0.0,1.0,0.0,1.0,0.0,1.0,1.0,2022.0,Supervised,"Image Classification, Object Detection, Image Segmentation",Efficiency on Edge Devices,"Average, Spatial Pyramid",GeLU
ImageNet-1K,0.0,43.0,305608.0,5275408.0,5275408.0,1000,26.0,timm,0.0,2448.0,0.0,5586832,238,edgenext_small,0.0,0.0,0.95,edgenext,26.0,1.0,0.0,1.0,0.0,1.0,0.0,1.0,1.0,2022.0,Supervised,"Image Classification, Object Detection, Image Segmentation",Efficiency on Edge Devices,"Average, Spatial Pyramid",GeLU
ImageNet-1K,0.0,43.0,385768.0,7424976.0,7424976.0,1000,23.0,timm,0.0,11760.0,0.0,7826512,232,edgenext_small_rw,0.0,0.0,0.9,edgenext,23.0,1.0,0.0,1.0,0.0,1.0,0.0,1.0,1.0,2022.0,Supervised,"Image Classification, Object Detection, Image Segmentation",Efficiency on Edge Devices,"Average, Spatial Pyramid",GeLU
ImageNet-1K,0.0,43.0,193384.0,2139656.0,2139656.0,1000,26.0,timm,0.0,1632.0,0.0,2336804,238,edgenext_x_small,0.0,0.0,0.9,edgenext,26.0,1.0,0.0,1.0,0.0,1.0,0.0,1.0,1.0,2022.0,Supervised,"Image Classification, Object Detection, Image Segmentation",Efficiency on Edge Devices,"Average, Spatial Pyramid",GeLU
ImageNet-1K,0.0,31.0,169336.0,1155332.0,1155332.0,1000,20.0,timm,0.0,1224.0,0.0,1327216,178,edgenext_xx_small,0.0,0.0,0.9,edgenext,20.0,1.0,0.0,1.0,0.0,1.0,0.0,1.0,1.0,2022.0,Supervised,"Image Classification, Object Detection, Image Segmentation",Efficiency on Edge Devices,"Average, Spatial Pyramid",GeLU
ImageNet-1K,0.0,6.0,449000.0,11379408.0,896.0,1000,33.0,timm,0.0,11232.0,14.0,12289928,228,efficientformer_l1,0.0,1.0,0.95,efficientformer,36.0,1.0,0.0,1.0,0.0,1.0,1.0,1.0,1.0,2022.0,Supervised,"Image Classification, Object Detection, Image Segmentation",Efficiency in Image Processing for Transformers,Average,GeLU
ImageNet-1K,0.0,18.0,513000.0,30357824.0,1024.0,1000,49.0,timm,0.0,19584.0,22.0,31406000,377,efficientformer_l3,0.0,4.0,0.95,efficientformer,58.0,1.0,0.0,1.0,0.0,1.0,1.0,1.0,1.0,2022.0,Supervised,"Image Classification, Object Detection, Image Segmentation",Efficiency in Image Processing for Transformers,Average,GeLU
ImageNet-1K,0.0,34.0,769000.0,80643456.0,1536.0,1000,65.0,timm,0.0,43200.0,30.0,82229328,541,efficientformer_l7,0.0,8.0,0.95,efficientformer,82.0,1.0,0.0,1.0,0.0,1.0,1.0,1.0,1.0,2022.0,Supervised,"Image Classification, Object Detection, Image Segmentation",Efficiency in Image Processing for Transformers,Average,GeLU
ImageNet-1K,0.0,1.0,1793000.0,16619304.0,802816.0,1000,160.0,timm,0.0,1296.0,0.0,19341616,621,efficientnet_b4,0.0,0.0,1.0,efficientnet,96.0,1.0,1.0,1.0,1.0,1.0,0.0,0.0,0.0,2019.0,Supervised,Image Classification,Compound Scaling Method,Average,ReLU
ImageNet-1K,0.0,1.0,1793000.0,21499376.0,487424.0,1000,172.0,timm,0.0,648.0,0.0,23941296,700,efficientnetv2_rw_s,0.0,0.0,1.0,efficientnetv2,112.0,1.0,1.0,1.0,0.0,1.0,0.0,0.0,0.0,2021.0,Supervised,Image Classification,Training-aware Optimizations,"Max, Average",ReLU
ImageNet-1K,0.0,1.0,1537000.0,22535680.0,5280.0,1000,244.0,timm,0.0,928.0,5.0,55843464,1008,ens_adv_inception_resnet_v2,0.0,0.0,0.8975,inception_resnet,204.0,1.0,1.0,1.0,1.0,1.0,0.0,0.0,0.0,2016.0,Supervised,Image Classification,Inception with Residual Connections,Average,ReLU
ImageNet-1K,0.0,1.0,1025000.0,5495872.0,5495872.0,1000,41.0,timm,0.0,11456.0,3.0,6543080,169,ese_vovnet19b_dw,0.0,0.0,0.875,vovnet,23.0,1.0,0.0,1.0,0.0,1.0,0.0,0.0,0.0,2019.0,Supervised,Object Detection,One shot aggregation,Max,ReLU
ImageNet-1K,0.0,1.0,1025000.0,23411200.0,23411200.0,1000,43.0,timm,0.0,112832.0,3.0,24568936,239,ese_vovnet39b,0.0,0.0,0.875,vovnet,39.0,1.0,0.0,1.0,0.0,1.0,0.0,0.0,0.0,2019.0,Supervised,Object Detection,One shot aggregation,Max,ReLU
ImageNet-1K,0.0,1.0,1985000.0,2844032.0,698368.0,1000,65.0,timm,0.0,432.0,0.0,5572200,336,fbnetc_100,0.0,0.0,0.875,fbnet,65.0,1.0,0.0,1.0,0.0,1.0,0.0,0.0,0.0,2019.0,Supervised,Mobile Optimization,Differentiable Neural Architecture Search,Average,ReLU
ImageNet-1K,0.0,1.0,1985000.0,3900136.0,2666496.0,1000,124.0,timm,0.0,432.0,0.0,8598464,525,fbnetv3_b,0.0,0.0,0.95,fbnet,87.0,1.0,0.0,1.0,0.0,1.0,0.0,0.0,0.0,2019.0,Supervised,Mobile Optimization,Differentiable Neural Architecture Search,Average,ReLU
ImageNet-1K,0.0,1.0,1985000.0,5407056.0,2856960.0,1000,135.0,timm,0.0,648.0,0.0,10306272,574,fbnetv3_d,0.0,0.0,0.95,fbnet,96.0,1.0,0.0,1.0,0.0,1.0,0.0,0.0,0.0,2019.0,Supervised,Mobile Optimization,Differentiable Neural Architecture Search,Average,ReLU
ImageNet-1K,0.0,1.0,1985000.0,11118808.0,3428352.0,1000,154.0,timm,0.0,864.0,0.0,16623888,646,fbnetv3_g,0.0,0.0,0.95,fbnet,107.0,1.0,0.0,1.0,0.0,1.0,0.0,0.0,0.0,2019.0,Supervised,Mobile Optimization,Differentiable Neural Architecture Search,Average,ReLU
ImageNet-1K,0.0,1.0,1025000.0,12320049.0,212992.0,1000,194.0,timm,0.0,648.0,0.0,13677713,787,gc_efficientnetv2_rw_t,0.0,0.0,1.0,efficientnetv2,136.0,1.0,1.0,1.0,0.0,1.0,0.0,0.0,0.0,2021.0,Supervised,Image Classification,Training-aware Optimizations,"Max, Average",ReLU
ImageNet-1K,10.0,1.0,1281000.0,16567962.0,1966080.0,1000,68.0,timm,0.0,26232.0,0.0,19880698,349,gcresnet33ts,0.0,0.0,0.9,resnet,48.0,1.0,1.0,1.0,1.0,1.0,0.0,0.0,0.0,2015.0,Supervised,"Image Classification, Object Detection, Image Segmentation",Deep Residual Learning for Image Recognition,"Max, Average",ReLU
ImageNet-1K,16.0,1.0,2049000.0,23768856.0,23768856.0,1000,103.0,timm,0.0,26232.0,0.0,25897080,525,gcresnet50t,0.0,0.0,0.9,resnet,71.0,1.0,1.0,1.0,1.0,1.0,0.0,0.0,0.0,2015.0,Supervised,"Image Classification, Object Detection, Image Segmentation",Deep Residual Learning for Image Recognition,"Max, Average",ReLU
ImageNet-1K,8.0,1.0,2049000.0,8370648.0,8370648.0,1000,55.0,timm,0.0,26232.0,1.0,10476600,286,gcresnext26ts,0.0,0.0,0.9,resnext,39.0,1.0,1.0,1.0,1.0,1.0,0.0,0.0,0.0,2017.0,Supervised,Image Classification,Grouped Convolutions,"Max, Average",ReLU
ImageNet-1K,16.0,1.0,2049000.0,13539096.0,13539096.0,1000,103.0,timm,0.0,26232.0,1.0,15667320,526,gcresnext50ts,0.0,0.0,0.9,resnext,71.0,1.0,1.0,1.0,1.0,1.0,0.0,0.0,0.0,2017.0,Supervised,Image Classification,Grouped Convolutions,"Max, Average",ReLU
ImageNet-1K,0.0,125.0,1025000.0,89118556.0,89118556.0,1000,49.0,timm,0.0,177280.0,5.0,90320836,755,gcvit_base,0.0,31.0,0.875,gcvit,71.0,1.0,0.0,1.0,0.0,1.0,1.0,1.0,1.0,2022.0,Supervised,Image Classification,Global Context in Self-Attention,"Average, Class Token",GeLU
ImageNet-1K,0.0,125.0,769000.0,50222469.0,50222469.0,1000,49.0,timm,0.0,100704.0,5.0,51092173,755,gcvit_small,0.0,31.0,0.875,gcvit,71.0,1.0,0.0,1.0,0.0,1.0,1.0,1.0,1.0,2022.0,Supervised,Image Classification,Global Context in Self-Attention,"Average, Class Token",GeLU
ImageNet-1K,0.0,125.0,513000.0,27663342.0,27663342.0,1000,49.0,timm,0.0,45632.0,5.0,28221974,755,gcvit_tiny,0.0,31.0,0.875,gcvit,71.0,1.0,0.0,1.0,0.0,1.0,1.0,1.0,1.0,2022.0,Supervised,Image Classification,Global Context in Self-Attention,"Average, Class Token",GeLU
ImageNet-1K,0.0,73.0,513000.0,19422662.0,19422662.0,1000,49.0,timm,0.0,45632.0,5.0,19981294,508,gcvit_xtiny,0.0,18.0,0.875,gcvit,45.0,1.0,0.0,1.0,0.0,1.0,1.0,1.0,1.0,2022.0,Supervised,Image Classification,Global Context in Self-Attention,"Average, Class Token",GeLU
ImageNet-1K,0.0,49.0,513000.0,11436796.0,11436796.0,1000,49.0,timm,0.0,45632.0,5.0,11995428,394,gcvit_xxtiny,0.0,12.0,0.875,gcvit,33.0,1.0,0.0,1.0,0.0,1.0,1.0,1.0,1.0,2022.0,Supervised,Image Classification,Global Context in Self-Attention,"Average, Class Token",GeLU
ImageNet-1K,15.0,1.0,2561000.0,26775424.0,1638400.0,1000,57.0,timm,3.0,928.0,0.0,31078280,417,gernet_l,0.0,0.0,0.875,gernet,57.0,1.0,1.0,1.0,1.0,1.0,0.0,0.0,0.0,2020.0,Supervised,Image Classification,Efficiency on GPU,Average,ReLU
ImageNet-1K,11.0,1.0,2561000.0,16875904.0,1638400.0,1000,45.0,timm,3.0,928.0,0.0,21142920,329,gernet_m,0.0,0.0,0.875,gernet,45.0,1.0,1.0,1.0,1.0,1.0,0.0,0.0,0.0,2020.0,Supervised,Image Classification,Efficiency on GPU,Average,ReLU
ImageNet-1K,10.0,1.0,1921000.0,5726336.0,491520.0,1000,45.0,timm,4.0,377.0,0.0,8173761,327,gernet_s,0.0,0.0,0.875,gernet,45.0,1.0,1.0,1.0,1.0,1.0,0.0,0.0,0.0,2020.0,Supervised,Image Classification,Efficiency on GPU,Average,ReLU
ImageNet-1K,16.0,1.0,1281000.0,2669044.0,32.0,1000,95.0,timm,0.0,432.0,0.0,5182508,411,ghostnet_100,0.0,0.0,0.875,ghostnet,80.0,1.0,0.0,1.0,1.0,0.0,0.0,0.0,0.0,2019.0,Supervised,Image Classification,Ghost Modules for Efficiency,Average,ReLU
ImageNet-1K,0.0,1.0,2049000.0,6076800.0,5280.0,1000,94.0,timm,0.0,928.0,2.0,23834568,300,gluon_inception_v3,0.0,0.0,0.875,inception_v3,94.0,1.0,0.0,1.0,0.0,0.0,0.0,0.0,0.0,2015.0,Supervised,Image Classification,"Label Smoothing, Factorized Convolutions","Max, Average",ReLU
ImageNet-1K,0.0,1.0,513000.0,8393728.0,128.0,1000,20.0,timm,8.0,9408.0,1.0,11689512,94,gluon_resnet18_v1b,0.0,0.0,0.875,resnet,20.0,1.0,1.0,1.0,1.0,1.0,0.0,0.0,0.0,2015.0,Supervised,"Image Classification, Object Detection, Image Segmentation",Deep Residual Learning for Image Recognition,"Max, Average",ReLU
ImageNet-1K,0.0,1.0,513000.0,13114368.0,128.0,1000,36.0,timm,16.0,9408.0,1.0,21797672,166,gluon_resnet34_v1b,0.0,0.0,0.875,resnet,36.0,1.0,1.0,1.0,1.0,1.0,0.0,0.0,0.0,2015.0,Supervised,"Image Classification, Object Detection, Image Segmentation",Deep Residual Learning for Image Recognition,"Max, Average",ReLU
ImageNet-1K,16.0,1.0,2049000.0,14964736.0,128.0,1000,53.0,timm,16.0,9408.0,1.0,25557032,217,gluon_resnet50_v1b,0.0,0.0,0.875,resnet,53.0,1.0,1.0,1.0,1.0,1.0,0.0,0.0,0.0,2015.0,Supervised,"Image Classification, Object Detection, Image Segmentation",Deep Residual Learning for Image Recognition,"Max, Average",ReLU
ImageNet-1K,16.0,1.0,2049000.0,14964736.0,128.0,1000,55.0,timm,16.0,28640.0,1.0,25576264,224,gluon_resnet50_v1c,0.0,0.0,0.875,resnet,55.0,1.0,1.0,1.0,1.0,1.0,0.0,0.0,0.0,2015.0,Supervised,"Image Classification, Object Detection, Image Segmentation",Deep Residual Learning for Image Recognition,"Max, Average",ReLU
ImageNet-1K,16.0,1.0,2049000.0,14964736.0,128.0,1000,55.0,timm,16.0,28640.0,4.0,25576264,228,gluon_resnet50_v1d,0.0,0.0,0.875,resnet,55.0,1.0,1.0,1.0,1.0,1.0,0.0,0.0,0.0,2015.0,Supervised,"Image Classification, Object Detection, Image Segmentation",Deep Residual Learning for Image Recognition,"Max, Average",ReLU
ImageNet-1K,16.0,1.0,2049000.0,14964736.0,256.0,1000,55.0,timm,16.0,112576.0,1.0,25680808,224,gluon_resnet50_v1s,0.0,0.0,0.875,resnet,55.0,1.0,1.0,1.0,1.0,1.0,0.0,0.0,0.0,2015.0,Supervised,"Image Classification, Object Detection, Image Segmentation",Deep Residual Learning for Image Recognition,"Max, Average",ReLU
ImageNet-1K,33.0,1.0,2049000.0,26090496.0,128.0,1000,104.0,timm,33.0,9408.0,1.0,44549160,421,gluon_resnet101_v1b,0.0,0.0,0.875,resnet,104.0,1.0,1.0,1.0,1.0,1.0,0.0,0.0,0.0,2015.0,Supervised,"Image Classification, Object Detection, Image Segmentation",Deep Residual Learning for Image Recognition,"Max, Average",ReLU
ImageNet-1K,33.0,1.0,2049000.0,26090496.0,128.0,1000,106.0,timm,33.0,28640.0,1.0,44568392,428,gluon_resnet101_v1c,0.0,0.0,0.875,resnet,106.0,1.0,1.0,1.0,1.0,1.0,0.0,0.0,0.0,2015.0,Supervised,"Image Classification, Object Detection, Image Segmentation",Deep Residual Learning for Image Recognition,"Max, Average",ReLU
ImageNet-1K,33.0,1.0,2049000.0,26090496.0,128.0,1000,106.0,timm,33.0,28640.0,4.0,44568392,432,gluon_resnet101_v1d,0.0,0.0,0.875,resnet,106.0,1.0,1.0,1.0,1.0,1.0,0.0,0.0,0.0,2015.0,Supervised,"Image Classification, Object Detection, Image Segmentation",Deep Residual Learning for Image Recognition,"Max, Average",ReLU
ImageNet-1K,33.0,1.0,2049000.0,26090496.0,256.0,1000,106.0,timm,33.0,112576.0,1.0,44672936,428,gluon_resnet101_v1s,0.0,0.0,0.875,resnet,106.0,1.0,1.0,1.0,1.0,1.0,0.0,0.0,0.0,2015.0,Supervised,"Image Classification, Object Detection, Image Segmentation",Deep Residual Learning for Image Recognition,"Max, Average",ReLU
ImageNet-1K,50.0,1.0,2049000.0,40613888.0,128.0,1000,155.0,timm,50.0,9408.0,1.0,60192808,625,gluon_resnet152_v1b,0.0,0.0,0.875,resnet,155.0,1.0,1.0,1.0,1.0,1.0,0.0,0.0,0.0,2015.0,Supervised,"Image Classification, Object Detection, Image Segmentation",Deep Residual Learning for Image Recognition,"Max, Average",ReLU
ImageNet-1K,50.0,1.0,2049000.0,40613888.0,128.0,1000,157.0,timm,50.0,28640.0,1.0,60212040,632,gluon_resnet152_v1c,0.0,0.0,0.875,resnet,157.0,1.0,1.0,1.0,1.0,1.0,0.0,0.0,0.0,2015.0,Supervised,"Image Classification, Object Detection, Image Segmentation",Deep Residual Learning for Image Recognition,"Max, Average",ReLU
ImageNet-1K,50.0,1.0,2049000.0,40613888.0,128.0,1000,157.0,timm,50.0,28640.0,4.0,60212040,636,gluon_resnet152_v1d,0.0,0.0,0.875,resnet,157.0,1.0,1.0,1.0,1.0,1.0,0.0,0.0,0.0,2015.0,Supervised,"Image Classification, Object Detection, Image Segmentation",Deep Residual Learning for Image Recognition,"Max, Average",ReLU
ImageNet-1K,50.0,1.0,2049000.0,40613888.0,256.0,1000,157.0,timm,50.0,112576.0,1.0,60316584,632,gluon_resnet152_v1s,0.0,0.0,0.875,resnet,157.0,1.0,1.0,1.0,1.0,1.0,0.0,0.0,0.0,2015.0,Supervised,"Image Classification, Object Detection, Image Segmentation",Deep Residual Learning for Image Recognition,"Max, Average",ReLU
ImageNet-1K,16.0,1.0,2049000.0,14544896.0,128.0,1000,53.0,timm,16.0,9408.0,1.0,25028904,217,gluon_resnext50_32x4d,0.0,0.0,0.875,resnext,53.0,1.0,1.0,1.0,1.0,1.0,0.0,0.0,0.0,2017.0,Supervised,Image Classification,Grouped Convolutions,"Max, Average",ReLU
ImageNet-1K,33.0,1.0,2049000.0,26171392.0,128.0,1000,104.0,timm,33.0,9408.0,1.0,44177704,421,gluon_resnext101_32x4d,0.0,0.0,0.875,resnext,104.0,1.0,1.0,1.0,1.0,1.0,0.0,0.0,0.0,2017.0,Supervised,Image Classification,Grouped Convolutions,"Max, Average",ReLU
ImageNet-1K,33.0,1.0,2049000.0,51769344.0,128.0,1000,104.0,timm,33.0,9408.0,1.0,83455272,421,gluon_resnext101_64x4d,0.0,0.0,0.875,resnext,104.0,1.0,1.0,1.0,1.0,1.0,0.0,0.0,0.0,2017.0,Supervised,Image Classification,Grouped Convolutions,"Max, Average",ReLU
ImageNet-1K,50.0,1.0,2049000.0,68677888.0,256.0,1000,257.0,timm,50.0,112576.0,1.0,115088984,932,gluon_senet154,0.0,0.0,0.875,senet,157.0,1.0,1.0,1.0,1.0,1.0,0.0,0.0,0.0,2017.0,Supervised,"Image Classification, Object Detection",Squeeze-and-Excitation Blocks,Average,ReLU
ImageNet-1K,16.0,1.0,2049000.0,16124288.0,128.0,1000,85.0,timm,16.0,9408.0,1.0,27559896,313,gluon_seresnext50_32x4d,0.0,0.0,0.875,resnext,53.0,1.0,1.0,1.0,1.0,1.0,0.0,0.0,0.0,2017.0,Supervised,Image Classification,Grouped Convolutions,"Max, Average",ReLU
ImageNet-1K,33.0,1.0,2049000.0,29211072.0,128.0,1000,170.0,timm,33.0,9408.0,1.0,48955416,619,gluon_seresnext101_32x4d,0.0,0.0,0.875,resnext,104.0,1.0,1.0,1.0,1.0,1.0,0.0,0.0,0.0,2017.0,Supervised,Image Classification,Grouped Convolutions,"Max, Average",ReLU
ImageNet-1K,33.0,1.0,2049000.0,54809024.0,128.0,1000,170.0,timm,33.0,9408.0,1.0,88232984,619,gluon_seresnext101_64x4d,0.0,0.0,0.875,resnext,104.0,1.0,1.0,1.0,1.0,1.0,0.0,0.0,0.0,2017.0,Supervised,Image Classification,Grouped Convolutions,"Max, Average",ReLU
ImageNet-1K,0.0,97.0,385000.0,24040032.0,768.0,1000,1.0,timm,0.0,295296.0,0.0,24721096,391,gmixer_24_224,0.0,0.0,0.875,mixer,49.0,1.0,0.0,1.0,0.0,1.0,0.0,0.0,0.0,2021.0,Supervised,Image Classification,Entirely MLP-based Image Processing,Average,GeLU
ImageNet-1K,0.0,91.0,257000.0,18968280.0,512.0,1000,1.0,timm,0.0,196864.0,0.0,19422656,367,gmlp_s16_224,0.0,0.0,0.875,gm,61.0,1.0,0.0,1.0,0.0,0.0,0.0,0.0,0.0,,NA,NA,NA,NA,NA
ImageNet-1K,11.0,1.0,2049000.0,20507136.0,20507136.0,1000,60.0,timm,0.0,26232.0,0.0,22635360,402,halo2botnet50ts_256,0.0,0.0,0.95,botnet,55.0,1.0,1.0,1.0,1.0,1.0,0.0,0.0,1.0,2021.0,Supervised,"Image Classification, Object Detection, Image Segmentation",Transformer Blocks in ResNet,Average,"ReLU, GeLU"
ImageNet-1K,5.0,1.0,2049000.0,10374336.0,10374336.0,1000,34.0,timm,0.0,26232.0,1.0,12480288,225,halonet26t,0.0,0.0,0.95,halonet,31.0,1.0,0.0,1.0,1.0,1.0,0.0,0.0,0.0,2021.0,Supervised,"Image Classification, Object Detection, Image Segmentation",Halo Attention Mechanism,"Max, Average, Strided",NA
ImageNet-1K,11.0,1.0,2049000.0,20605056.0,20605056.0,1000,60.0,timm,0.0,26232.0,1.0,22733280,403,halonet50ts,0.0,0.0,0.94,halonet,55.0,1.0,0.0,1.0,1.0,1.0,0.0,0.0,0.0,2021.0,Supervised,"Image Classification, Object Detection, Image Segmentation",Halo Attention Mechanism,"Max, Average, Strided",NA
ImageNet-1K,17.0,1.0,1537000.0,9650048.0,442368.0,1000,107.0,timm,0.0,928.0,1.0,11680072,592,haloregnetz_b,0.0,0.0,0.94,regnetz,68.0,1.0,1.0,1.0,1.0,1.0,0.0,0.0,0.0,2020.0,Supervised,Image Classification,Z Block with Inverted Bottlenecks,Average,NA
ImageNet-1K,0.0,1.0,1281000.0,2727904.0,1230080.0,1000,51.0,timm,0.0,864.0,0.0,5260232,219,hardcorenas_a,0.0,0.0,0.875,hardcorenas,34.0,1.0,0.0,1.0,0.0,1.0,0.0,0.0,0.0,2021.0,Supervised,Image Classification,NAS for Efficiency and Robustness,Average,ReLU
ImageNet-1K,0.0,1.0,1281000.0,2639480.0,1230080.0,1000,64.0,timm,0.0,864.0,0.0,5176544,308,hardcorenas_b,0.0,0.0,0.875,hardcorenas,55.0,1.0,0.0,1.0,0.0,1.0,0.0,0.0,0.0,2021.0,Supervised,Image Classification,NAS for Efficiency and Robustness,Average,ReLU
ImageNet-1K,0.0,1.0,1281000.0,2981856.0,1230080.0,1000,68.0,timm,0.0,864.0,0.0,5521224,316,hardcorenas_c,0.0,0.0,0.875,hardcorenas,55.0,1.0,0.0,1.0,0.0,1.0,0.0,0.0,0.0,2021.0,Supervised,Image Classification,NAS for Efficiency and Robustness,Average,ReLU
ImageNet-1K,0.0,1.0,1281000.0,4955096.0,1230080.0,1000,90.0,timm,0.0,864.0,0.0,7500208,360,hardcorenas_d,0.0,0.0,0.875,hardcorenas,55.0,1.0,0.0,1.0,0.0,1.0,0.0,0.0,0.0,2021.0,Supervised,Image Classification,NAS for Efficiency and Robustness,Average,ReLU
ImageNet-1K,0.0,1.0,1281000.0,5523272.0,1230080.0,1000,85.0,timm,0.0,864.0,0.0,8070992,341,hardcorenas_e,0.0,0.0,0.875,hardcorenas,52.0,1.0,0.0,1.0,0.0,1.0,0.0,0.0,0.0,2021.0,Supervised,Image Classification,NAS for Efficiency and Robustness,Average,ReLU
ImageNet-1K,0.0,1.0,1281000.0,5650368.0,1230080.0,1000,85.0,timm,0.0,864.0,0.0,8199688,341,hardcorenas_f,0.0,0.0,0.875,hardcorenas,52.0,1.0,0.0,1.0,0.0,1.0,0.0,0.0,0.0,2021.0,Supervised,Image Classification,NAS for Efficiency and Robustness,Average,ReLU
ImageNet-1K,8.0,1.0,2049000.0,6708636.0,128.0,1000,325.0,timm,112.0,1728.0,0.0,21299004,1533,hrnet_w18,0.0,0.0,0.875,hrnet,325.0,1.0,1.0,1.0,1.0,1.0,0.0,0.0,0.0,2019.0,Supervised,"Image Classification, Object Detection, Image Segmentation",High-Resolution Representations,Average,ReLU
ImageNet-1K,5.0,1.0,2049000.0,6198528.0,128.0,1000,91.0,timm,23.0,1728.0,0.0,13187464,440,hrnet_w18_small,0.0,0.0,0.875,hrnet,91.0,1.0,1.0,1.0,1.0,1.0,0.0,0.0,0.0,2019.0,Supervised,"Image Classification, Object Detection, Image Segmentation",High-Resolution Representations,Average,ReLU
ImageNet-1K,6.0,1.0,2049000.0,6198528.0,128.0,1000,164.0,timm,44.0,1728.0,0.0,15597464,794,hrnet_w18_small_v2,0.0,0.0,0.875,hrnet,164.0,1.0,1.0,1.0,1.0,1.0,0.0,0.0,0.0,2019.0,Supervised,"Image Classification, Object Detection, Image Segmentation",High-Resolution Representations,Average,ReLU
ImageNet-1K,8.0,1.0,2049000.0,18614700.0,128.0,1000,325.0,timm,112.0,1728.0,0.0,37712220,1533,hrnet_w30,0.0,0.0,0.875,hrnet,325.0,1.0,1.0,1.0,1.0,1.0,0.0,0.0,0.0,2019.0,Supervised,"Image Classification, Object Detection, Image Segmentation",High-Resolution Representations,Average,ReLU
ImageNet-1K,8.0,1.0,2049000.0,21177216.0,128.0,1000,325.0,timm,112.0,1728.0,0.0,41232680,1533,hrnet_w32,0.0,0.0,0.875,hrnet,325.0,1.0,1.0,1.0,1.0,1.0,0.0,0.0,0.0,2019.0,Supervised,"Image Classification, Object Detection, Image Segmentation",High-Resolution Representations,Average,ReLU
ImageNet-1K,8.0,1.0,2049000.0,33079200.0,128.0,1000,325.0,timm,112.0,1728.0,0.0,57557160,1533,hrnet_w40,0.0,0.0,0.875,hrnet,325.0,1.0,1.0,1.0,1.0,1.0,0.0,0.0,0.0,2019.0,Supervised,"Image Classification, Object Detection, Image Segmentation",High-Resolution Representations,Average,ReLU
ImageNet-1K,8.0,1.0,2049000.0,40021344.0,128.0,1000,325.0,timm,112.0,1728.0,0.0,67064984,1533,hrnet_w44,0.0,0.0,0.875,hrnet,325.0,1.0,1.0,1.0,1.0,1.0,0.0,0.0,0.0,2019.0,Supervised,"Image Classification, Object Detection, Image Segmentation",High-Resolution Representations,Average,ReLU
ImageNet-1K,8.0,1.0,2049000.0,47624256.0,128.0,1000,325.0,timm,112.0,1728.0,0.0,77469864,1533,hrnet_w48,0.0,0.0,0.875,hrnet,325.0,1.0,1.0,1.0,1.0,1.0,0.0,0.0,0.0,2019.0,Supervised,"Image Classification, Object Detection, Image Segmentation",High-Resolution Representations,Average,ReLU
ImageNet-1K,8.0,1.0,2049000.0,84643584.0,128.0,1000,325.0,timm,112.0,1728.0,0.0,128059944,1533,hrnet_w64,0.0,0.0,0.875,hrnet,325.0,1.0,1.0,1.0,1.0,1.0,0.0,0.0,0.0,2019.0,Supervised,"Image Classification, Object Detection, Image Segmentation",High-Resolution Representations,Average,ReLU
ImageNet-1K,33.0,1.0,2049000.0,55160832.0,128.0,1000,104.0,timm,33.0,9408.0,1.0,88791336,421,ig_resnext101_32x8d,0.0,0.0,0.875,resnext,104.0,1.0,1.0,1.0,1.0,1.0,0.0,0.0,0.0,2017.0,Supervised,Image Classification,Grouped Convolutions,"Max, Average",ReLU
ImageNet-1K,33.0,1.0,2049000.0,123314176.0,128.0,1000,104.0,timm,33.0,9408.0,1.0,194026792,421,ig_resnext101_32x16d,0.0,0.0,0.875,resnext,104.0,1.0,1.0,1.0,1.0,1.0,0.0,0.0,0.0,2017.0,Supervised,Image Classification,Grouped Convolutions,"Max, Average",ReLU
ImageNet-1K,33.0,1.0,2049000.0,300318720.0,128.0,1000,104.0,timm,33.0,9408.0,1.0,468530472,421,ig_resnext101_32x32d,0.0,0.0,0.875,resnext,104.0,1.0,1.0,1.0,1.0,1.0,0.0,0.0,0.0,2017.0,Supervised,Image Classification,Grouped Convolutions,"Max, Average",ReLU
ImageNet-1K,33.0,1.0,2049000.0,531587072.0,128.0,1000,104.0,timm,33.0,9408.0,1.0,828411176,421,ig_resnext101_32x48d,0.0,0.0,0.875,resnext,104.0,1.0,1.0,1.0,1.0,1.0,0.0,0.0,0.0,2017.0,Supervised,Image Classification,Grouped Convolutions,"Max, Average",ReLU
ImageNet-1K,0.0,1.0,1537000.0,22535680.0,5280.0,1000,244.0,timm,0.0,928.0,5.0,55843464,1008,inception_resnet_v2,0.0,0.0,0.8975,inception_resnet,204.0,1.0,1.0,1.0,1.0,1.0,0.0,0.0,0.0,2016.0,Supervised,Image Classification,Inception with Residual Connections,Average,ReLU
ImageNet-1K,0.0,1.0,2049000.0,6076800.0,5280.0,1000,94.0,timm,0.0,928.0,2.0,23834568,300,inception_v3,0.0,0.0,0.875,inception_v3,94.0,1.0,0.0,1.0,0.0,0.0,0.0,0.0,0.0,2015.0,Supervised,Image Classification,"Label Smoothing, Factorized Convolutions","Max, Average",ReLU
ImageNet-1K,0.0,1.0,1537000.0,,,1000,149.0,timm,0.0,41142816.0,18.0,42679816,680,inception_v4,0.0,0.0,0.875,inception_v4,149.0,1.0,0.0,1.0,0.0,0.0,0.0,0.0,0.0,2016.0,Supervised,Image Classification,Combining Inception with Residual Connections,"Max, Average",ReLU
ImageNet-1K,0.0,97.0,513000.0,66500608.0,1024.0,1000,3.0,timm,0.0,6272.0,2.0,67723368,385,jx_nest_base,0.0,48.0,0.875,nest,51.0,1.0,0.0,1.0,0.0,1.0,1.0,1.0,1.0,2021.0,Supervised,Image Classification,Nested Hierarchical Transformer,"Max, Average",GeLU
ImageNet-1K,0.0,97.0,385000.0,37433856.0,768.0,1000,3.0,timm,0.0,4704.0,2.0,38351176,385,jx_nest_small,0.0,48.0,0.875,nest,51.0,1.0,0.0,1.0,0.0,1.0,1.0,1.0,1.0,2021.0,Supervised,Image Classification,Nested Hierarchical Transformer,"Max, Average",GeLU
ImageNet-1K,0.0,49.0,385000.0,16140288.0,768.0,1000,3.0,timm,0.0,4704.0,2.0,17057608,205,jx_nest_tiny,0.0,24.0,0.875,nest,27.0,1.0,0.0,1.0,0.0,1.0,1.0,1.0,1.0,2021.0,Supervised,Image Classification,Nested Hierarchical Transformer,"Max, Average",GeLU
ImageNet-1K,5.0,1.0,2049000.0,8848384.0,8848384.0,1000,31.0,timm,0.0,26232.0,2.0,10988688,225,lambda_resnet26rpt_256,0.0,0.0,0.94,resnet,37.0,1.0,1.0,1.0,1.0,1.0,0.0,0.0,0.0,2015.0,Supervised,"Image Classification, Object Detection, Image Segmentation",Deep Residual Learning for Image Recognition,"Max, Average",ReLU
ImageNet-1K,5.0,1.0,2049000.0,8852320.0,8852320.0,1000,31.0,timm,0.0,26232.0,2.0,10958272,228,lambda_resnet26t,0.0,0.0,0.94,resnet,37.0,1.0,1.0,1.0,1.0,1.0,0.0,0.0,0.0,2015.0,Supervised,"Image Classification, Object Detection, Image Segmentation",Deep Residual Learning for Image Recognition,"Max, Average",ReLU
ImageNet-1K,11.0,1.0,2049000.0,19408608.0,19408608.0,1000,55.0,timm,0.0,26232.0,1.0,21536832,408,lambda_resnet50ts,0.0,0.0,0.95,resnet,65.0,1.0,1.0,1.0,1.0,1.0,0.0,0.0,0.0,2015.0,Supervised,"Image Classification, Object Detection, Image Segmentation",Deep Residual Learning for Image Recognition,"Max, Average",ReLU
ImageNet-1K,11.0,1.0,2049000.0,20441600.0,20441600.0,1000,58.0,timm,0.0,26232.0,0.0,22569824,404,lamhalobotnet50ts_256,0.0,0.0,0.95,botnet,59.0,1.0,1.0,1.0,1.0,1.0,0.0,0.0,1.0,2021.0,Supervised,"Image Classification, Object Detection, Image Segmentation",Transformer Blocks in ResNet,Average,"ReLU, GeLU"
ImageNet-1K,0.0,1.0,1281000.0,328960.0,265208.0,1000,32.0,timm,0.0,216.0,0.0,1880856,170,lcnet_050,0.0,0.0,0.875,lcnet,27.0,1.0,0.0,1.0,0.0,0.0,0.0,0.0,0.0,2021.0,Supervised,"Image Classification, Object Detection, Image Segmentation",Lightweight and Efficient for CPU,Average,NA
ImageNet-1K,0.0,1.0,1281000.0,575832.0,492800.0,1000,32.0,timm,0.0,432.0,0.0,2358288,170,lcnet_075,0.0,0.0,0.875,lcnet,27.0,1.0,0.0,1.0,0.0,0.0,0.0,0.0,0.0,2021.0,Supervised,"Image Classification, Object Detection, Image Segmentation",Lightweight and Efficient for CPU,Average,NA
ImageNet-1K,0.0,1.0,1281000.0,1004784.0,656640.0,1000,32.0,timm,0.0,432.0,0.0,2953800,170,lcnet_100,0.0,0.0,0.875,lcnet,27.0,1.0,0.0,1.0,0.0,0.0,0.0,0.0,0.0,2021.0,Supervised,"Image Classification, Object Detection, Image Segmentation",Lightweight and Efficient for CPU,Average,NA
ImageNet-1K,50.0,1.0,2049000.0,68677888.0,354864.0,1000,257.0,timm,0.0,112832.0,1.0,115088984,682,legacy_senet154,0.0,0.0,0.875,senet,157.0,1.0,1.0,1.0,1.0,1.0,0.0,0.0,0.0,2017.0,Supervised,"Image Classification, Object Detection",Squeeze-and-Excitation Blocks,Average,ReLU
ImageNet-1K,0.0,1.0,513000.0,8460352.0,149128.0,1000,36.0,timm,0.0,9536.0,1.0,11778592,111,legacy_seresnet18,0.0,0.0,0.875,seresnet,20.0,1.0,1.0,1.0,1.0,1.0,0.0,0.0,0.0,2017.0,Supervised,"Image Classification, Object Detection",Squeeze-and-Excitation Block ResNet,Average,ReLU
ImageNet-1K,0.0,1.0,513000.0,13214304.0,223692.0,1000,68.0,timm,0.0,9536.0,1.0,21958868,199,legacy_seresnet34,0.0,0.0,0.875,seresnet,36.0,1.0,1.0,1.0,1.0,1.0,0.0,0.0,0.0,2017.0,Supervised,"Image Classification, Object Detection",Squeeze-and-Excitation Block ResNet,Average,ReLU
ImageNet-1K,16.0,1.0,2049000.0,16544128.0,241200.0,1000,85.0,timm,0.0,9536.0,1.0,28088024,234,legacy_seresnet50,0.0,0.0,0.875,seresnet,53.0,1.0,1.0,1.0,1.0,1.0,0.0,0.0,0.0,2017.0,Supervised,"Image Classification, Object Detection",Squeeze-and-Excitation Block ResNet,Average,ReLU
ImageNet-1K,33.0,1.0,2049000.0,29130176.0,241200.0,1000,170.0,timm,0.0,9536.0,1.0,49326872,455,legacy_seresnet101,0.0,0.0,0.875,seresnet,104.0,1.0,1.0,1.0,1.0,1.0,0.0,0.0,0.0,2017.0,Supervised,"Image Classification, Object Detection",Squeeze-and-Excitation Block ResNet,Average,ReLU
ImageNet-1K,50.0,1.0,2049000.0,45371648.0,241200.0,1000,255.0,timm,0.0,9536.0,1.0,66821848,676,legacy_seresnet152,0.0,0.0,0.875,seresnet,155.0,1.0,1.0,1.0,1.0,1.0,0.0,0.0,0.0,2017.0,Supervised,"Image Classification, Object Detection",Squeeze-and-Excitation Block ResNet,Average,ReLU
ImageNet-1K,8.0,1.0,2049000.0,11100416.0,151584.0,1000,45.0,timm,0.0,9536.0,1.0,16790280,130,legacy_seresnext26_32x4d,0.0,0.0,0.875,resnext,29.0,1.0,1.0,1.0,1.0,1.0,0.0,0.0,0.0,2017.0,Supervised,Image Classification,Grouped Convolutions,"Max, Average",ReLU
ImageNet-1K,16.0,1.0,2049000.0,16124288.0,231216.0,1000,85.0,timm,0.0,9536.0,1.0,27559896,234,legacy_seresnext50_32x4d,0.0,0.0,0.875,resnext,53.0,1.0,1.0,1.0,1.0,1.0,0.0,0.0,0.0,2017.0,Supervised,Image Classification,Grouped Convolutions,"Max, Average",ReLU
ImageNet-1K,33.0,1.0,2049000.0,29211072.0,231216.0,1000,170.0,timm,0.0,9536.0,1.0,48955416,455,legacy_seresnext101_32x4d,0.0,0.0,0.875,resnext,104.0,1.0,1.0,1.0,1.0,1.0,0.0,0.0,0.0,2017.0,Supervised,Image Classification,Grouped Convolutions,"Max, Average",ReLU
ImageNet-1K,0.0,60.0,385768.0,8336896.0,385768.0,1000,4.0,timm,0.0,97680.0,0.0,9213936,298,levit_128,0.0,14.0,0.9,levit,4.0,1.0,1.0,1.0,1.0,1.0,1.0,1.0,1.0,2021.0,Supervised,Image Classification,Fast Inference Image Classification,Average,ReLU
ImageNet-1K,0.0,48.0,385768.0,6902528.0,385768.0,1000,4.0,timm,0.0,97680.0,0.0,7777058,241,levit_128s,0.0,11.0,0.9,levit,4.0,1.0,1.0,1.0,1.0,1.0,1.0,1.0,1.0,2021.0,Supervised,Image Classification,Fast Inference Image Classification,Average,ReLU
ImageNet-1K,0.0,60.0,385768.0,9951104.0,385768.0,1000,4.0,timm,0.0,219096.0,0.0,10947069,298,levit_192,0.0,14.0,0.9,levit,4.0,1.0,1.0,1.0,1.0,1.0,1.0,1.0,1.0,2021.0,Supervised,Image Classification,Fast Inference Image Classification,Average,ReLU
ImageNet-1K,0.0,60.0,514024.0,17469952.0,514024.0,1000,4.0,timm,0.0,388896.0,0.0,18893876,298,levit_256,0.0,14.0,0.9,levit,4.0,1.0,1.0,1.0,1.0,1.0,1.0,1.0,1.0,2021.0,Supervised,Image Classification,Fast Inference Image Classification,Average,ReLU
ImageNet-1K,0.0,60.0,770536.0,36703744.0,770536.0,1000,4.0,timm,0.0,873648.0,0.0,39128836,298,levit_384,0.0,14.0,0.9,levit,4.0,1.0,1.0,1.0,1.0,1.0,1.0,1.0,1.0,2021.0,Supervised,Image Classification,Fast Inference Image Classification,Average,ReLU
ImageNet-1K,0.0,57.0,513000.0,14897028.0,1024.0,1000,40.0,timm,0.0,19360.0,4.0,15451148,458,maxvit_nano_rw_256,0.0,28.0,0.95,maxvit,51.0,1.0,0.0,1.0,0.0,1.0,1.0,1.0,1.0,2022.0,Supervised,"Image Classification, Object Detection, Image Segmentation",Global and Local Attention,Average,GeLU
ImageNet-1K,0.0,85.0,513000.0,14947332.0,1024.0,1000,40.0,timm,0.0,19360.0,4.0,15501452,556,maxvit_rmlp_nano_rw_256,0.0,28.0,0.95,maxvit,51.0,1.0,0.0,1.0,0.0,1.0,1.0,1.0,1.0,2022.0,Supervised,"Image Classification, Object Detection, Image Segmentation",Global and Local Attention,Average,GeLU
ImageNet-1K,0.0,133.0,257000.0,7230700.0,512.0,1000,60.0,timm,0.0,7608.0,4.0,7515980,856,maxvit_rmlp_pico_rw_256,0.0,44.0,0.95,maxvit,79.0,1.0,0.0,1.0,0.0,1.0,1.0,1.0,1.0,2022.0,Supervised,"Image Classification, Object Detection, Image Segmentation",Global and Local Attention,Average,GeLU
ImageNet-1K,0.0,133.0,513000.0,28575192.0,1024.0,1000,60.0,timm,0.0,19360.0,4.0,29148896,856,maxvit_rmlp_tiny_rw_256,0.0,44.0,0.95,maxvit,79.0,1.0,0.0,1.0,0.0,1.0,1.0,1.0,1.0,2022.0,Supervised,"Image Classification, Object Detection, Image Segmentation",Global and Local Attention,Average,GeLU
ImageNet-1K,0.0,89.0,513000.0,28483608.0,1024.0,1000,60.0,timm,0.0,19360.0,4.0,29057312,702,maxvit_tiny_rw_224,0.0,44.0,0.95,maxvit,79.0,1.0,0.0,1.0,0.0,1.0,1.0,1.0,1.0,2022.0,Supervised,"Image Classification, Object Detection, Image Segmentation",Global and Local Attention,Average,GeLU
ImageNet-1K,0.0,49.0,769000.0,58519344.0,1536.0,1000,1.0,timm,0.0,590592.0,0.0,59880472,199,mixer_b16_224,0.0,0.0,0.875,mixer,25.0,1.0,0.0,1.0,0.0,1.0,0.0,0.0,0.0,2021.0,Supervised,Image Classification,Entirely MLP-based Image Processing,Average,GeLU
ImageNet-21K,0.0,49.0,16797267.0,58519344.0,1536.0,21843,1.0,timm,0.0,590592.0,0.0,75908739,199,mixer_b16_224_in21k,0.0,0.0,0.875,mixer,25.0,1.0,0.0,1.0,0.0,1.0,0.0,0.0,0.0,2021.0,Supervised,Image Classification,Entirely MLP-based Image Processing,Average,GeLU
ImageNet-1K,0.0,49.0,769000.0,58519344.0,1536.0,1000,1.0,timm,0.0,590592.0,0.0,59880472,199,mixer_b16_224_miil,0.0,0.0,0.875,mixer,25.0,1.0,0.0,1.0,0.0,1.0,0.0,0.0,0.0,2021.0,Supervised,Image Classification,Entirely MLP-based Image Processing,Average,GeLU
ImageNet-21K-P,0.0,49.0,8628949.0,58519344.0,1536.0,11221,1.0,timm,0.0,590592.0,0.0,67740421,199,mixer_b16_224_miil_in21k,0.0,0.0,0.875,mixer,25.0,1.0,0.0,1.0,0.0,1.0,0.0,0.0,0.0,2021.0,Supervised,Image Classification,Entirely MLP-based Image Processing,Average,GeLU
ImageNet-1K,0.0,97.0,1025000.0,206381664.0,2048.0,1000,1.0,timm,0.0,787456.0,0.0,208196168,391,mixer_l16_224,0.0,0.0,0.875,mixer,49.0,1.0,0.0,1.0,0.0,1.0,0.0,0.0,0.0,2021.0,Supervised,Image Classification,Entirely MLP-based Image Processing,Average,GeLU
ImageNet-21K,0.0,97.0,22389075.0,206381664.0,2048.0,21843,1.0,timm,0.0,787456.0,0.0,229560243,391,mixer_l16_224_in21k,0.0,0.0,0.875,mixer,49.0,1.0,0.0,1.0,0.0,1.0,0.0,0.0,0.0,2021.0,Supervised,Image Classification,Entirely MLP-based Image Processing,Average,GeLU
ImageNet-1K,0.0,1.0,1537000.0,5331612.0,405504.0,1000,155.0,timm,0.0,864.0,0.0,7329252,471,mixnet_l,0.0,0.0,0.875,mixnet,58.0,1.0,0.0,1.0,0.0,0.0,0.0,0.0,0.0,2019.0,Supervised,Image Classification,Mixed Depthwise Convolutional Layers,Average,ReLU
ImageNet-1K,0.0,1.0,1537000.0,3127822.0,307200.0,1000,155.0,timm,0.0,648.0,0.0,5014382,471,mixnet_m,0.0,0.0,0.875,mixnet,58.0,1.0,0.0,1.0,0.0,0.0,0.0,0.0,0.0,2019.0,Supervised,Image Classification,Mixed Depthwise Convolutional Layers,Average,ReLU
ImageNet-1K,0.0,1.0,1537000.0,2257782.0,307200.0,1000,123.0,timm,0.0,432.0,0.0,4134606,390,mixnet_s,0.0,0.0,0.875,mixnet,49.0,1.0,0.0,1.0,0.0,0.0,0.0,0.0,0.0,2019.0,Supervised,Image Classification,Mixed Depthwise Convolutional Layers,Average,ReLU
ImageNet-1K,0.0,1.0,1537000.0,9786352.0,491520.0,1000,192.0,timm,0.0,1080.0,0.0,11896768,575,mixnet_xl,0.0,0.0,0.875,mixnet,70.0,1.0,0.0,1.0,0.0,0.0,0.0,0.0,0.0,2019.0,Supervised,Image Classification,Mixed Depthwise Convolutional Layers,Average,ReLU
ImageNet-1K,0.0,1.0,1281000.0,2653928.0,409600.0,1000,52.0,timm,0.0,864.0,0.0,4383312,272,mnasnet_100,0.0,0.0,0.875,nasnet,52.0,1.0,1.0,1.0,0.0,1.0,0.0,0.0,0.0,2017.0,Supervised,"Image Classification, Object Detection",Neural Architecture Search,"Max, Average",ReLU
ImageNet-1K,0.0,1.0,1281000.0,547800.0,184320.0,1000,66.0,timm,0.0,216.0,0.0,2030264,282,mnasnet_small,0.0,0.0,0.875,nasnet,46.0,1.0,1.0,1.0,0.0,1.0,0.0,0.0,0.0,2017.0,Supervised,"Image Classification, Object Detection",Neural Architecture Search,"Max, Average",ReLU
ImageNet-21K-P,0.0,1.0,14374101.0,2947120.0,1230080.0,11221,63.0,timm,0.0,432.0,0.0,18576133,279,mobilenetv3_large_100_miil_in21k,0.0,0.0,0.875,mobilenetv3,46.0,1.0,0.0,1.0,1.0,1.0,0.0,0.0,0.0,2019.0,Supervised,"Image Classification, Object Detection, Image Segmentation",Hardware-aware Network Design,"Average, Spatial Pyramid",ReLU
ImageNet-1K,7.0,37.0,641000.0,4822544.0,102400.0,1000,35.0,timm,0.0,464.0,0.0,5578632,391,mobilevit_s,0.0,9.0,0.9,mobilevit,53.0,1.0,0.0,1.0,1.0,1.0,1.0,1.0,1.0,2021.0,Supervised,"Image Classification, Object Detection, Image Segmentation",ViT for Mobile Applications,Average,NA
ImageNet-1K,7.0,37.0,385000.0,1887104.0,36864.0,1000,35.0,timm,0.0,464.0,0.0,2317848,391,mobilevit_xs,0.0,9.0,0.9,mobilevit,53.0,1.0,0.0,1.0,1.0,1.0,1.0,1.0,1.0,2021.0,Supervised,"Image Classification, Object Detection, Image Segmentation",ViT for Mobile Applications,Average,NA
ImageNet-1K,7.0,37.0,321000.0,920880.0,25600.0,1000,35.0,timm,0.0,464.0,0.0,1272024,392,mobilevit_xxs,0.0,9.0,0.9,mobilevit,53.0,1.0,0.0,1.0,1.0,1.0,1.0,1.0,1.0,2021.0,Supervised,"Image Classification, Object Detection, Image Segmentation",ViT for Mobile Applications,Average,NA
ImageNet-1K,6.0,1.0,257000.0,1105385.0,1105385.0,1000,64.0,timm,0.0,464.0,0.0,1370593,332,mobilevitv2_050,0.0,18.0,0.888,mobilevitv2,25.0,1.0,0.0,1.0,1.0,1.0,1.0,1.0,1.0,2022.0,Supervised,"Image Classification, Object Detection, Image Segmentation",Separable Self-Attention,"Average, Spatial Pyramid",ReLU
ImageNet-1K,6.0,1.0,385000.0,2468697.0,2468697.0,1000,64.0,timm,0.0,696.0,0.0,2866009,332,mobilevitv2_075,0.0,18.0,0.888,mobilevitv2,25.0,1.0,0.0,1.0,1.0,1.0,1.0,1.0,1.0,2022.0,Supervised,"Image Classification, Object Detection, Image Segmentation",Separable Self-Attention,"Average, Spatial Pyramid",ReLU
ImageNet-1K,6.0,1.0,513000.0,4372425.0,4372425.0,1000,64.0,timm,0.0,928.0,0.0,4901841,332,mobilevitv2_100,0.0,18.0,0.888,mobilevitv2,25.0,1.0,0.0,1.0,1.0,1.0,1.0,1.0,1.0,2022.0,Supervised,"Image Classification, Object Detection, Image Segmentation",Separable Self-Attention,"Average, Spatial Pyramid",ReLU
ImageNet-1K,6.0,1.0,641000.0,6816569.0,6816569.0,1000,64.0,timm,0.0,1160.0,0.0,7478089,332,mobilevitv2_125,0.0,18.0,0.888,mobilevitv2,25.0,1.0,0.0,1.0,1.0,1.0,1.0,1.0,1.0,2022.0,Supervised,"Image Classification, Object Detection, Image Segmentation",Separable Self-Attention,"Average, Spatial Pyramid",ReLU
ImageNet-1K,6.0,1.0,769000.0,9801129.0,9801129.0,1000,64.0,timm,0.0,1392.0,0.0,10594753,332,mobilevitv2_150,0.0,18.0,0.888,mobilevitv2,25.0,1.0,0.0,1.0,1.0,1.0,1.0,1.0,1.0,2022.0,Supervised,"Image Classification, Object Detection, Image Segmentation",Separable Self-Attention,"Average, Spatial Pyramid",ReLU
ImageNet-1K,6.0,1.0,769000.0,9801129.0,9801129.0,1000,64.0,timm,0.0,1392.0,0.0,10594753,332,mobilevitv2_150_384_in22ft1k,0.0,18.0,1.0,mobilevitv2,25.0,1.0,0.0,1.0,1.0,1.0,1.0,1.0,1.0,2022.0,Supervised,"Image Classification, Object Detection, Image Segmentation",Separable Self-Attention,"Average, Spatial Pyramid",ReLU
ImageNet-1K,6.0,1.0,769000.0,9801129.0,9801129.0,1000,64.0,timm,0.0,1392.0,0.0,10594753,332,mobilevitv2_150_in22ft1k,0.0,18.0,0.888,mobilevitv2,25.0,1.0,0.0,1.0,1.0,1.0,1.0,1.0,1.0,2022.0,Supervised,"Image Classification, Object Detection, Image Segmentation",Separable Self-Attention,"Average, Spatial Pyramid",ReLU
ImageNet-1K,6.0,1.0,897000.0,13326105.0,13326105.0,1000,64.0,timm,0.0,1624.0,0.0,14251833,332,mobilevitv2_175,0.0,18.0,0.888,mobilevitv2,25.0,1.0,0.0,1.0,1.0,1.0,1.0,1.0,1.0,2022.0,Supervised,"Image Classification, Object Detection, Image Segmentation",Separable Self-Attention,"Average, Spatial Pyramid",ReLU
ImageNet-1K,6.0,1.0,897000.0,13326105.0,13326105.0,1000,64.0,timm,0.0,1624.0,0.0,14251833,332,mobilevitv2_175_384_in22ft1k,0.0,18.0,1.0,mobilevitv2,25.0,1.0,0.0,1.0,1.0,1.0,1.0,1.0,1.0,2022.0,Supervised,"Image Classification, Object Detection, Image Segmentation",Separable Self-Attention,"Average, Spatial Pyramid",ReLU
ImageNet-1K,6.0,1.0,897000.0,13326105.0,13326105.0,1000,64.0,timm,0.0,1624.0,0.0,14251833,332,mobilevitv2_175_in22ft1k,0.0,18.0,0.888,mobilevitv2,25.0,1.0,0.0,1.0,1.0,1.0,1.0,1.0,1.0,2022.0,Supervised,"Image Classification, Object Detection, Image Segmentation",Separable Self-Attention,"Average, Spatial Pyramid",ReLU
ImageNet-1K,6.0,1.0,1025000.0,17391497.0,17391497.0,1000,64.0,timm,0.0,1856.0,0.0,18449329,332,mobilevitv2_200,0.0,18.0,0.888,mobilevitv2,25.0,1.0,0.0,1.0,1.0,1.0,1.0,1.0,1.0,2022.0,Supervised,"Image Classification, Object Detection, Image Segmentation",Separable Self-Attention,"Average, Spatial Pyramid",ReLU
ImageNet-1K,6.0,1.0,1025000.0,17391497.0,17391497.0,1000,64.0,timm,0.0,1856.0,0.0,18449329,332,mobilevitv2_200_384_in22ft1k,0.0,18.0,1.0,mobilevitv2,25.0,1.0,0.0,1.0,1.0,1.0,1.0,1.0,1.0,2022.0,Supervised,"Image Classification, Object Detection, Image Segmentation",Separable Self-Attention,"Average, Spatial Pyramid",ReLU
ImageNet-1K,6.0,1.0,1025000.0,17391497.0,17391497.0,1000,64.0,timm,0.0,1856.0,0.0,18449329,332,mobilevitv2_200_in22ft1k,0.0,18.0,0.888,mobilevitv2,25.0,1.0,0.0,1.0,1.0,1.0,1.0,1.0,1.0,2022.0,Supervised,"Image Classification, Object Detection, Image Segmentation",Separable Self-Attention,"Average, Spatial Pyramid",ReLU
ImageNet-1K,0.0,100.0,769000.0,50515200.0,1536.0,1000,73.0,timm,0.0,14208.0,3.0,51472744,502,mvitv2_base,0.0,24.0,0.9,mvitv2,121.0,1.0,0.0,1.0,0.0,1.0,1.0,1.0,1.0,2021.0,Supervised,"Image Classification, Object Detection, Image Segmentation",Multiscale Features in Vision Transformers With Pooling Attention,Class Token,GeLU
ImageNet-1K,0.0,196.0,1153000.0,216583344.0,2304.0,1000,145.0,timm,0.0,21312.0,3.0,217992952,982,mvitv2_large,0.0,48.0,0.9,mvitv2,241.0,1.0,0.0,1.0,0.0,1.0,1.0,1.0,1.0,2021.0,Supervised,"Image Classification, Object Detection, Image Segmentation",Multiscale Features in Vision Transformers With Pooling Attention,Class Token,GeLU
ImageNet-1K,0.0,68.0,769000.0,33972960.0,1536.0,1000,49.0,timm,0.0,14208.0,3.0,34870216,342,mvitv2_small,0.0,16.0,0.9,mvitv2,81.0,1.0,0.0,1.0,0.0,1.0,1.0,1.0,1.0,2021.0,Supervised,"Image Classification, Object Detection, Image Segmentation",Multiscale Features in Vision Transformers With Pooling Attention,Class Token,GeLU
ImageNet-1K,0.0,44.0,769000.0,23307168.0,1536.0,1000,31.0,timm,0.0,14208.0,3.0,24173320,222,mvitv2_tiny,0.0,10.0,0.9,mvitv2,51.0,1.0,0.0,1.0,0.0,1.0,1.0,1.0,1.0,2021.0,Supervised,"Image Classification, Object Detection, Image Segmentation",Multiscale Features in Vision Transformers With Pooling Attention,Class Token,GeLU
ImageNet-1K,0.0,1.0,4033000.0,10054464.0,49230.0,1000,488.0,timm,0.0,2784.0,78.0,88753150,1505,nasnetalarge,0.0,0.0,0.911,nasnet,264.0,1.0,1.0,1.0,0.0,1.0,0.0,0.0,0.0,2017.0,Supervised,"Image Classification, Object Detection",Neural Architecture Search,"Max, Average",ReLU
ImageNet-1K,0.0,1.0,961000.0,8945024.0,316800.0,1000,106.0,timm,0.0,1160.0,4.0,10223984,308,nf_regnet_b1,0.0,0.0,0.9,regnet,0.0,1.0,0.0,1.0,0.0,0.0,0.0,0.0,0.0,,NA,NA,NA,NA,NA
ImageNet-1K,0.0,1.0,2049000.0,23498496.0,23498496.0,1000,53.0,timm,0.0,9536.0,4.0,25557032,157,nf_resnet50,0.0,0.0,0.94,resnet,0.0,1.0,1.0,1.0,1.0,1.0,0.0,0.0,0.0,2015.0,Supervised,"Image Classification, Object Detection, Image Segmentation",Deep Residual Learning for Image Recognition,"Max, Average",ReLU
ImageNet-1K,0.0,1.0,2305000.0,29128256.0,3543552.0,1000,81.0,timm,0.0,97680.0,3.0,35074488,226,nfnet_l0,0.0,0.0,1.0,nfnet,0.0,1.0,1.0,1.0,0.0,1.0,0.0,0.0,0.0,2021.0,Supervised,Image Classification,Normalization-Free ResNet with High Performance,Average,GeLU
ImageNet-1K,0.0,55.0,1025000.0,72340736.0,2048.0,1000,3.0,timm,0.0,150784.0,0.0,73764840,256,pit_b_224,0.0,17.0,0.9,pit,27.0,1.0,0.0,1.0,0.0,1.0,1.0,1.0,1.0,2021.0,Supervised,"Image Classification, Object Detection",Learnable Pooling in Vision Transformer,Class Token,GeLU
ImageNet-1K,0.0,56.0,1025000.0,72340736.0,2048.0,1000,3.0,timm,0.0,150784.0,0.0,74790096,257,pit_b_distilled_224,0.0,17.0,0.9,pit,27.0,1.0,0.0,1.0,0.0,1.0,1.0,1.0,1.0,2021.0,Supervised,"Image Classification, Object Detection",Learnable Pooling in Vision Transformer,Class Token,GeLU
ImageNet-1K,0.0,51.0,577000.0,22667904.0,1152.0,1000,3.0,timm,0.0,110736.0,0.0,23461912,238,pit_s_224,0.0,16.0,0.9,pit,25.0,1.0,0.0,1.0,0.0,1.0,1.0,1.0,1.0,2021.0,Supervised,"Image Classification, Object Detection",Learnable Pooling in Vision Transformer,Class Token,GeLU
ImageNet-1K,0.0,52.0,577000.0,22667904.0,1152.0,1000,3.0,timm,0.0,110736.0,0.0,24039056,239,pit_s_distilled_224,0.0,16.0,0.9,pit,25.0,1.0,0.0,1.0,0.0,1.0,1.0,1.0,1.0,2021.0,Supervised,"Image Classification, Object Detection",Learnable Pooling in Vision Transformer,Class Token,GeLU
ImageNet-1K,0.0,51.0,257000.0,4493824.0,512.0,1000,3.0,timm,0.0,49216.0,0.0,4847272,238,pit_ti_224,0.0,16.0,0.9,pit,25.0,1.0,0.0,1.0,0.0,1.0,1.0,1.0,1.0,2021.0,Supervised,"Image Classification, Object Detection",Learnable Pooling in Vision Transformer,Class Token,GeLU
ImageNet-1K,0.0,52.0,257000.0,4493824.0,512.0,1000,3.0,timm,0.0,49216.0,0.0,5104336,239,pit_ti_distilled_224,0.0,16.0,0.9,pit,25.0,1.0,0.0,1.0,0.0,1.0,1.0,1.0,1.0,2021.0,Supervised,"Image Classification, Object Detection",Learnable Pooling in Vision Transformer,Class Token,GeLU
ImageNet-1K,0.0,51.0,385000.0,10089216.0,768.0,1000,3.0,timm,0.0,73824.0,0.0,10618888,238,pit_xs_224,0.0,16.0,0.9,pit,25.0,1.0,0.0,1.0,0.0,1.0,1.0,1.0,1.0,2021.0,Supervised,"Image Classification, Object Detection",Learnable Pooling in Vision Transformer,Class Token,GeLU
ImageNet-1K,0.0,52.0,385000.0,10089216.0,768.0,1000,3.0,timm,0.0,73824.0,0.0,11003984,239,pit_xs_distilled_224,0.0,16.0,0.9,pit,25.0,1.0,0.0,1.0,0.0,1.0,1.0,1.0,1.0,2021.0,Supervised,"Image Classification, Object Detection",Learnable Pooling in Vision Transformer,Class Token,GeLU
ImageNet-1K,0.0,1.0,4321000.0,16664832.0,69468.0,1000,373.0,timm,0.0,2784.0,50.0,86057668,1142,pnasnet5large,0.0,0.0,0.911,nasnet,201.0,1.0,1.0,1.0,0.0,1.0,0.0,0.0,0.0,2017.0,Supervised,"Image Classification, Object Detection",Neural Architecture Search,"Max, Average",ReLU
ImageNet-1K,0.0,1.0,769000.0,55361280.0,1536.0,1000,76.0,timm,0.0,14208.0,36.0,56172520,488,poolformer_m36,0.0,0.0,0.95,poolformer,0.0,1.0,0.0,1.0,0.0,1.0,0.0,1.0,0.0,2021.0,Supervised,"Image Classification, Object Detection, Image Segmentation",Pooling Operations Instead of Attention,Average,GeLU
ImageNet-1K,0.0,1.0,769000.0,72653376.0,1536.0,1000,100.0,timm,0.0,14208.0,48.0,73473448,644,poolformer_m48,0.0,0.0,0.95,poolformer,0.0,1.0,0.0,1.0,0.0,1.0,0.0,1.0,0.0,2021.0,Supervised,"Image Classification, Object Detection, Image Segmentation",Pooling Operations Instead of Attention,Average,GeLU
ImageNet-1K,0.0,1.0,513000.0,11385024.0,1024.0,1000,28.0,timm,0.0,9472.0,12.0,11915176,176,poolformer_s12,0.0,0.0,0.9,poolformer,0.0,1.0,0.0,1.0,0.0,1.0,0.0,1.0,0.0,2021.0,Supervised,"Image Classification, Object Detection, Image Segmentation",Pooling Operations Instead of Attention,Average,GeLU
ImageNet-1K,0.0,1.0,513000.0,20852160.0,1024.0,1000,52.0,timm,0.0,9472.0,24.0,21388968,332,poolformer_s24,0.0,0.0,0.9,poolformer,0.0,1.0,0.0,1.0,0.0,1.0,0.0,1.0,0.0,2021.0,Supervised,"Image Classification, Object Detection, Image Segmentation",Pooling Operations Instead of Attention,Average,GeLU
ImageNet-1K,0.0,1.0,513000.0,30319296.0,1024.0,1000,76.0,timm,0.0,9472.0,36.0,30862760,488,poolformer_s36,0.0,0.0,0.9,poolformer,0.0,1.0,0.0,1.0,0.0,1.0,0.0,1.0,0.0,2021.0,Supervised,"Image Classification, Object Detection, Image Segmentation",Pooling Operations Instead of Attention,Average,GeLU
ImageNet-1K,0.0,41.0,257000.0,3404960.0,3404960.0,1000,18.0,timm,0.0,4800.0,0.0,3666760,175,pvt_v2_b0,0.0,13.0,0.9,pvt_v2,30.0,1.0,0.0,1.0,0.0,1.0,1.0,1.0,1.0,2021.0,Supervised,"Image Classification, Object Detection, Image Segmentation",Optimized Pyramid Vision Transformer Structure,Average,GeLU
ImageNet-1K,0.0,41.0,513000.0,13486400.0,13486400.0,1000,18.0,timm,0.0,9600.0,0.0,14009000,175,pvt_v2_b1,0.0,13.0,0.9,pvt_v2,30.0,1.0,0.0,1.0,0.0,1.0,1.0,1.0,1.0,2021.0,Supervised,"Image Classification, Object Detection, Image Segmentation",Optimized Pyramid Vision Transformer Structure,Average,GeLU
ImageNet-1K,0.0,81.0,513000.0,24840256.0,24840256.0,1000,33.0,timm,0.0,9600.0,0.0,25362856,325,pvt_v2_b2,0.0,21.0,0.9,pvt_v2,53.0,1.0,0.0,1.0,0.0,1.0,1.0,1.0,1.0,2021.0,Supervised,"Image Classification, Object Detection, Image Segmentation",Optimized Pyramid Vision Transformer Structure,Average,GeLU
ImageNet-1K,0.0,81.0,513000.0,22030912.0,22030912.0,1000,36.0,timm,0.0,9600.0,0.0,22553512,363,pvt_v2_b2_li,0.0,21.0,0.9,pvt_v2,56.0,1.0,0.0,1.0,0.0,1.0,1.0,1.0,1.0,2021.0,Supervised,"Image Classification, Object Detection, Image Segmentation",Optimized Pyramid Vision Transformer Structure,Average,GeLU
ImageNet-1K,0.0,141.0,513000.0,44716096.0,44716096.0,1000,57.0,timm,0.0,9600.0,0.0,45238696,553,pvt_v2_b3,0.0,33.0,0.9,pvt_v2,89.0,1.0,0.0,1.0,0.0,1.0,1.0,1.0,1.0,2021.0,Supervised,"Image Classification, Object Detection, Image Segmentation",Optimized Pyramid Vision Transformer Structure,Average,GeLU
ImageNet-1K,0.0,206.0,513000.0,62033472.0,62033472.0,1000,83.0,timm,0.0,9600.0,0.0,62556072,800,pvt_v2_b4,0.0,46.0,0.9,pvt_v2,128.0,1.0,0.0,1.0,0.0,1.0,1.0,1.0,1.0,2021.0,Supervised,"Image Classification, Object Detection, Image Segmentation",Optimized Pyramid Vision Transformer Structure,Average,GeLU
ImageNet-1K,22.0,1.0,1089000.0,11263408.0,215336.0,1000,115.0,timm,0.0,864.0,0.0,20640640,475,regnetv_040,0.0,0.0,1.0,regnet,66.0,1.0,0.0,1.0,0.0,0.0,0.0,0.0,0.0,,NA,NA,NA,NA,NA
ImageNet-1K,25.0,1.0,1297000.0,16764696.0,271052.0,1000,130.0,timm,0.0,864.0,4.0,30576052,546,regnetv_064,0.0,0.0,1.0,regnet,75.0,1.0,0.0,1.0,0.0,0.0,0.0,0.0,0.0,,NA,NA,NA,NA,NA
ImageNet-1K,13.0,1.0,369000.0,2057856.0,3840.0,1000,44.0,timm,13.0,928.0,0.0,2684792,293,regnetx_002,0.0,0.0,0.875,regnetx,44.0,1.0,1.0,1.0,1.0,1.0,0.0,0.0,0.0,2020.0,Supervised,Image Classification,Systematic Network Design No Squeeze Excitation,Average,ReLU
ImageNet-1K,22.0,1.0,385000.0,4177920.0,7680.0,1000,71.0,timm,22.0,928.0,0.0,5157512,473,regnetx_004,0.0,0.0,0.875,regnetx,71.0,1.0,1.0,1.0,1.0,1.0,0.0,0.0,0.0,2020.0,Supervised,Image Classification,Systematic Network Design No Squeeze Excitation,Average,ReLU
ImageNet-1K,16.0,1.0,529000.0,4675968.0,15744.0,1000,53.0,timm,16.0,928.0,0.0,6196040,353,regnetx_006,0.0,0.0,0.875,regnetx,53.0,1.0,1.0,1.0,1.0,1.0,0.0,0.0,0.0,2020.0,Supervised,Image Classification,Systematic Network Design No Squeeze Excitation,Average,ReLU
ImageNet-1K,16.0,1.0,673000.0,4935168.0,17408.0,1000,53.0,timm,16.0,928.0,0.0,7259656,353,regnetx_008,0.0,0.0,0.875,regnetx,53.0,1.0,1.0,1.0,1.0,1.0,0.0,0.0,0.0,2020.0,Supervised,Image Classification,Systematic Network Design No Squeeze Excitation,Average,ReLU
ImageNet-1K,18.0,1.0,913000.0,4181184.0,51264.0,1000,59.0,timm,18.0,928.0,0.0,9190136,393,regnetx_016,0.0,0.0,0.875,regnetx,59.0,1.0,1.0,1.0,1.0,1.0,0.0,0.0,0.0,2020.0,Supervised,Image Classification,Systematic Network Design No Squeeze Excitation,Average,ReLU
ImageNet-1K,25.0,1.0,1009000.0,8377344.0,116736.0,1000,80.0,timm,25.0,928.0,0.0,15296552,533,regnetx_032,0.0,0.0,0.875,regnetx,80.0,1.0,1.0,1.0,1.0,1.0,0.0,0.0,0.0,2020.0,Supervised,Image Classification,Systematic Network Design No Squeeze Excitation,Average,ReLU
ImageNet-1K,23.0,1.0,1361000.0,11558400.0,81920.0,1000,74.0,timm,23.0,928.0,0.0,22118248,493,regnetx_040,0.0,0.0,0.875,regnetx,74.0,1.0,1.0,1.0,1.0,1.0,0.0,0.0,0.0,2020.0,Supervised,Image Classification,Systematic Network Design No Squeeze Excitation,Average,ReLU
ImageNet-1K,17.0,1.0,1625000.0,16244480.0,264768.0,1000,56.0,timm,17.0,928.0,0.0,26209256,373,regnetx_064,0.0,0.0,0.875,regnetx,56.0,1.0,1.0,1.0,1.0,1.0,0.0,0.0,0.0,2020.0,Supervised,Image Classification,Systematic Network Design No Squeeze Excitation,Average,ReLU
ImageNet-1K,23.0,1.0,1921000.0,27043200.0,139520.0,1000,74.0,timm,23.0,928.0,0.0,39572648,493,regnetx_080,0.0,0.0,0.875,regnetx,74.0,1.0,1.0,1.0,1.0,1.0,0.0,0.0,0.0,2020.0,Supervised,Image Classification,Systematic Network Design No Squeeze Excitation,Average,ReLU
ImageNet-1K,19.0,1.0,2241000.0,27596800.0,616448.0,1000,62.0,timm,19.0,928.0,0.0,46106056,413,regnetx_120,0.0,0.0,0.875,regnetx,62.0,1.0,1.0,1.0,1.0,1.0,0.0,0.0,0.0,2020.0,Supervised,Image Classification,Systematic Network Design No Squeeze Excitation,Average,ReLU
ImageNet-1K,22.0,1.0,2049000.0,34406400.0,802816.0,1000,71.0,timm,22.0,928.0,0.0,54278536,473,regnetx_160,0.0,0.0,0.875,regnetx,71.0,1.0,1.0,1.0,1.0,1.0,0.0,0.0,0.0,2020.0,Supervised,Image Classification,Systematic Network Design No Squeeze Excitation,Average,ReLU
ImageNet-1K,23.0,1.0,2521000.0,73382400.0,1376256.0,1000,74.0,timm,23.0,928.0,0.0,107811560,493,regnetx_320,0.0,0.0,0.875,regnetx,74.0,1.0,1.0,1.0,1.0,1.0,0.0,0.0,0.0,2020.0,Supervised,Image Classification,Systematic Network Design No Squeeze Excitation,Average,ReLU
ImageNet-1K,13.0,1.0,369000.0,2495262.0,4256.0,1000,70.0,timm,13.0,928.0,0.0,3162996,358,regnety_002,0.0,0.0,0.875,regnety,44.0,1.0,1.0,1.0,1.0,1.0,0.0,0.0,0.0,2020.0,Supervised,Image Classification,Regnet With Squeeze Excitation,Average,NA
ImageNet-1K,16.0,1.0,441000.0,3035722.0,9656.0,1000,85.0,timm,16.0,928.0,0.0,4344144,433,regnety_004,0.0,0.0,0.875,regnety,53.0,1.0,1.0,1.0,1.0,1.0,0.0,0.0,0.0,2020.0,Supervised,Image Classification,Regnet With Squeeze Excitation,Average,NA
ImageNet-1K,15.0,1.0,609000.0,3884424.0,13112.0,1000,80.0,timm,15.0,928.0,0.0,6055160,408,regnety_006,0.0,0.0,0.875,regnety,50.0,1.0,1.0,1.0,1.0,1.0,0.0,0.0,0.0,2020.0,Supervised,Image Classification,Regnet With Squeeze Excitation,Average,NA
ImageNet-1K,14.0,1.0,769000.0,2901776.0,18504.0,1000,75.0,timm,14.0,928.0,0.0,6263168,383,regnety_008,0.0,0.0,0.875,regnety,47.0,1.0,1.0,1.0,1.0,1.0,0.0,0.0,0.0,2020.0,Supervised,Image Classification,Regnet With Squeeze Excitation,Average,NA
ImageNet-1K,27.0,1.0,889000.0,5970414.0,32756.0,1000,140.0,timm,27.0,928.0,0.0,11202430,708,regnety_016,0.0,0.0,0.875,regnety,86.0,1.0,1.0,1.0,1.0,1.0,0.0,0.0,0.0,2020.0,Supervised,Image Classification,Regnet With Squeeze Excitation,Average,NA
ImageNet-1K,21.0,1.0,1513000.0,12222774.0,55178.0,1000,110.0,timm,21.0,928.0,0.0,19436338,558,regnety_032,0.0,0.0,1.0,regnety,68.0,1.0,1.0,1.0,1.0,1.0,0.0,0.0,0.0,2020.0,Supervised,Image Classification,Regnet With Squeeze Excitation,Average,NA
ImageNet-1K,22.0,1.0,1089000.0,11263408.0,215336.0,1000,115.0,timm,22.0,928.0,0.0,20646656,583,regnety_040,0.0,0.0,1.0,regnety,71.0,1.0,1.0,1.0,1.0,1.0,0.0,0.0,0.0,2020.0,Supervised,Image Classification,Regnet With Squeeze Excitation,Average,NA
ImageNet-1K,25.0,1.0,1297000.0,16764696.0,271052.0,1000,130.0,timm,25.0,928.0,0.0,30583252,658,regnety_064,0.0,0.0,1.0,regnety,80.0,1.0,1.0,1.0,1.0,1.0,0.0,0.0,0.0,2020.0,Supervised,Image Classification,Regnet With Squeeze Excitation,Average,NA
ImageNet-1K,17.0,1.0,2017000.0,24396624.0,281954.0,1000,90.0,timm,17.0,928.0,0.0,39180068,458,regnety_080,0.0,0.0,1.0,regnety,56.0,1.0,1.0,1.0,1.0,1.0,0.0,0.0,0.0,2020.0,Supervised,Image Classification,Regnet With Squeeze Excitation,Average,NA
ImageNet-1K,19.0,1.0,2241000.0,31823792.0,645632.0,1000,100.0,timm,19.0,928.0,0.0,51822544,508,regnety_120,0.0,0.0,0.875,regnety,62.0,1.0,1.0,1.0,1.0,1.0,0.0,0.0,0.0,2020.0,Supervised,Image Classification,Regnet With Squeeze Excitation,Average,NA
ImageNet-1K,18.0,1.0,3025000.0,54520424.0,645632.0,1000,95.0,timm,18.0,928.0,0.0,83590140,483,regnety_160,0.0,0.0,1.0,regnety,59.0,1.0,1.0,1.0,1.0,1.0,0.0,0.0,0.0,2020.0,Supervised,Image Classification,Regnet With Squeeze Excitation,Average,NA
ImageNet-1K,20.0,1.0,3713000.0,92544162.0,1176306.0,1000,105.0,timm,20.0,928.0,0.0,145046770,533,regnety_320,0.0,0.0,0.875,regnety,65.0,1.0,1.0,1.0,1.0,1.0,0.0,0.0,0.0,2020.0,Supervised,Image Classification,Regnet With Squeeze Excitation,Average,NA
ImageNet-1K,28.0,1.0,529000.0,16740432.0,69524.0,1000,141.0,timm,28.0,928.0,0.0,27116800,713,regnetz_040,0.0,0.0,1.0,regnetz,85.0,1.0,1.0,1.0,1.0,1.0,0.0,0.0,0.0,2020.0,Supervised,Image Classification,Z Block with Inverted Bottlenecks,Average,NA
ImageNet-1K,28.0,1.0,1537000.0,16740432.0,69524.0,1000,142.0,timm,28.0,928.0,0.0,28938880,717,regnetz_040h,0.0,0.0,1.0,regnetz,86.0,1.0,1.0,1.0,1.0,1.0,0.0,0.0,0.0,2020.0,Supervised,Image Classification,Z Block with Inverted Bottlenecks,Average,NA
ImageNet-1K,22.0,1.0,1537000.0,7685456.0,442368.0,1000,112.0,timm,0.0,928.0,0.0,9715480,612,regnetz_b16,0.0,0.0,0.94,regnetz,68.0,1.0,1.0,1.0,1.0,1.0,0.0,0.0,0.0,2020.0,Supervised,Image Classification,Z Block with Inverted Bottlenecks,Average,NA
ImageNet-1K,22.0,1.0,1537000.0,11416672.0,442368.0,1000,112.0,timm,0.0,928.0,0.0,13459880,612,regnetz_c16,0.0,0.0,0.94,regnetz,68.0,1.0,1.0,1.0,1.0,1.0,0.0,0.0,0.0,2020.0,Supervised,Image Classification,Z Block with Inverted Bottlenecks,Average,NA
ImageNet-1K,22.0,1.0,1537000.0,11502880.0,446976.0,1000,112.0,timm,0.0,960.0,0.0,13487816,476,regnetz_c16_evos,0.0,0.0,0.95,regnetz,0.0,1.0,1.0,1.0,1.0,1.0,0.0,0.0,0.0,2020.0,Supervised,Image Classification,Z Block with Inverted Bottlenecks,Average,NA
ImageNet-1K,24.0,1.0,1793000.0,20774656.0,688128.0,1000,124.0,timm,0.0,26232.0,0.0,23373792,678,regnetz_d8,0.0,0.0,1.0,regnetz,76.0,1.0,1.0,1.0,1.0,1.0,0.0,0.0,0.0,2020.0,Supervised,Image Classification,Z Block with Inverted Bottlenecks,Average,NA
ImageNet-1K,24.0,1.0,1793000.0,20901760.0,693504.0,1000,124.0,timm,0.0,76032.0,0.0,23464296,526,regnetz_d8_evos,0.0,0.0,0.95,regnetz,0.0,1.0,1.0,1.0,1.0,1.0,0.0,0.0,0.0,2020.0,Supervised,Image Classification,Z Block with Inverted Bottlenecks,Average,NA
ImageNet-1K,24.0,1.0,1793000.0,24977152.0,688128.0,1000,124.0,timm,0.0,26232.0,0.0,27576288,678,regnetz_d32,0.0,0.0,0.95,regnetz,76.0,1.0,1.0,1.0,1.0,1.0,0.0,0.0,0.0,2020.0,Supervised,Image Classification,Z Block with Inverted Bottlenecks,Average,NA
ImageNet-1K,30.0,1.0,2049000.0,54406368.0,1048576.0,1000,154.0,timm,0.0,26232.0,0.0,57698176,839,regnetz_e8,0.0,0.0,1.0,regnetz,94.0,1.0,1.0,1.0,1.0,1.0,0.0,0.0,0.0,2020.0,Supervised,Image Classification,Z Block with Inverted Bottlenecks,Average,NA
ImageNet-1K,0.0,1.0,1409000.0,26757120.0,26757120.0,1000,44.0,timm,0.0,2176.0,0.0,28210600,372,repvgg_a2,0.0,0.0,0.875,vgg,61.0,1.0,0.0,1.0,0.0,0.0,0.0,0.0,0.0,2014.0,Supervised,Image Classification,Deep Architecture with 11 Layers,Max,ReLU
ImageNet-1K,0.0,1.0,1281000.0,14499840.0,14499840.0,1000,56.0,timm,0.0,2176.0,0.0,15817960,474,repvgg_b0,0.0,0.0,0.875,vgg,79.0,1.0,0.0,1.0,0.0,0.0,0.0,0.0,0.0,2014.0,Supervised,Image Classification,Deep Architecture with 11 Layers,Max,ReLU
ImageNet-1K,0.0,1.0,2049000.0,55296000.0,55296000.0,1000,56.0,timm,0.0,2176.0,0.0,57415016,474,repvgg_b1,0.0,0.0,0.875,vgg,79.0,1.0,0.0,1.0,0.0,0.0,0.0,0.0,0.0,2014.0,Supervised,Image Classification,Deep Architecture with 11 Layers,Max,ReLU
ImageNet-1K,0.0,1.0,2049000.0,37847040.0,37847040.0,1000,56.0,timm,0.0,2176.0,0.0,39966056,474,repvgg_b1g4,0.0,0.0,0.875,vgg,79.0,1.0,0.0,1.0,0.0,0.0,0.0,0.0,0.0,2014.0,Supervised,Image Classification,Deep Architecture with 11 Layers,Max,ReLU
ImageNet-1K,0.0,1.0,2561000.0,86374400.0,86374400.0,1000,56.0,timm,0.0,2176.0,0.0,89022376,474,repvgg_b2,0.0,0.0,0.875,vgg,79.0,1.0,0.0,1.0,0.0,0.0,0.0,0.0,0.0,2014.0,Supervised,Image Classification,Deep Architecture with 11 Layers,Max,ReLU
ImageNet-1K,0.0,1.0,2561000.0,59110400.0,59110400.0,1000,56.0,timm,0.0,2176.0,0.0,61758376,474,repvgg_b2g4,0.0,0.0,0.875,vgg,79.0,1.0,0.0,1.0,0.0,0.0,0.0,0.0,0.0,2014.0,Supervised,Image Classification,Deep Architecture with 11 Layers,Max,ReLU
ImageNet-1K,0.0,1.0,2561000.0,120422400.0,120422400.0,1000,56.0,timm,0.0,2176.0,0.0,123085288,474,repvgg_b3,0.0,0.0,0.875,vgg,79.0,1.0,0.0,1.0,0.0,0.0,0.0,0.0,0.0,2014.0,Supervised,Image Classification,Deep Architecture with 11 Layers,Max,ReLU
ImageNet-1K,0.0,1.0,2561000.0,81162240.0,81162240.0,1000,56.0,timm,0.0,2176.0,0.0,83825128,474,repvgg_b3g4,0.0,0.0,0.875,vgg,79.0,1.0,0.0,1.0,0.0,0.0,0.0,0.0,0.0,2014.0,Supervised,Image Classification,Deep Architecture with 11 Layers,Max,ReLU
ImageNet-1K,0.0,1.0,2049000.0,14586976.0,128.0,1000,149.0,timm,0.0,9408.0,5.0,25059816,381,res2net50_14w_8s,0.0,0.0,0.875,res2net,149.0,1.0,1.0,1.0,1.0,1.0,0.0,0.0,0.0,2019.0,Supervised,"Image Classification, Object Detection, Image Segmentation",Hierarchical Residual-Like Connections,Average,ReLU
ImageNet-1K,0.0,1.0,2049000.0,14998304.0,128.0,1000,85.0,timm,0.0,9408.0,5.0,25699120,253,res2net50_26w_4s,0.0,0.0,0.875,res2net,85.0,1.0,1.0,1.0,1.0,1.0,0.0,0.0,0.0,2019.0,Supervised,"Image Classification, Object Detection, Image Segmentation",Hierarchical Residual-Like Connections,Average,ReLU
ImageNet-1K,0.0,1.0,2049000.0,22025376.0,128.0,1000,117.0,timm,0.0,9408.0,5.0,37051448,317,res2net50_26w_6s,0.0,0.0,0.875,res2net,117.0,1.0,1.0,1.0,1.0,1.0,0.0,0.0,0.0,2019.0,Supervised,"Image Classification, Object Detection, Image Segmentation",Hierarchical Residual-Like Connections,Average,ReLU
ImageNet-1K,0.0,1.0,2049000.0,29052448.0,128.0,1000,149.0,timm,0.0,9408.0,5.0,48403776,381,res2net50_26w_8s,0.0,0.0,0.875,res2net,149.0,1.0,1.0,1.0,1.0,1.0,0.0,0.0,0.0,2019.0,Supervised,"Image Classification, Object Detection, Image Segmentation",Hierarchical Residual-Like Connections,Average,ReLU
ImageNet-1K,0.0,1.0,2049000.0,14752512.0,128.0,1000,53.0,timm,0.0,9408.0,5.0,25287304,189,res2net50_48w_2s,0.0,0.0,0.875,res2net,53.0,1.0,1.0,1.0,1.0,1.0,0.0,0.0,0.0,2019.0,Supervised,"Image Classification, Object Detection, Image Segmentation",Hierarchical Residual-Like Connections,Average,ReLU
ImageNet-1K,0.0,1.0,2049000.0,26705936.0,128.0,1000,170.0,timm,0.0,9408.0,5.0,45206688,491,res2net101_26w_4s,0.0,0.0,0.875,res2net,170.0,1.0,1.0,1.0,1.0,1.0,0.0,0.0,0.0,2019.0,Supervised,"Image Classification, Object Detection, Image Segmentation",Hierarchical Residual-Like Connections,Average,ReLU
ImageNet-1K,0.0,1.0,2049000.0,14322176.0,128.0,1000,85.0,timm,0.0,9408.0,5.0,24671464,253,res2next50,0.0,0.0,0.875,res2next,85.0,1.0,1.0,1.0,1.0,1.0,0.0,0.0,0.0,2019.0,Supervised,"Image Classification, Object Detection, Image Segmentation",Enhanced Grouped Convolutions,Average,ReLU
ImageNet-1K,0.0,37.0,385000.0,14660592.0,768.0,1000,1.0,timm,0.0,295296.0,0.0,15350872,139,resmlp_12_224,0.0,0.0,0.875,resmlp,0.0,1.0,0.0,1.0,0.0,1.0,0.0,1.0,0.0,2021.0,Self-Supervised,Image Classification,Residual MLP for Image Classification,Average,GeLU
ImageNet-1K,0.0,37.0,385000.0,14660592.0,768.0,1000,1.0,timm,0.0,295296.0,0.0,15350872,139,resmlp_12_224_dino,0.0,0.0,0.875,resmlp,0.0,1.0,0.0,1.0,0.0,1.0,0.0,1.0,0.0,2021.0,Self-Supervised,Image Classification,Residual MLP for Image Classification,Average,GeLU
ImageNet-1K,0.0,37.0,385000.0,14660592.0,768.0,1000,1.0,timm,0.0,295296.0,0.0,15350872,139,resmlp_12_distilled_224,0.0,0.0,0.875,resmlp,0.0,1.0,0.0,1.0,0.0,1.0,0.0,1.0,0.0,2021.0,Self-Supervised,Image Classification,Residual MLP for Image Classification,Average,GeLU
ImageNet-1K,0.0,73.0,385000.0,29321184.0,768.0,1000,1.0,timm,0.0,295296.0,0.0,30020680,271,resmlp_24_224,0.0,0.0,0.875,resmlp,0.0,1.0,0.0,1.0,0.0,1.0,0.0,1.0,0.0,2021.0,Self-Supervised,Image Classification,Residual MLP for Image Classification,Average,GeLU
ImageNet-1K,0.0,73.0,385000.0,29321184.0,768.0,1000,1.0,timm,0.0,295296.0,0.0,30020680,271,resmlp_24_224_dino,0.0,0.0,0.875,resmlp,0.0,1.0,0.0,1.0,0.0,1.0,0.0,1.0,0.0,2021.0,Self-Supervised,Image Classification,Residual MLP for Image Classification,Average,GeLU
ImageNet-1K,0.0,73.0,385000.0,29321184.0,768.0,1000,1.0,timm,0.0,295296.0,0.0,30020680,271,resmlp_24_distilled_224,0.0,0.0,0.875,resmlp,0.0,1.0,0.0,1.0,0.0,1.0,0.0,1.0,0.0,2021.0,Self-Supervised,Image Classification,Residual MLP for Image Classification,Average,GeLU
ImageNet-1K,0.0,109.0,385000.0,43981776.0,768.0,1000,1.0,timm,0.0,295296.0,0.0,44690488,403,resmlp_36_224,0.0,0.0,0.875,resmlp,0.0,1.0,0.0,1.0,0.0,1.0,0.0,1.0,0.0,2021.0,Self-Supervised,Image Classification,Residual MLP for Image Classification,Average,GeLU
ImageNet-1K,0.0,109.0,385000.0,43981776.0,768.0,1000,1.0,timm,0.0,295296.0,0.0,44690488,403,resmlp_36_distilled_224,0.0,0.0,0.875,resmlp,0.0,1.0,0.0,1.0,0.0,1.0,0.0,1.0,0.0,2021.0,Self-Supervised,Image Classification,Residual MLP for Image Classification,Average,GeLU
ImageNet-1K,0.0,73.0,769000.0,128182656.0,1536.0,1000,1.0,timm,0.0,148224.0,0.0,129138280,271,resmlp_big_24_224,0.0,0.0,0.875,resmlp,0.0,1.0,0.0,1.0,0.0,1.0,0.0,1.0,0.0,2021.0,Self-Supervised,Image Classification,Residual MLP for Image Classification,Average,GeLU
ImageNet-1K,0.0,73.0,769000.0,128182656.0,1536.0,1000,1.0,timm,0.0,148224.0,0.0,129138280,271,resmlp_big_24_224_in22ft1k,0.0,0.0,0.875,resmlp,0.0,1.0,0.0,1.0,0.0,1.0,0.0,1.0,0.0,2021.0,Self-Supervised,Image Classification,Residual MLP for Image Classification,Average,GeLU
ImageNet-1K,0.0,73.0,769000.0,128182656.0,1536.0,1000,1.0,timm,0.0,148224.0,0.0,129138280,271,resmlp_big_24_distilled_224,0.0,0.0,0.875,resmlp,0.0,1.0,0.0,1.0,0.0,1.0,0.0,1.0,0.0,2021.0,Self-Supervised,Image Classification,Residual MLP for Image Classification,Average,GeLU
ImageNet-1K,4.0,1.0,2049000.0,6435584.0,128.0,1000,27.0,timm,0.0,28640.0,7.0,10611688,119,resnest14d,0.0,0.0,0.875,resnest,23.0,1.0,1.0,1.0,1.0,1.0,0.0,0.0,0.0,2020.0,Supervised,Image Classification,Split-Attention Mechanism,Average,ReLU
ImageNet-1K,8.0,1.0,2049000.0,11294208.0,128.0,1000,47.0,timm,0.0,28640.0,7.0,17069448,199,resnest26d,0.0,0.0,0.875,resnest,39.0,1.0,1.0,1.0,1.0,1.0,0.0,0.0,0.0,2020.0,Supervised,Image Classification,Split-Attention Mechanism,Average,ReLU
ImageNet-1K,16.0,1.0,2049000.0,16152832.0,128.0,1000,87.0,timm,0.0,28640.0,7.0,27483240,359,resnest50d,0.0,0.0,0.875,resnest,71.0,1.0,1.0,1.0,1.0,1.0,0.0,0.0,0.0,2020.0,Supervised,Image Classification,Split-Attention Mechanism,Average,ReLU
ImageNet-1K,16.0,1.0,2049000.0,14980032.0,128.0,1000,87.0,timm,0.0,28640.0,7.0,25677000,359,resnest50d_1s4x24d,0.0,0.0,0.875,resnest,71.0,1.0,1.0,1.0,1.0,1.0,0.0,0.0,0.0,2020.0,Supervised,Image Classification,Split-Attention Mechanism,Average,ReLU
ImageNet-1K,16.0,1.0,2049000.0,17956736.0,128.0,1000,87.0,timm,0.0,28640.0,7.0,30417592,359,resnest50d_4s2x40d,0.0,0.0,0.875,resnest,71.0,1.0,1.0,1.0,1.0,1.0,0.0,0.0,0.0,2020.0,Supervised,Image Classification,Split-Attention Mechanism,Average,ReLU
ImageNet-1K,33.0,1.0,2049000.0,28383872.0,256.0,1000,172.0,timm,0.0,112576.0,7.0,48275016,699,resnest101e,0.0,0.0,0.875,resnest,139.0,1.0,1.0,1.0,1.0,1.0,0.0,0.0,0.0,2020.0,Supervised,Image Classification,Split-Attention Mechanism,Average,ReLU
ImageNet-1K,66.0,1.0,2049000.0,44203520.0,256.0,1000,337.0,timm,0.0,112576.0,7.0,70201544,1359,resnest200e,0.0,0.0,0.909,resnest,271.0,1.0,1.0,1.0,1.0,1.0,0.0,0.0,0.0,2020.0,Supervised,Image Classification,Split-Attention Mechanism,Average,ReLU
ImageNet-1K,89.0,1.0,2049000.0,58806272.0,256.0,1000,452.0,timm,0.0,112576.0,7.0,110929480,1819,resnest269e,0.0,0.0,0.928,resnest,363.0,1.0,1.0,1.0,1.0,1.0,0.0,0.0,0.0,2020.0,Supervised,Image Classification,Split-Attention Mechanism,Average,ReLU
ImageNet-1K,10.0,1.0,1537000.0,16363520.0,16363520.0,1000,37.0,timm,0.0,26232.0,0.0,17963616,265,resnet32ts,0.0,0.0,0.9,resnet,37.0,1.0,1.0,1.0,1.0,1.0,0.0,0.0,0.0,2015.0,Supervised,"Image Classification, Object Detection, Image Segmentation",Deep Residual Learning for Image Recognition,"Max, Average",ReLU
ImageNet-1K,16.0,1.0,2049000.0,14964736.0,128.0,1000,53.0,timm,16.0,9408.0,1.0,25557032,217,resnet50,0.0,0.0,0.95,resnet,53.0,1.0,1.0,1.0,1.0,1.0,0.0,0.0,0.0,2015.0,Supervised,"Image Classification, Object Detection, Image Segmentation",Deep Residual Learning for Image Recognition,"Max, Average",ReLU
ImageNet-1K,14.0,1.0,2049000.0,31453184.0,3145728.0,1000,67.0,timm,0.0,97680.0,0.0,36846968,434,resnet61q,0.0,0.0,1.0,resnet,67.0,1.0,1.0,1.0,1.0,1.0,0.0,0.0,0.0,2015.0,Supervised,"Image Classification, Object Detection, Image Segmentation",Deep Residual Learning for Image Recognition,"Max, Average",ReLU
ImageNet-1K,33.0,1.0,2049000.0,26090496.0,128.0,1000,104.0,timm,33.0,9408.0,1.0,44549160,421,resnet101,0.0,0.0,0.95,resnet,104.0,1.0,1.0,1.0,1.0,1.0,0.0,0.0,0.0,2015.0,Supervised,"Image Classification, Object Detection, Image Segmentation",Deep Residual Learning for Image Recognition,"Max, Average",ReLU
ImageNet-1K,50.0,1.0,2049000.0,40613888.0,128.0,1000,155.0,timm,50.0,9408.0,1.0,60192808,625,resnet152,0.0,0.0,0.95,resnet,155.0,1.0,1.0,1.0,1.0,1.0,0.0,0.0,0.0,2015.0,Supervised,"Image Classification, Object Detection, Image Segmentation",Deep Residual Learning for Image Recognition,"Max, Average",ReLU
ImageNet-1K,16.0,1.0,2049000.0,21263872.0,128.0,1000,88.0,timm,16.0,28640.0,3.0,35691912,327,resnetrs50,0.0,0.0,0.91,resnet,56.0,1.0,1.0,1.0,1.0,1.0,0.0,0.0,0.0,2015.0,Supervised,"Image Classification, Object Detection, Image Segmentation",Deep Residual Learning for Image Recognition,"Max, Average",ReLU
ImageNet-1K,16.0,0.0,2049000.0,23507520.0,6144.0,1000,56.0,timm,0.0,28704.0,4.0,25591368,168,resnetv2_50d_evos,0.0,0.0,0.95,resnetv2,0.0,1.0,1.0,0.0,1.0,1.0,0.0,0.0,0.0,2016.0,Supervised,Image Classification,Pre-activation Residual Units,"Max, Average",ReLU
ImageNet-1K,33.0,0.0,2049000.0,42385408.0,42385408.0,1000,105.0,timm,0.0,9408.0,1.0,44541480,497,resnetv2_101x1_bitm,0.0,0.0,1.0,resnetv2,0.0,1.0,1.0,0.0,1.0,1.0,0.0,0.0,0.0,2016.0,Supervised,Image Classification,Pre-activation Residual Units,"Max, Average",ReLU
ImageNet-1K,50.0,0.0,8193000.0,927727616.0,927727616.0,1000,156.0,timm,0.0,37632.0,1.0,936533224,735,resnetv2_152x4_bitm,0.0,0.0,1.0,resnetv2,0.0,1.0,1.0,0.0,1.0,1.0,0.0,0.0,0.0,2016.0,Supervised,Image Classification,Pre-activation Residual Units,"Max, Average",ReLU
ImageNet-1K,8.0,1.0,2049000.0,8192000.0,8192000.0,1000,31.0,timm,0.0,26232.0,1.0,10297952,222,resnext26ts,0.0,0.0,0.9,resnext,31.0,1.0,1.0,1.0,1.0,1.0,0.0,0.0,0.0,2017.0,Supervised,Image Classification,Grouped Convolutions,"Max, Average",ReLU
ImageNet-1K,16.0,1.0,2049000.0,14544896.0,128.0,1000,53.0,timm,16.0,9408.0,1.0,25028904,217,resnext50_32x4d,0.0,0.0,0.95,resnext,53.0,1.0,1.0,1.0,1.0,1.0,0.0,0.0,0.0,2017.0,Supervised,Image Classification,Grouped Convolutions,"Max, Average",ReLU
ImageNet-1K,16.0,1.0,2049000.0,14544896.0,128.0,1000,55.0,timm,16.0,28640.0,4.0,25048136,228,resnext50d_32x4d,0.0,0.0,0.875,resnext,55.0,1.0,1.0,1.0,1.0,1.0,0.0,0.0,0.0,2017.0,Supervised,Image Classification,Grouped Convolutions,"Max, Average",ReLU
ImageNet-1K,33.0,1.0,2049000.0,55160832.0,128.0,1000,104.0,timm,33.0,9408.0,1.0,88791336,421,resnext101_32x8d,0.0,0.0,0.875,resnext,104.0,1.0,1.0,1.0,1.0,1.0,0.0,0.0,0.0,2017.0,Supervised,Image Classification,Grouped Convolutions,"Max, Average",ReLU
ImageNet-1K,33.0,1.0,2049000.0,51769344.0,128.0,1000,104.0,timm,33.0,9408.0,1.0,83455272,421,resnext101_64x4d,0.0,0.0,1.0,resnext,104.0,1.0,1.0,1.0,1.0,1.0,0.0,0.0,0.0,2017.0,Supervised,Image Classification,Grouped Convolutions,"Max, Average",ReLU
ImageNet-1K,16.0,1.0,1281000.0,3475005.0,3475005.0,1000,75.0,timm,0.0,928.0,0.0,4796873,363,rexnet_100,0.0,0.0,0.875,rexnet,62.0,1.0,0.0,1.0,1.0,1.0,0.0,0.0,0.0,2020.0,Supervised,"Image Classification, Object Detection, Image Segmentation",Efficiency Improvements with Channel Design,Average,NA
ImageNet-1K,16.0,1.0,1665000.0,5838933.0,5838933.0,1000,75.0,timm,0.0,1218.0,0.0,7557091,363,rexnet_130,0.0,0.0,0.875,rexnet,62.0,1.0,0.0,1.0,1.0,1.0,0.0,0.0,0.0,2020.0,Supervised,"Image Classification, Object Detection, Image Segmentation",Efficiency Improvements with Channel Design,Average,NA
ImageNet-1K,16.0,1.0,1921000.0,7746279.0,7746279.0,1000,75.0,timm,0.0,1392.0,0.0,9728593,363,rexnet_150,0.0,0.0,0.875,rexnet,62.0,1.0,0.0,1.0,1.0,1.0,0.0,0.0,0.0,2020.0,Supervised,"Image Classification, Object Detection, Image Segmentation",Efficiency Improvements with Channel Design,Average,NA
ImageNet-1K,16.0,1.0,2561000.0,13723884.0,13723884.0,1000,75.0,timm,0.0,1856.0,0.0,16366620,363,rexnet_200,0.0,0.0,0.875,rexnet,62.0,1.0,0.0,1.0,1.0,1.0,0.0,0.0,0.0,2020.0,Supervised,"Image Classification, Object Detection, Image Segmentation",Efficiency Improvements with Channel Design,Average,NA
ImageNet-1K,10.0,1.0,1281000.0,10393856.0,1966080.0,1000,50.0,timm,0.0,26232.0,1.0,13701984,299,sebotnet33ts_256,0.0,0.0,0.94,botnet,38.0,1.0,1.0,1.0,1.0,1.0,0.0,0.0,1.0,2021.0,Supervised,"Image Classification, Object Detection, Image Segmentation",Transformer Blocks in ResNet,Average,"ReLU, GeLU"
ImageNet-1K,6.0,1.0,1281000.0,10383584.0,1966080.0,1000,54.0,timm,0.0,26232.0,0.0,13691712,303,sehalonet33ts,0.0,0.0,0.94,halonet,38.0,1.0,0.0,1.0,1.0,1.0,0.0,0.0,0.0,2021.0,Supervised,"Image Classification, Object Detection, Image Segmentation",Halo Attention Mechanism,"Max, Average, Strided",NA
ImageNet-1K,0.0,1.0,1025000.0,26110336.0,5321984.0,1000,41.0,timm,0.0,928.0,0.0,32458248,178,selecsls42b,0.0,0.0,0.875,selecsls,41.0,1.0,0.0,1.0,1.0,1.0,0.0,0.0,0.0,2019.0,Supervised,"Image Classification, Object Detection",Long and Short Range Skip Connections,Average,ReLU
ImageNet-1K,0.0,1.0,1281000.0,20553832.0,8835008.0,1000,59.0,timm,0.0,928.0,0.0,30670768,253,selecsls60,0.0,0.0,0.875,selecsls,59.0,1.0,0.0,1.0,1.0,1.0,0.0,0.0,0.0,2019.0,Supervised,"Image Classification, Object Detection",Long and Short Range Skip Connections,Average,ReLU
ImageNet-1K,0.0,1.0,1025000.0,22913128.0,8835008.0,1000,59.0,timm,0.0,928.0,0.0,32774064,253,selecsls60b,0.0,0.0,0.875,selecsls,59.0,1.0,0.0,1.0,1.0,1.0,0.0,0.0,0.0,2019.0,Supervised,"Image Classification, Object Detection",Long and Short Range Skip Connections,Average,ReLU
ImageNet-1K,0.0,1.0,1281000.0,1296598.0,307200.0,1000,65.0,timm,0.0,648.0,0.0,2912278,289,semnasnet_075,0.0,0.0,0.875,nasnet,49.0,1.0,1.0,1.0,0.0,1.0,0.0,0.0,0.0,2017.0,Supervised,"Image Classification, Object Detection",Neural Architecture Search,"Max, Average",ReLU
ImageNet-1K,0.0,1.0,1281000.0,2162086.0,409600.0,1000,65.0,timm,0.0,864.0,0.0,3887038,289,semnasnet_100,0.0,0.0,0.875,nasnet,49.0,1.0,1.0,1.0,0.0,1.0,0.0,0.0,0.0,2017.0,Supervised,"Image Classification, Object Detection",Neural Architecture Search,"Max, Average",ReLU
ImageNet-1K,0.0,109.0,385000.0,53884032.0,768.0,1000,4.0,timm,0.0,28416.0,0.0,54298216,521,sequencer2d_l,72.0,0.0,0.875,sequencer2d,73.0,1.0,0.0,1.0,0.0,0.0,0.0,0.0,0.0,,NA,NA,NA,NA,NA
ImageNet-1K,0.0,73.0,385000.0,37893504.0,768.0,1000,4.0,timm,0.0,28416.0,0.0,38307688,353,sequencer2d_m,48.0,0.0,0.875,sequencer2d,49.0,1.0,0.0,1.0,0.0,0.0,0.0,0.0,0.0,,NA,NA,NA,NA,NA
ImageNet-1K,0.0,55.0,385000.0,27237504.0,768.0,1000,4.0,timm,0.0,28416.0,0.0,27651688,269,sequencer2d_s,36.0,0.0,0.875,sequencer2d,37.0,1.0,0.0,1.0,0.0,0.0,0.0,0.0,0.0,,NA,NA,NA,NA,NA
ImageNet-1K,10.0,1.0,1281000.0,16466464.0,1966080.0,1000,58.0,timm,0.0,26232.0,0.0,19779200,319,seresnet33ts,0.0,0.0,0.9,seresnet,38.0,1.0,1.0,1.0,1.0,1.0,0.0,0.0,0.0,2017.0,Supervised,"Image Classification, Object Detection",Squeeze-and-Excitation Block ResNet,Average,ReLU
ImageNet-1K,16.0,1.0,2049000.0,16544128.0,128.0,1000,85.0,timm,16.0,9408.0,1.0,28088024,313,seresnet50,0.0,0.0,0.875,seresnet,53.0,1.0,1.0,1.0,1.0,1.0,0.0,0.0,0.0,2017.0,Supervised,"Image Classification, Object Detection",Squeeze-and-Excitation Block ResNet,Average,ReLU
ImageNet-1K,50.0,1.0,2049000.0,45371648.0,128.0,1000,257.0,timm,50.0,28640.0,4.0,66841080,936,seresnet152d,0.0,0.0,1.0,seresnet,157.0,1.0,1.0,1.0,1.0,1.0,0.0,0.0,0.0,2017.0,Supervised,"Image Classification, Object Detection",Squeeze-and-Excitation Block ResNet,Average,ReLU
ImageNet-1K,8.0,1.0,2049000.0,11100416.0,128.0,1000,47.0,timm,8.0,28640.0,4.0,16809512,180,seresnext26d_32x4d,0.0,0.0,0.875,resnext,31.0,1.0,1.0,1.0,1.0,1.0,0.0,0.0,0.0,2017.0,Supervised,Image Classification,Grouped Convolutions,"Max, Average",ReLU
ImageNet-1K,8.0,1.0,2049000.0,11100416.0,128.0,1000,47.0,timm,8.0,26104.0,4.0,16806976,180,seresnext26t_32x4d,0.0,0.0,0.875,resnext,31.0,1.0,1.0,1.0,1.0,1.0,0.0,0.0,0.0,2017.0,Supervised,Image Classification,Grouped Convolutions,"Max, Average",ReLU
ImageNet-1K,8.0,1.0,2049000.0,8282112.0,8282112.0,1000,47.0,timm,0.0,26232.0,1.0,10388064,262,seresnext26ts,0.0,0.0,0.9,resnext,31.0,1.0,1.0,1.0,1.0,1.0,0.0,0.0,0.0,2017.0,Supervised,Image Classification,Grouped Convolutions,"Max, Average",ReLU
ImageNet-1K,16.0,1.0,2049000.0,16124288.0,128.0,1000,85.0,timm,16.0,9408.0,1.0,27559896,313,seresnext50_32x4d,0.0,0.0,0.875,resnext,53.0,1.0,1.0,1.0,1.0,1.0,0.0,0.0,0.0,2017.0,Supervised,Image Classification,Grouped Convolutions,"Max, Average",ReLU
ImageNet-1K,33.0,1.0,2049000.0,58200512.0,128.0,1000,170.0,timm,33.0,9408.0,1.0,93569048,619,seresnext101_32x8d,0.0,0.0,1.0,resnext,104.0,1.0,1.0,1.0,1.0,1.0,0.0,0.0,0.0,2017.0,Supervised,Image Classification,Grouped Convolutions,"Max, Average",ReLU
ImageNet-1K,33.0,1.0,2049000.0,58200512.0,128.0,1000,172.0,timm,33.0,28640.0,4.0,93588280,630,seresnext101d_32x8d,0.0,0.0,1.0,resnext,106.0,1.0,1.0,1.0,1.0,1.0,0.0,0.0,0.0,2017.0,Supervised,Image Classification,Grouped Convolutions,"Max, Average",ReLU
ImageNet-1K,33.0,1.0,2049000.0,58200512.0,128.0,1000,172.0,timm,33.0,28640.0,7.0,93588280,630,seresnextaa101d_32x8d,0.0,0.0,1.0,resnext,106.0,1.0,1.0,1.0,1.0,1.0,0.0,0.0,0.0,2017.0,Supervised,Image Classification,Grouped Convolutions,"Max, Average",ReLU
ImageNet-1K,0.0,1.0,513000.0,8586496.0,128.0,1000,44.0,timm,0.0,9408.0,1.0,11958056,230,skresnet18,0.0,0.0,0.875,resnet,36.0,1.0,1.0,1.0,1.0,1.0,0.0,0.0,0.0,2015.0,Supervised,"Image Classification, Object Detection, Image Segmentation",Deep Residual Learning for Image Recognition,"Max, Average",ReLU
ImageNet-1K,0.0,1.0,513000.0,13403520.0,128.0,1000,84.0,timm,0.0,9408.0,1.0,22282376,438,skresnet34,0.0,0.0,0.875,resnet,68.0,1.0,1.0,1.0,1.0,1.0,0.0,0.0,0.0,2015.0,Supervised,"Image Classification, Object Detection, Image Segmentation",Deep Residual Learning for Image Recognition,"Max, Average",ReLU
ImageNet-1K,16.0,1.0,2049000.0,15995264.0,128.0,1000,101.0,timm,0.0,9408.0,1.0,27479784,521,skresnext50_32x4d,0.0,0.0,0.875,skresnext,85.0,1.0,1.0,1.0,1.0,1.0,0.0,0.0,0.0,2019.0,Supervised,Image Classification,Selective Kernel Units in ResNeXt,"Max, Average",ReLU
ImageNet-1K,0.0,1.0,1281000.0,2690648.0,409600.0,1000,64.0,timm,0.0,864.0,0.0,4421616,332,spnasnet_100,0.0,0.0,0.875,nasnet,64.0,1.0,1.0,1.0,0.0,1.0,0.0,0.0,0.0,2017.0,Supervised,"Image Classification, Object Detection",Neural Architecture Search,"Max, Average",ReLU
ImageNet-1K,0.0,1.0,513000.0,8393728.0,128.0,1000,20.0,timm,8.0,9408.0,1.0,11689512,94,ssl_resnet18,0.0,0.0,0.875,resnet,20.0,1.0,1.0,1.0,1.0,1.0,0.0,0.0,0.0,2015.0,Supervised,"Image Classification, Object Detection, Image Segmentation",Deep Residual Learning for Image Recognition,"Max, Average",ReLU
ImageNet-1K,16.0,1.0,2049000.0,14964736.0,128.0,1000,53.0,timm,16.0,9408.0,1.0,25557032,217,ssl_resnet50,0.0,0.0,0.875,resnet,53.0,1.0,1.0,1.0,1.0,1.0,0.0,0.0,0.0,2015.0,Supervised,"Image Classification, Object Detection, Image Segmentation",Deep Residual Learning for Image Recognition,"Max, Average",ReLU
ImageNet-1K,16.0,1.0,2049000.0,14544896.0,128.0,1000,53.0,timm,16.0,9408.0,1.0,25028904,217,ssl_resnext50_32x4d,0.0,0.0,0.875,resnext,53.0,1.0,1.0,1.0,1.0,1.0,0.0,0.0,0.0,2017.0,Supervised,Image Classification,Grouped Convolutions,"Max, Average",ReLU
ImageNet-1K,33.0,1.0,2049000.0,26171392.0,128.0,1000,104.0,timm,33.0,9408.0,1.0,44177704,421,ssl_resnext101_32x4d,0.0,0.0,0.875,resnext,104.0,1.0,1.0,1.0,1.0,1.0,0.0,0.0,0.0,2017.0,Supervised,Image Classification,Grouped Convolutions,"Max, Average",ReLU
ImageNet-1K,33.0,1.0,2049000.0,55160832.0,128.0,1000,104.0,timm,33.0,9408.0,1.0,88791336,421,ssl_resnext101_32x8d,0.0,0.0,0.875,resnext,104.0,1.0,1.0,1.0,1.0,1.0,0.0,0.0,0.0,2017.0,Supervised,Image Classification,Grouped Convolutions,"Max, Average",ReLU
ImageNet-1K,33.0,1.0,2049000.0,123314176.0,128.0,1000,104.0,timm,33.0,9408.0,1.0,194026792,421,ssl_resnext101_32x16d,0.0,0.0,0.875,resnext,104.0,1.0,1.0,1.0,1.0,1.0,0.0,0.0,0.0,2017.0,Supervised,Image Classification,Grouped Convolutions,"Max, Average",ReLU
ImageNet-1K,0.0,100.0,1025000.0,86671104.0,2048.0,1000,1.0,timm,0.0,6528.0,0.0,87768224,409,swin_base_patch4_window7_224,0.0,49.0,0.9,swin,53.0,1.0,0.0,1.0,0.0,1.0,1.0,1.0,1.0,2021.0,Supervised,"Image Classification, Object Detection, Image Segmentation",Shifted Windows for Hierarchical Vision Transformer,Average,GeLU
ImageNet-21K,0.0,100.0,22387025.0,86671104.0,2048.0,21841,1.0,timm,0.0,6528.0,0.0,109130249,409,swin_base_patch4_window7_224_in22k,0.0,49.0,0.9,swin,53.0,1.0,0.0,1.0,0.0,1.0,1.0,1.0,1.0,2021.0,Supervised,"Image Classification, Object Detection, Image Segmentation",Shifted Windows for Hierarchical Vision Transformer,Average,GeLU
ImageNet-1K,0.0,100.0,1025000.0,86671104.0,2048.0,1000,1.0,timm,0.0,6528.0,0.0,87903584,409,swin_base_patch4_window12_384,0.0,49.0,1.0,swin,53.0,1.0,0.0,1.0,0.0,1.0,1.0,1.0,1.0,2021.0,Supervised,"Image Classification, Object Detection, Image Segmentation",Shifted Windows for Hierarchical Vision Transformer,Average,GeLU
ImageNet-21K,0.0,100.0,22387025.0,86671104.0,2048.0,21841,1.0,timm,0.0,6528.0,0.0,109265609,409,swin_base_patch4_window12_384_in22k,0.0,49.0,1.0,swin,53.0,1.0,0.0,1.0,0.0,1.0,1.0,1.0,1.0,2021.0,Supervised,"Image Classification, Object Detection, Image Segmentation",Shifted Windows for Hierarchical Vision Transformer,Average,GeLU
ImageNet-1K,0.0,100.0,1537000.0,194887296.0,3072.0,1000,1.0,timm,0.0,9792.0,0.0,196532476,409,swin_large_patch4_window7_224,0.0,49.0,0.9,swin,53.0,1.0,0.0,1.0,0.0,1.0,1.0,1.0,1.0,2021.0,Supervised,"Image Classification, Object Detection, Image Segmentation",Shifted Windows for Hierarchical Vision Transformer,Average,GeLU
ImageNet-21K,0.0,100.0,33569617.0,194887296.0,3072.0,21841,1.0,timm,0.0,9792.0,0.0,228565093,409,swin_large_patch4_window7_224_in22k,0.0,49.0,0.9,swin,53.0,1.0,0.0,1.0,0.0,1.0,1.0,1.0,1.0,2021.0,Supervised,"Image Classification, Object Detection, Image Segmentation",Shifted Windows for Hierarchical Vision Transformer,Average,GeLU
ImageNet-1K,0.0,100.0,1537000.0,194887296.0,3072.0,1000,1.0,timm,0.0,9792.0,0.0,196735516,409,swin_large_patch4_window12_384,0.0,49.0,1.0,swin,53.0,1.0,0.0,1.0,0.0,1.0,1.0,1.0,1.0,2021.0,Supervised,"Image Classification, Object Detection, Image Segmentation",Shifted Windows for Hierarchical Vision Transformer,Average,GeLU
ImageNet-21K,0.0,100.0,33569617.0,194887296.0,3072.0,21841,1.0,timm,0.0,9792.0,0.0,228768133,409,swin_large_patch4_window12_384_in22k,0.0,49.0,1.0,swin,53.0,1.0,0.0,1.0,0.0,1.0,1.0,1.0,1.0,2021.0,Supervised,"Image Classification, Object Detection, Image Segmentation",Shifted Windows for Hierarchical Vision Transformer,Average,GeLU
ImageNet-1K,0.0,148.0,769000.0,70076736.0,1536.0,1000,1.0,timm,0.0,4896.0,0.0,71125762,601,swin_s3_base_224,0.0,73.0,0.9,swin,77.0,1.0,0.0,1.0,0.0,1.0,1.0,1.0,1.0,2021.0,Supervised,"Image Classification, Object Detection, Image Segmentation",Shifted Windows for Hierarchical Vision Transformer,Average,GeLU
ImageNet-1K,0.0,100.0,769000.0,48783168.0,1536.0,1000,1.0,timm,0.0,4896.0,0.0,49737298,409,swin_s3_small_224,0.0,49.0,0.9,swin,53.0,1.0,0.0,1.0,0.0,1.0,1.0,1.0,1.0,2021.0,Supervised,"Image Classification, Object Detection, Image Segmentation",Shifted Windows for Hierarchical Vision Transformer,Average,GeLU
ImageNet-1K,0.0,52.0,769000.0,27489600.0,1536.0,1000,1.0,timm,0.0,4896.0,0.0,28328674,217,swin_s3_tiny_224,0.0,25.0,0.9,swin,29.0,1.0,0.0,1.0,0.0,1.0,1.0,1.0,1.0,2021.0,Supervised,"Image Classification, Object Detection, Image Segmentation",Shifted Windows for Hierarchical Vision Transformer,Average,GeLU
ImageNet-1K,0.0,100.0,769000.0,48783168.0,1536.0,1000,1.0,timm,0.0,4896.0,0.0,49606258,409,swin_small_patch4_window7_224,0.0,49.0,0.9,swin,53.0,1.0,0.0,1.0,0.0,1.0,1.0,1.0,1.0,2021.0,Supervised,"Image Classification, Object Detection, Image Segmentation",Shifted Windows for Hierarchical Vision Transformer,Average,GeLU
ImageNet-1K,0.0,52.0,769000.0,27489600.0,1536.0,1000,1.0,timm,0.0,4896.0,0.0,28288354,217,swin_tiny_patch4_window7_224,0.0,25.0,0.9,swin,29.0,1.0,0.0,1.0,0.0,1.0,1.0,1.0,1.0,2021.0,Supervised,"Image Classification, Object Detection, Image Segmentation",Shifted Windows for Hierarchical Vision Transformer,Average,GeLU
ImageNet-1K,0.0,148.0,1025000.0,86860800.0,2048.0,1000,1.0,timm,0.0,6528.0,0.0,87918816,530,swinv2_base_window8_256,0.0,49.0,0.9,swin,53.0,1.0,0.0,1.0,0.0,1.0,1.0,1.0,1.0,2021.0,Supervised,"Image Classification, Object Detection, Image Segmentation",Shifted Windows for Hierarchical Vision Transformer,Average,GeLU
ImageNet-21K,0.0,148.0,22387025.0,86860800.0,2048.0,21841,1.0,timm,0.0,6528.0,0.0,109280841,530,swinv2_base_window12_192_22k,0.0,49.0,0.9,swin,53.0,1.0,0.0,1.0,0.0,1.0,1.0,1.0,1.0,2021.0,Supervised,"Image Classification, Object Detection, Image Segmentation",Shifted Windows for Hierarchical Vision Transformer,Average,GeLU
ImageNet-1K,0.0,148.0,1025000.0,86860800.0,2048.0,1000,1.0,timm,0.0,6528.0,0.0,87918816,530,swinv2_base_window12to16_192to256_22kft1k,0.0,49.0,0.9,swin,53.0,1.0,0.0,1.0,0.0,1.0,1.0,1.0,1.0,2021.0,Supervised,"Image Classification, Object Detection, Image Segmentation",Shifted Windows for Hierarchical Vision Transformer,Average,GeLU
ImageNet-1K,0.0,148.0,1025000.0,86860800.0,2048.0,1000,1.0,timm,0.0,6528.0,0.0,87918816,530,swinv2_base_window12to24_192to384_22kft1k,0.0,49.0,1.0,swin,53.0,1.0,0.0,1.0,0.0,1.0,1.0,1.0,1.0,2021.0,Supervised,"Image Classification, Object Detection, Image Segmentation",Shifted Windows for Hierarchical Vision Transformer,Average,GeLU
ImageNet-1K,0.0,148.0,1025000.0,86860800.0,2048.0,1000,1.0,timm,0.0,6528.0,0.0,87918816,530,swinv2_base_window16_256,0.0,49.0,0.9,swin,53.0,1.0,0.0,1.0,0.0,1.0,1.0,1.0,1.0,2021.0,Supervised,"Image Classification, Object Detection, Image Segmentation",Shifted Windows for Hierarchical Vision Transformer,Average,GeLU
ImageNet-1K,0.0,148.0,769000.0,48920922.0,48920922.0,1000,1.0,timm,0.0,4896.0,0.0,49695100,576,swinv2_cr_small_224,0.0,53.0,0.9,swin,53.0,1.0,0.0,1.0,0.0,1.0,1.0,1.0,1.0,2021.0,Supervised,"Image Classification, Object Detection, Image Segmentation",Shifted Windows for Hierarchical Vision Transformer,Average,GeLU
ImageNet-1K,0.0,148.0,769000.0,48922266.0,48922266.0,1000,1.0,timm,0.0,4896.0,0.0,49696444,576,swinv2_cr_small_ns_224,0.0,53.0,0.9,swin,56.0,1.0,0.0,1.0,0.0,1.0,1.0,1.0,1.0,2021.0,Supervised,"Image Classification, Object Detection, Image Segmentation",Shifted Windows for Hierarchical Vision Transformer,Average,GeLU
ImageNet-1K,0.0,76.0,769000.0,27559434.0,27559434.0,1000,1.0,timm,0.0,4896.0,0.0,28333468,300,swinv2_cr_tiny_ns_224,0.0,29.0,0.9,swin,32.0,1.0,0.0,1.0,0.0,1.0,1.0,1.0,1.0,2021.0,Supervised,"Image Classification, Object Detection, Image Segmentation",Shifted Windows for Hierarchical Vision Transformer,Average,GeLU
ImageNet-21K,0.0,148.0,33569617.0,195153408.0,3072.0,21841,1.0,timm,0.0,9792.0,0.0,228772549,530,swinv2_large_window12_192_22k,0.0,49.0,0.9,swin,53.0,1.0,0.0,1.0,0.0,1.0,1.0,1.0,1.0,2021.0,Supervised,"Image Classification, Object Detection, Image Segmentation",Shifted Windows for Hierarchical Vision Transformer,Average,GeLU
ImageNet-1K,0.0,148.0,1537000.0,195153408.0,3072.0,1000,1.0,timm,0.0,9792.0,0.0,196739932,530,swinv2_large_window12to16_192to256_22kft1k,0.0,49.0,0.9,swin,53.0,1.0,0.0,1.0,0.0,1.0,1.0,1.0,1.0,2021.0,Supervised,"Image Classification, Object Detection, Image Segmentation",Shifted Windows for Hierarchical Vision Transformer,Average,GeLU
ImageNet-1K,0.0,148.0,1537000.0,195153408.0,3072.0,1000,1.0,timm,0.0,9792.0,0.0,196739932,530,swinv2_large_window12to24_192to384_22kft1k,0.0,49.0,1.0,swin,53.0,1.0,0.0,1.0,0.0,1.0,1.0,1.0,1.0,2021.0,Supervised,"Image Classification, Object Detection, Image Segmentation",Shifted Windows for Hierarchical Vision Transformer,Average,GeLU
ImageNet-1K,0.0,148.0,769000.0,48934656.0,1536.0,1000,1.0,timm,0.0,4896.0,0.0,49728418,530,swinv2_small_window8_256,0.0,49.0,0.9,swin,53.0,1.0,0.0,1.0,0.0,1.0,1.0,1.0,1.0,2021.0,Supervised,"Image Classification, Object Detection, Image Segmentation",Shifted Windows for Hierarchical Vision Transformer,Average,GeLU
ImageNet-1K,0.0,148.0,769000.0,48934656.0,1536.0,1000,1.0,timm,0.0,4896.0,0.0,49728418,530,swinv2_small_window16_256,0.0,49.0,0.9,swin,53.0,1.0,0.0,1.0,0.0,1.0,1.0,1.0,1.0,2021.0,Supervised,"Image Classification, Object Detection, Image Segmentation",Shifted Windows for Hierarchical Vision Transformer,Average,GeLU
ImageNet-1K,0.0,76.0,769000.0,27562752.0,1536.0,1000,1.0,timm,0.0,4896.0,0.0,28347154,278,swinv2_tiny_window8_256,0.0,25.0,0.9,swin,29.0,1.0,0.0,1.0,0.0,1.0,1.0,1.0,1.0,2021.0,Supervised,"Image Classification, Object Detection, Image Segmentation",Shifted Windows for Hierarchical Vision Transformer,Average,GeLU
ImageNet-1K,0.0,76.0,769000.0,27562752.0,1536.0,1000,1.0,timm,0.0,4896.0,0.0,28347154,278,swinv2_tiny_window16_256,0.0,25.0,0.9,swin,29.0,1.0,0.0,1.0,0.0,1.0,1.0,1.0,1.0,2021.0,Supervised,"Image Classification, Object Detection, Image Segmentation",Shifted Windows for Hierarchical Vision Transformer,Average,GeLU
ImageNet-1K,0.0,1.0,513000.0,8393728.0,128.0,1000,20.0,timm,8.0,9408.0,1.0,11689512,94,swsl_resnet18,0.0,0.0,0.875,resnet,20.0,1.0,1.0,1.0,1.0,1.0,0.0,0.0,0.0,2015.0,Supervised,"Image Classification, Object Detection, Image Segmentation",Deep Residual Learning for Image Recognition,"Max, Average",ReLU
ImageNet-1K,16.0,1.0,2049000.0,14964736.0,128.0,1000,53.0,timm,16.0,9408.0,1.0,25557032,217,swsl_resnet50,0.0,0.0,0.875,resnet,53.0,1.0,1.0,1.0,1.0,1.0,0.0,0.0,0.0,2015.0,Supervised,"Image Classification, Object Detection, Image Segmentation",Deep Residual Learning for Image Recognition,"Max, Average",ReLU
ImageNet-1K,16.0,1.0,2049000.0,14544896.0,128.0,1000,53.0,timm,16.0,9408.0,1.0,25028904,217,swsl_resnext50_32x4d,0.0,0.0,0.875,resnext,53.0,1.0,1.0,1.0,1.0,1.0,0.0,0.0,0.0,2017.0,Supervised,Image Classification,Grouped Convolutions,"Max, Average",ReLU
ImageNet-1K,33.0,1.0,2049000.0,26171392.0,128.0,1000,104.0,timm,33.0,9408.0,1.0,44177704,421,swsl_resnext101_32x4d,0.0,0.0,0.875,resnext,104.0,1.0,1.0,1.0,1.0,1.0,0.0,0.0,0.0,2017.0,Supervised,Image Classification,Grouped Convolutions,"Max, Average",ReLU
ImageNet-1K,33.0,1.0,2049000.0,55160832.0,128.0,1000,104.0,timm,33.0,9408.0,1.0,88791336,421,swsl_resnext101_32x8d,0.0,0.0,0.875,resnext,104.0,1.0,1.0,1.0,1.0,1.0,0.0,0.0,0.0,2017.0,Supervised,Image Classification,Grouped Convolutions,"Max, Average",ReLU
ImageNet-1K,33.0,1.0,2049000.0,123314176.0,128.0,1000,104.0,timm,33.0,9408.0,1.0,194026792,421,swsl_resnext101_32x16d,0.0,0.0,0.875,resnext,104.0,1.0,1.0,1.0,1.0,1.0,0.0,0.0,0.0,2017.0,Supervised,Image Classification,Grouped Convolutions,"Max, Average",ReLU
ImageNet-1K,0.0,1.0,1409000.0,7136946.0,495616.0,1000,115.0,timm,0.0,864.0,0.0,9109994,450,tf_efficientnet_b2_ap,0.0,0.0,0.89,efficientnet,69.0,1.0,1.0,1.0,1.0,1.0,0.0,0.0,0.0,2019.0,Supervised,Image Classification,Compound Scaling Method,Average,ReLU
ImageNet-1K,0.0,1.0,2049000.0,27118176.0,1048576.0,1000,194.0,timm,0.0,1296.0,0.0,30389784,750,tf_efficientnet_b5,0.0,0.0,0.934,efficientnet,116.0,1.0,1.0,1.0,1.0,1.0,0.0,0.0,0.0,2019.0,Supervised,Image Classification,Compound Scaling Method,Average,ReLU
ImageNet-1K,0.0,1.0,2561000.0,61836112.0,1638400.0,1000,273.0,timm,0.0,1728.0,0.0,66347960,1050,tf_efficientnet_b7_ns,0.0,0.0,0.949,efficientnet,163.0,1.0,1.0,1.0,1.0,1.0,0.0,0.0,0.0,2019.0,Supervised,Image Classification,Compound Scaling Method,Average,ReLU
ImageNet-1K,0.0,1.0,1281000.0,3859328.0,245760.0,1000,49.0,timm,0.0,864.0,0.0,5438392,262,tf_efficientnet_es,0.0,0.0,0.875,efficientnet,49.0,1.0,1.0,1.0,1.0,1.0,0.0,0.0,0.0,2019.0,Supervised,Image Classification,Compound Scaling Method,Average,ReLU
ImageNet-1K,0.0,1.0,1281000.0,5551472.0,245760.0,1000,91.0,timm,0.0,864.0,0.0,7139704,374,tf_efficientnetv2_b0,0.0,0.0,0.875,efficientnetv2,59.0,1.0,1.0,1.0,0.0,1.0,0.0,0.0,0.0,2021.0,Supervised,Image Classification,Training-aware Optimizations,"Max, Average",ReLU
ImageNet-1K,0.0,1.0,1281000.0,51910316.0,655360.0,1000,245.0,timm,0.0,648.0,0.0,54139356,985,tf_efficientnetv2_m_in21ft1k,0.0,0.0,1.0,efficientnetv2,157.0,1.0,1.0,1.0,0.0,1.0,0.0,0.0,0.0,2021.0,Supervised,Image Classification,Training-aware Optimizations,"Max, Average",ReLU
ImageNet-1K,0.0,1.0,2049000.0,6076800.0,5280.0,1000,94.0,timm,0.0,928.0,2.0,23834568,300,tf_inception_v3,0.0,0.0,0.875,inception_v3,94.0,1.0,0.0,1.0,0.0,0.0,0.0,0.0,0.0,2015.0,Supervised,Image Classification,"Label Smoothing, Factorized Convolutions","Max, Average",ReLU
ImageNet-1K,0.0,1.0,1537000.0,5331612.0,405504.0,1000,155.0,timm,0.0,864.0,0.0,7329252,471,tf_mixnet_l,0.0,0.0,0.875,mixnet,58.0,1.0,0.0,1.0,0.0,0.0,0.0,0.0,0.0,2019.0,Supervised,Image Classification,Mixed Depthwise Convolutional Layers,Average,ReLU
ImageNet-1K,0.0,1.0,1537000.0,3127822.0,307200.0,1000,155.0,timm,0.0,648.0,0.0,5014382,471,tf_mixnet_m,0.0,0.0,0.875,mixnet,58.0,1.0,0.0,1.0,0.0,0.0,0.0,0.0,0.0,2019.0,Supervised,Image Classification,Mixed Depthwise Convolutional Layers,Average,ReLU
ImageNet-1K,0.0,1.0,1537000.0,2257782.0,307200.0,1000,123.0,timm,0.0,432.0,0.0,4134606,390,tf_mixnet_s,0.0,0.0,0.875,mixnet,49.0,1.0,0.0,1.0,0.0,0.0,0.0,0.0,0.0,2019.0,Supervised,Image Classification,Mixed Depthwise Convolutional Layers,Average,ReLU
ImageNet-1K,0.0,1.0,1281000.0,4444508.0,409600.0,1000,96.0,timm,0.0,864.0,0.0,6187972,378,tinynet_a,0.0,0.0,0.875,tinynet,58.0,1.0,1.0,1.0,1.0,1.0,0.0,0.0,0.0,2020.0,Supervised,"Image Classification, Object Detection",Efficiency and Compactness Modeling Scheme Applied to EfficientNet,Average,ReLU
ImageNet-1K,0.0,1.0,1281000.0,2108170.0,307200.0,1000,81.0,timm,0.0,864.0,0.0,3730562,321,tinynet_b,0.0,0.0,0.875,tinynet,49.0,1.0,1.0,1.0,1.0,1.0,0.0,0.0,0.0,2020.0,Supervised,"Image Classification, Object Detection",Efficiency and Compactness Modeling Scheme Applied to EfficientNet,Average,ReLU
ImageNet-1K,0.0,1.0,1281000.0,928538.0,225280.0,1000,76.0,timm,0.0,864.0,0.0,2457234,302,tinynet_c,0.0,0.0,0.875,tinynet,46.0,1.0,1.0,1.0,1.0,1.0,0.0,0.0,0.0,2020.0,Supervised,"Image Classification, Object Detection",Efficiency and Compactness Modeling Scheme Applied to EfficientNet,Average,ReLU
ImageNet-1K,0.0,1.0,1281000.0,813494.0,225280.0,1000,56.0,timm,0.0,864.0,0.0,2338446,226,tinynet_d,0.0,0.0,0.875,tinynet,34.0,1.0,1.0,1.0,1.0,1.0,0.0,0.0,0.0,2020.0,Supervised,"Image Classification, Object Detection",Efficiency and Compactness Modeling Scheme Applied to EfficientNet,Average,ReLU
ImageNet-1K,0.0,1.0,1281000.0,542068.0,204800.0,1000,51.0,timm,0.0,864.0,0.0,2042972,207,tinynet_e,0.0,0.0,0.875,tinynet,31.0,1.0,1.0,1.0,1.0,1.0,0.0,0.0,0.0,2020.0,Supervised,"Image Classification, Object Detection",Efficiency and Compactness Modeling Scheme Applied to EfficientNet,Average,ReLU
ImageNet-1K,0.0,134.0,385000.0,23140224.0,768.0,1000,1.0,timm,0.0,3552.0,0.0,23755336,395,tnt_s_patch16_224,0.0,24.0,0.9,tnt,63.0,1.0,0.0,1.0,0.0,1.0,1.0,1.0,1.0,2021.0,Supervised,"Image Classification, Object Detection, Image Segmentation",Transformer Patches within Transformer Patches,Average,GeLU
ImageNet-1K,21.0,1.0,2433000.0,,,1000,139.0,timm,30.0,53556256.0,3.0,55989256,502,tresnet_l,0.0,0.0,0.875,tresnet,0.0,1.0,1.0,1.0,1.0,1.0,0.0,0.0,0.0,2020.0,Supervised,"Image Classification, Object Detection",ResNet optimized for GPU Architecture,"Max, Average",ReLU
ImageNet-1K,21.0,1.0,2433000.0,,,1000,139.0,timm,30.0,53556256.0,3.0,55989256,502,tresnet_l_448,0.0,0.0,0.875,tresnet,0.0,1.0,1.0,1.0,1.0,1.0,0.0,0.0,0.0,2020.0,Supervised,"Image Classification, Object Detection",ResNet optimized for GPU Architecture,"Max, Average",ReLU
ImageNet-1K,14.0,1.0,2049000.0,,,1000,96.0,timm,21.0,29340032.0,3.0,31389032,355,tresnet_m,0.0,0.0,0.875,tresnet,0.0,1.0,1.0,1.0,1.0,1.0,0.0,0.0,0.0,2020.0,Supervised,"Image Classification, Object Detection",ResNet optimized for GPU Architecture,"Max, Average",ReLU
ImageNet-1K,14.0,1.0,2049000.0,,,1000,96.0,timm,21.0,29340032.0,3.0,31389032,355,tresnet_m_448,0.0,0.0,0.875,tresnet,0.0,1.0,1.0,1.0,1.0,1.0,0.0,0.0,0.0,2020.0,Supervised,"Image Classification, Object Detection",ResNet optimized for GPU Architecture,"Max, Average",ReLU
ImageNet-21K-P,14.0,1.0,22991829.0,,,11221,96.0,timm,21.0,29340032.0,3.0,52331861,355,tresnet_m_miil_in21k,0.0,0.0,0.875,tresnet,0.0,1.0,1.0,1.0,1.0,1.0,0.0,0.0,0.0,2020.0,Supervised,"Image Classification, Object Detection",ResNet optimized for GPU Architecture,"Max, Average",ReLU
ImageNet-1K,33.0,1.0,2049000.0,,,1000,164.0,timm,33.0,44125824.0,3.0,46174824,584,tresnet_v2_l,0.0,0.0,0.875,tresnet,0.0,1.0,1.0,1.0,1.0,1.0,0.0,0.0,0.0,2020.0,Supervised,"Image Classification, Object Detection",ResNet optimized for GPU Architecture,"Max, Average",ReLU
ImageNet-1K,27.0,1.0,2657000.0,,,1000,169.0,timm,36.0,75779244.0,3.0,78436244,604,tresnet_xl,0.0,0.0,0.875,tresnet,0.0,1.0,1.0,1.0,1.0,1.0,0.0,0.0,0.0,2020.0,Supervised,"Image Classification, Object Detection",ResNet optimized for GPU Architecture,"Max, Average",ReLU
ImageNet-1K,27.0,1.0,2657000.0,,,1000,169.0,timm,36.0,75779244.0,3.0,78436244,604,tresnet_xl_448,0.0,0.0,0.875,tresnet,0.0,1.0,1.0,1.0,1.0,1.0,0.0,0.0,0.0,2020.0,Supervised,"Image Classification, Object Detection",ResNet optimized for GPU Architecture,"Max, Average",ReLU
ImageNet-1K,0.0,1.0,513000.0,13114368.0,128.0,1000,36.0,timm,16.0,9408.0,1.0,21797672,166,tv_resnet34,0.0,0.0,0.875,resnet,36.0,1.0,1.0,1.0,1.0,1.0,0.0,0.0,0.0,2015.0,Supervised,"Image Classification, Object Detection, Image Segmentation",Deep Residual Learning for Image Recognition,"Max, Average",ReLU
ImageNet-1K,16.0,1.0,2049000.0,14964736.0,128.0,1000,53.0,timm,16.0,9408.0,1.0,25557032,217,tv_resnet50,0.0,0.0,0.875,resnet,53.0,1.0,1.0,1.0,1.0,1.0,0.0,0.0,0.0,2015.0,Supervised,"Image Classification, Object Detection, Image Segmentation",Deep Residual Learning for Image Recognition,"Max, Average",ReLU
ImageNet-1K,33.0,1.0,2049000.0,26090496.0,128.0,1000,104.0,timm,33.0,9408.0,1.0,44549160,421,tv_resnet101,0.0,0.0,0.875,resnet,104.0,1.0,1.0,1.0,1.0,1.0,0.0,0.0,0.0,2015.0,Supervised,"Image Classification, Object Detection, Image Segmentation",Deep Residual Learning for Image Recognition,"Max, Average",ReLU
ImageNet-1K,50.0,1.0,2049000.0,40613888.0,128.0,1000,155.0,timm,50.0,9408.0,1.0,60192808,625,tv_resnet152,0.0,0.0,0.875,resnet,155.0,1.0,1.0,1.0,1.0,1.0,0.0,0.0,0.0,2015.0,Supervised,"Image Classification, Object Detection, Image Segmentation",Deep Residual Learning for Image Recognition,"Max, Average",ReLU
ImageNet-1K,16.0,1.0,2049000.0,14544896.0,128.0,1000,53.0,timm,16.0,9408.0,1.0,25028904,217,tv_resnext50_32x4d,0.0,0.0,0.875,resnext,53.0,1.0,1.0,1.0,1.0,1.0,0.0,0.0,0.0,2017.0,Supervised,Image Classification,Grouped Convolutions,"Max, Average",ReLU
ImageNet-1K,0.0,141.0,513000.0,42446080.0,1024.0,1000,33.0,timm,0.0,858112.0,0.0,43828456,537,twins_pcpvt_base,0.0,0.0,0.9,twins,86.0,1.0,0.0,1.0,0.0,0.0,0.0,0.0,0.0,,NA,NA,NA,NA,NA
ImageNet-1K,0.0,206.0,513000.0,59607296.0,1024.0,1000,46.0,timm,0.0,858112.0,0.0,60989672,771,twins_pcpvt_large,0.0,0.0,0.9,twins,125.0,1.0,0.0,1.0,0.0,0.0,0.0,0.0,0.0,,NA,NA,NA,NA,NA
ImageNet-1K,0.0,81.0,513000.0,22723840.0,1024.0,1000,21.0,timm,0.0,858112.0,0.0,24106216,321,twins_pcpvt_small,0.0,0.0,0.9,twins,50.0,1.0,0.0,1.0,0.0,0.0,0.0,0.0,0.0,,NA,NA,NA,NA,NA
ImageNet-1K,0.0,109.0,769000.0,53728800.0,1536.0,1000,19.0,timm,0.0,1557216.0,0.0,56070952,433,twins_svt_base,0.0,0.0,0.9,twins,64.0,1.0,0.0,1.0,0.0,0.0,0.0,0.0,0.0,,NA,NA,NA,NA,NA
ImageNet-1K,0.0,109.0,1025000.0,95460736.0,2048.0,1000,19.0,timm,0.0,2764416.0,0.0,99271400,433,twins_svt_large,0.0,0.0,0.9,twins,64.0,1.0,0.0,1.0,0.0,0.0,0.0,0.0,0.0,,NA,NA,NA,NA,NA
ImageNet-1K,0.0,82.0,513000.0,22843072.0,1024.0,1000,15.0,timm,0.0,694080.0,0.0,24060776,332,twins_svt_small,0.0,0.0,0.9,twins,48.0,1.0,0.0,1.0,0.0,0.0,0.0,0.0,0.0,,NA,NA,NA,NA,NA
ImageNet-1K,0.0,1.0,4097000.0,119545856.0,119545856.0,1000,15.0,timm,0.0,14714688.0,5.0,138357544,45,vgg16,0.0,0.0,0.875,vgg,0.0,1.0,0.0,1.0,0.0,0.0,0.0,0.0,0.0,2014.0,Supervised,Image Classification,Deep Architecture with 11 Layers,Max,ReLU
ImageNet-1K,0.0,1.0,4097000.0,119545856.0,119545856.0,1000,18.0,timm,0.0,20024384.0,5.0,143667240,51,vgg19,0.0,0.0,0.875,vgg,0.0,1.0,0.0,1.0,0.0,0.0,0.0,0.0,0.0,2014.0,Supervised,Image Classification,Deep Architecture with 11 Layers,Max,ReLU
ImageNet-1K,0.0,1.0,4097000.0,119545856.0,119545856.0,1000,18.0,timm,0.0,20035392.0,5.0,143678248,67,vgg19_bn,0.0,0.0,0.875,vgg,16.0,1.0,0.0,1.0,0.0,0.0,0.0,0.0,0.0,2014.0,Supervised,Image Classification,Deep Architecture with 11 Layers,Max,ReLU
ImageNet-1K,0.0,1.0,769000.0,28323840.0,1536.0,1000,57.0,timm,0.0,4768.0,0.0,40219592,220,visformer_small,0.0,8.0,0.9,visformer,28.0,1.0,0.0,1.0,0.0,1.0,1.0,1.0,1.0,2021.0,Supervised,"Image Classification, Object Detection",Convolutional Token Embedding,Average,"ReLU, GeLU"
ImageNet-1K,0.0,49.0,769000.0,85054464.0,1536.0,1000,1.0,timm,0.0,148224.0,0.0,86576872,226,vit_base_patch8_224,0.0,13.0,0.9,vit,25.0,1.0,1.0,1.0,1.0,1.0,1.0,1.0,1.0,2021.0,Supervised,Image Classification,Transformer Architecture Applied to Image Patches,Average,GeLU
ImageNet-1K,0.0,48.0,0.0,85054464.0,1536.0,768,1.0,timm,0.0,148224.0,0.0,85807872,226,vit_base_patch8_224_dino,0.0,13.0,0.9,vit,25.0,1.0,1.0,1.0,1.0,1.0,1.0,1.0,1.0,2021.0,Supervised,Image Classification,Transformer Architecture Applied to Image Patches,Average,GeLU
ImageNet-21K,0.0,49.0,16797267.0,85054464.0,1536.0,21843,1.0,timm,0.0,148224.0,0.0,102605139,226,vit_base_patch8_224_in21k,0.0,13.0,0.9,vit,25.0,1.0,1.0,1.0,1.0,1.0,1.0,1.0,1.0,2021.0,Supervised,Image Classification,Transformer Architecture Applied to Image Patches,Average,GeLU
ImageNet-1K,0.0,49.0,769000.0,85054464.0,1536.0,1000,1.0,timm,0.0,590592.0,0.0,86567656,226,vit_base_patch16_224,0.0,13.0,0.9,vit,25.0,1.0,1.0,1.0,1.0,1.0,1.0,1.0,1.0,2021.0,Supervised,Image Classification,Transformer Architecture Applied to Image Patches,Average,GeLU
ImageNet-1K,0.0,48.0,0.0,85054464.0,1536.0,768,1.0,timm,0.0,590592.0,0.0,85798656,226,vit_base_patch16_224_dino,0.0,13.0,0.9,vit,25.0,1.0,1.0,1.0,1.0,1.0,1.0,1.0,1.0,2021.0,Supervised,Image Classification,Transformer Architecture Applied to Image Patches,Average,GeLU
ImageNet-21K,0.0,49.0,16797267.0,85054464.0,1536.0,21843,1.0,timm,0.0,590592.0,0.0,102595923,226,vit_base_patch16_224_in21k,0.0,13.0,0.9,vit,25.0,1.0,1.0,1.0,1.0,1.0,1.0,1.0,1.0,2021.0,Supervised,Image Classification,Transformer Architecture Applied to Image Patches,Average,GeLU
ImageNet-1K,0.0,49.0,769000.0,85026816.0,1536.0,1000,1.0,timm,0.0,590592.0,0.0,86540008,226,vit_base_patch16_224_miil,0.0,13.0,0.875,vit,25.0,1.0,1.0,1.0,1.0,1.0,1.0,1.0,1.0,2021.0,Supervised,Image Classification,Transformer Architecture Applied to Image Patches,Average,GeLU
ImageNet-21K-P,0.0,49.0,8628949.0,85026816.0,1536.0,11221,1.0,timm,0.0,590592.0,0.0,94399957,226,vit_base_patch16_224_miil_in21k,0.0,13.0,0.875,vit,25.0,1.0,1.0,1.0,1.0,1.0,1.0,1.0,1.0,2021.0,Supervised,Image Classification,Transformer Architecture Applied to Image Patches,Average,GeLU
ImageNet-1K,0.0,49.0,769000.0,85054464.0,1536.0,1000,1.0,timm,0.0,590592.0,0.0,86859496,226,vit_base_patch16_384,0.0,13.0,1.0,vit,25.0,1.0,1.0,1.0,1.0,1.0,1.0,1.0,1.0,2021.0,Supervised,Image Classification,Transformer Architecture Applied to Image Patches,Average,GeLU
ImageNet-1K,0.0,49.0,769000.0,85026816.0,1536.0,1000,1.0,timm,0.0,590592.0,0.0,86538472,202,vit_base_patch16_rpn_224,0.0,13.0,0.9,vit,25.0,1.0,1.0,1.0,1.0,1.0,1.0,1.0,1.0,2021.0,Supervised,Image Classification,Transformer Architecture Applied to Image Patches,Average,GeLU
ImageNet-1K,0.0,49.0,769000.0,85054464.0,1536.0,1000,1.0,timm,0.0,2360064.0,0.0,88224232,226,vit_base_patch32_224,0.0,13.0,0.9,vit,25.0,1.0,1.0,1.0,1.0,1.0,1.0,1.0,1.0,2021.0,Supervised,Image Classification,Transformer Architecture Applied to Image Patches,Average,GeLU
LAION-2B,0.0,49.0,393728.0,85054464.0,1536.0,512,1.0,timm,0.0,2359296.0,0.0,87849728,226,vit_base_patch32_224_clip_laion2b,0.0,13.0,0.9,vit,26.0,1.0,1.0,1.0,1.0,1.0,1.0,1.0,1.0,2021.0,Supervised,Image Classification,Transformer Architecture Applied to Image Patches,Average,GeLU
ImageNet-21K,0.0,49.0,16797267.0,85054464.0,1536.0,21843,1.0,timm,0.0,2360064.0,0.0,104252499,226,vit_base_patch32_224_in21k,0.0,13.0,0.9,vit,25.0,1.0,1.0,1.0,1.0,1.0,1.0,1.0,1.0,2021.0,Supervised,Image Classification,Transformer Architecture Applied to Image Patches,Average,GeLU
ImageNet-1K,0.0,49.0,769000.0,85054464.0,1536.0,1000,1.0,timm,0.0,2360064.0,0.0,88297192,226,vit_base_patch32_384,0.0,13.0,1.0,vit,25.0,1.0,1.0,1.0,1.0,1.0,1.0,1.0,1.0,2021.0,Supervised,Image Classification,Transformer Architecture Applied to Image Patches,Average,GeLU
ImageNet-21K,16.0,49.0,16797267.0,85054464.0,1536.0,21843,53.0,timm,16.0,12682048.0,1.0,114687379,501,vit_base_r50_s16_224_in21k,0.0,13.0,0.9,vit,25.0,1.0,1.0,1.0,1.0,1.0,1.0,1.0,1.0,2021.0,Supervised,Image Classification,Transformer Architecture Applied to Image Patches,Average,GeLU
ImageNet-1K,16.0,49.0,769000.0,85054464.0,1536.0,1000,53.0,timm,16.0,12682048.0,1.0,98950952,501,vit_base_r50_s16_384,0.0,13.0,1.0,vit,25.0,1.0,1.0,1.0,1.0,1.0,1.0,1.0,1.0,2021.0,Supervised,Image Classification,Transformer Architecture Applied to Image Patches,Average,GeLU
LAION-2B,0.0,129.0,1311744.0,629678080.0,2560.0,1024,1.0,timm,0.0,752640.0,0.0,632077824,586,vit_huge_patch14_224_clip_laion2b,0.0,33.0,0.9,vit,66.0,1.0,1.0,1.0,1.0,1.0,1.0,1.0,1.0,2021.0,Supervised,Image Classification,Transformer Architecture Applied to Image Patches,Average,GeLU
ImageNet-21K,0.0,129.0,27980883.0,629678080.0,2560.0,21843,1.0,timm,0.0,753920.0,0.0,658745683,586,vit_huge_patch14_224_in21k,0.0,33.0,0.9,vit,65.0,1.0,1.0,1.0,1.0,1.0,1.0,1.0,1.0,2021.0,Supervised,Image Classification,Transformer Architecture Applied to Image Patches,Average,GeLU
ImageNet-1K,0.0,97.0,787200.0,302309376.0,2048.0,768,1.0,timm,0.0,602112.0,0.0,303966976,442,vit_large_patch14_224_clip_laion2b,0.0,25.0,0.9,vit,50.0,1.0,1.0,1.0,1.0,1.0,1.0,1.0,1.0,2021.0,Supervised,Image Classification,Transformer Architecture Applied to Image Patches,Average,GeLU
ImageNet-1K,0.0,97.0,1025000.0,302309376.0,2048.0,1000,1.0,timm,0.0,787456.0,0.0,304326632,442,vit_large_patch16_224,0.0,25.0,0.9,vit,49.0,1.0,1.0,1.0,1.0,1.0,1.0,1.0,1.0,2021.0,Supervised,Image Classification,Transformer Architecture Applied to Image Patches,Average,GeLU
ImageNet-21K,0.0,97.0,22389075.0,302309376.0,2048.0,21843,1.0,timm,0.0,787456.0,0.0,325690707,442,vit_large_patch16_224_in21k,0.0,25.0,0.9,vit,49.0,1.0,1.0,1.0,1.0,1.0,1.0,1.0,1.0,2021.0,Supervised,Image Classification,Transformer Architecture Applied to Image Patches,Average,GeLU
ImageNet-1K,0.0,97.0,1025000.0,302309376.0,2048.0,1000,1.0,timm,0.0,787456.0,0.0,304715752,442,vit_large_patch16_384,0.0,25.0,1.0,vit,49.0,1.0,1.0,1.0,1.0,1.0,1.0,1.0,1.0,2021.0,Supervised,Image Classification,Transformer Architecture Applied to Image Patches,Average,GeLU
ImageNet-21K,0.0,97.0,22389075.0,302309376.0,2048.0,21843,1.0,timm,0.0,3146752.0,0.0,327899475,442,vit_large_patch32_224_in21k,0.0,25.0,0.9,vit,49.0,1.0,1.0,1.0,1.0,1.0,1.0,1.0,1.0,2021.0,Supervised,Image Classification,Transformer Architecture Applied to Image Patches,Average,GeLU
ImageNet-1K,0.0,97.0,1025000.0,302309376.0,2048.0,1000,1.0,timm,0.0,3146752.0,0.0,306632680,442,vit_large_patch32_384,0.0,25.0,1.0,vit,49.0,1.0,1.0,1.0,1.0,1.0,1.0,1.0,1.0,2021.0,Supervised,Image Classification,Transformer Architecture Applied to Image Patches,Average,GeLU
ImageNet-1K,16.0,97.0,1025000.0,302309376.0,2048.0,1000,54.0,timm,16.0,25606208.0,1.0,328994856,724,vit_large_r50_s32_224,0.0,25.0,0.9,vit,49.0,1.0,1.0,1.0,1.0,1.0,1.0,1.0,1.0,2021.0,Supervised,Image Classification,Transformer Architecture Applied to Image Patches,Average,GeLU
ImageNet-21K,16.0,97.0,22389075.0,302309376.0,2048.0,21843,54.0,timm,16.0,25606208.0,1.0,350358931,724,vit_large_r50_s32_224_in21k,0.0,25.0,0.9,vit,49.0,1.0,1.0,1.0,1.0,1.0,1.0,1.0,1.0,2021.0,Supervised,Image Classification,Transformer Architecture Applied to Image Patches,Average,GeLU
ImageNet-1K,16.0,97.0,1025000.0,302309376.0,2048.0,1000,54.0,timm,16.0,25606208.0,1.0,329092136,724,vit_large_r50_s32_384,0.0,25.0,1.0,vit,49.0,1.0,1.0,1.0,1.0,1.0,1.0,1.0,1.0,2021.0,Supervised,Image Classification,Transformer Architecture Applied to Image Patches,Average,GeLU
ImageNet-1K,0.0,73.0,769000.0,85068432.0,1536.0,1000,1.0,timm,0.0,590592.0,0.0,86429560,320,vit_relpos_base_patch16_224,0.0,13.0,0.9,relpos,25.0,1.0,0.0,1.0,0.0,1.0,1.0,1.0,1.0,2021.0,Supervised,"Image Classification, Object Detection, Image Segmentation",ViT architecture with Relative Position Embeddings,Average,ReLU
ImageNet-1K,0.0,73.0,769000.0,85068432.0,1536.0,1000,1.0,timm,0.0,590592.0,0.0,86430328,320,vit_relpos_base_patch16_clsgap_224,0.0,13.0,0.9,relpos,25.0,1.0,0.0,1.0,0.0,1.0,1.0,1.0,1.0,2021.0,Supervised,"Image Classification, Object Detection, Image Segmentation",ViT architecture with Relative Position Embeddings,Average,ReLU
ImageNet-1K,0.0,73.0,897000.0,115771560.0,1792.0,1000,1.0,timm,0.0,2753408.0,0.0,119423760,296,vit_relpos_base_patch32_plus_rpn_256,0.0,13.0,0.9,relpos,25.0,1.0,0.0,1.0,0.0,1.0,1.0,1.0,1.0,2021.0,Supervised,"Image Classification, Object Detection, Image Segmentation",ViT architecture with Relative Position Embeddings,Average,ReLU
ImageNet-1K,0.0,73.0,513000.0,37839456.0,1024.0,1000,1.0,timm,0.0,393728.0,0.0,38747208,320,vit_relpos_medium_patch16_224,0.0,13.0,0.9,relpos,25.0,1.0,0.0,1.0,0.0,1.0,1.0,1.0,1.0,2021.0,Supervised,"Image Classification, Object Detection, Image Segmentation",ViT architecture with Relative Position Embeddings,Average,ReLU
ImageNet-1K,0.0,73.0,513000.0,37856352.0,1024.0,1000,1.0,timm,0.0,393728.0,0.0,38764616,320,vit_relpos_medium_patch16_cls_224,0.0,13.0,0.9,relpos,25.0,1.0,0.0,1.0,0.0,1.0,1.0,1.0,1.0,2021.0,Supervised,"Image Classification, Object Detection, Image Segmentation",ViT architecture with Relative Position Embeddings,Average,ReLU
ImageNet-1K,0.0,73.0,513000.0,37827168.0,1024.0,1000,1.0,timm,0.0,393728.0,0.0,38734920,296,vit_relpos_medium_patch16_rpn_224,0.0,13.0,0.9,relpos,25.0,1.0,0.0,1.0,0.0,1.0,1.0,1.0,1.0,2021.0,Supervised,"Image Classification, Object Detection, Image Segmentation",ViT architecture with Relative Position Embeddings,Average,ReLU
ImageNet-1K,0.0,73.0,385000.0,21302856.0,768.0,1000,1.0,timm,0.0,295296.0,0.0,21983920,320,vit_relpos_small_patch16_224,0.0,13.0,0.9,relpos,25.0,1.0,0.0,1.0,0.0,1.0,1.0,1.0,1.0,2021.0,Supervised,"Image Classification, Object Detection, Image Segmentation",ViT architecture with Relative Position Embeddings,Average,ReLU
ImageNet-1K,0.0,48.0,0.0,21293568.0,768.0,384,1.0,timm,0.0,74112.0,0.0,21670272,226,vit_small_patch8_224_dino,0.0,13.0,0.9,vit,25.0,1.0,1.0,1.0,1.0,1.0,1.0,1.0,1.0,2021.0,Supervised,Image Classification,Transformer Architecture Applied to Image Patches,Average,GeLU
ImageNet-1K,0.0,49.0,385000.0,21293568.0,768.0,1000,1.0,timm,0.0,295296.0,0.0,22050664,226,vit_small_patch16_224,0.0,13.0,0.9,vit,25.0,1.0,1.0,1.0,1.0,1.0,1.0,1.0,1.0,2021.0,Supervised,Image Classification,Transformer Architecture Applied to Image Patches,Average,GeLU
ImageNet-1K,0.0,48.0,0.0,21293568.0,768.0,384,1.0,timm,0.0,295296.0,0.0,21665664,226,vit_small_patch16_224_dino,0.0,13.0,0.9,vit,25.0,1.0,1.0,1.0,1.0,1.0,1.0,1.0,1.0,2021.0,Supervised,Image Classification,Transformer Architecture Applied to Image Patches,Average,GeLU
ImageNet-21K,0.0,49.0,8409555.0,21293568.0,768.0,21843,1.0,timm,0.0,295296.0,0.0,30075219,226,vit_small_patch16_224_in21k,0.0,13.0,0.9,vit,25.0,1.0,1.0,1.0,1.0,1.0,1.0,1.0,1.0,2021.0,Supervised,Image Classification,Transformer Architecture Applied to Image Patches,Average,GeLU
ImageNet-1K,0.0,49.0,385000.0,21293568.0,768.0,1000,1.0,timm,0.0,295296.0,0.0,22196584,226,vit_small_patch16_384,0.0,13.0,1.0,vit,25.0,1.0,1.0,1.0,1.0,1.0,1.0,1.0,1.0,2021.0,Supervised,Image Classification,Transformer Architecture Applied to Image Patches,Average,GeLU
ImageNet-1K,0.0,49.0,385000.0,21293568.0,768.0,1000,1.0,timm,0.0,1180032.0,0.0,22878952,226,vit_small_patch32_224,0.0,13.0,0.9,vit,25.0,1.0,1.0,1.0,1.0,1.0,1.0,1.0,1.0,2021.0,Supervised,Image Classification,Transformer Architecture Applied to Image Patches,Average,GeLU
ImageNet-21K,0.0,49.0,8409555.0,21293568.0,768.0,21843,1.0,timm,0.0,1180032.0,0.0,30903507,226,vit_small_patch32_224_in21k,0.0,13.0,0.9,vit,25.0,1.0,1.0,1.0,1.0,1.0,1.0,1.0,1.0,2021.0,Supervised,Image Classification,Transformer Architecture Applied to Image Patches,Average,GeLU
ImageNet-1K,0.0,49.0,385000.0,21293568.0,768.0,1000,1.0,timm,0.0,1180032.0,0.0,22915432,226,vit_small_patch32_384,0.0,13.0,1.0,vit,25.0,1.0,1.0,1.0,1.0,1.0,1.0,1.0,1.0,2021.0,Supervised,Image Classification,Transformer Architecture Applied to Image Patches,Average,GeLU
ImageNet-1K,8.0,49.0,385000.0,21293568.0,768.0,1000,30.0,timm,8.0,14732992.0,1.0,36431912,388,vit_small_r26_s32_224,0.0,13.0,0.9,vit,25.0,1.0,1.0,1.0,1.0,1.0,1.0,1.0,1.0,2021.0,Supervised,Image Classification,Transformer Architecture Applied to Image Patches,Average,GeLU
ImageNet-21K,8.0,49.0,8409555.0,21293568.0,768.0,21843,30.0,timm,8.0,14732992.0,1.0,44456467,388,vit_small_r26_s32_224_in21k,0.0,13.0,0.9,vit,25.0,1.0,1.0,1.0,1.0,1.0,1.0,1.0,1.0,2021.0,Supervised,Image Classification,Transformer Architecture Applied to Image Patches,Average,GeLU
ImageNet-1K,8.0,49.0,385000.0,21293568.0,768.0,1000,30.0,timm,8.0,14732992.0,1.0,36468392,388,vit_small_r26_s32_384,0.0,13.0,1.0,vit,25.0,1.0,1.0,1.0,1.0,1.0,1.0,1.0,1.0,2021.0,Supervised,Image Classification,Transformer Architecture Applied to Image Patches,Average,GeLU
ImageNet-1K,0.0,51.0,513000.0,37822464.0,1024.0,1000,1.0,timm,0.0,393728.0,0.0,38735856,232,vit_srelpos_medium_patch16_224,0.0,13.0,0.9,relpos,25.0,1.0,0.0,1.0,0.0,1.0,1.0,1.0,1.0,2021.0,Supervised,"Image Classification, Object Detection, Image Segmentation",ViT architecture with Relative Position Embeddings,Average,ReLU
ImageNet-1K,0.0,51.0,385000.0,21288960.0,768.0,1000,1.0,timm,0.0,295296.0,0.0,21973486,232,vit_srelpos_small_patch16_224,0.0,13.0,0.9,relpos,25.0,1.0,0.0,1.0,0.0,1.0,1.0,1.0,1.0,2021.0,Supervised,"Image Classification, Object Detection, Image Segmentation",ViT architecture with Relative Position Embeddings,Average,ReLU
ImageNet-1K,0.0,49.0,193000.0,5338368.0,384.0,1000,1.0,timm,0.0,147648.0,0.0,5717416,226,vit_tiny_patch16_224,0.0,13.0,0.9,vit,25.0,1.0,1.0,1.0,1.0,1.0,1.0,1.0,1.0,2021.0,Supervised,Image Classification,Transformer Architecture Applied to Image Patches,Average,GeLU
ImageNet-21K,0.0,49.0,4215699.0,5338368.0,384.0,21843,1.0,timm,0.0,147648.0,0.0,9740115,226,vit_tiny_patch16_224_in21k,0.0,13.0,0.9,vit,25.0,1.0,1.0,1.0,1.0,1.0,1.0,1.0,1.0,2021.0,Supervised,Image Classification,Transformer Architecture Applied to Image Patches,Average,GeLU
ImageNet-1K,0.0,49.0,193000.0,5338368.0,384.0,1000,1.0,timm,0.0,147648.0,0.0,5790376,226,vit_tiny_patch16_384,0.0,13.0,1.0,vit,25.0,1.0,1.0,1.0,1.0,1.0,1.0,1.0,1.0,2021.0,Supervised,Image Classification,Transformer Architecture Applied to Image Patches,Average,GeLU
ImageNet-1K,0.0,49.0,193000.0,5338368.0,384.0,1000,2.0,timm,0.0,796160.0,1.0,6337704,231,vit_tiny_r_s16_p8_224,0.0,13.0,0.9,vit,25.0,1.0,1.0,1.0,1.0,1.0,1.0,1.0,1.0,2021.0,Supervised,Image Classification,Transformer Architecture Applied to Image Patches,Average,GeLU
ImageNet-21K,0.0,49.0,4215699.0,5338368.0,384.0,21843,2.0,timm,0.0,796160.0,1.0,10360403,231,vit_tiny_r_s16_p8_224_in21k,0.0,13.0,0.9,vit,25.0,1.0,1.0,1.0,1.0,1.0,1.0,1.0,1.0,2021.0,Supervised,Image Classification,Transformer Architecture Applied to Image Patches,Average,GeLU
ImageNet-1K,0.0,49.0,193000.0,5338368.0,384.0,1000,2.0,timm,0.0,796160.0,1.0,6355944,231,vit_tiny_r_s16_p8_384,0.0,13.0,1.0,vit,25.0,1.0,1.0,1.0,1.0,1.0,1.0,1.0,1.0,2021.0,Supervised,Image Classification,Transformer Architecture Applied to Image Patches,Average,GeLU
ImageNet-1K,0.0,88.0,385000.0,22549272.0,768.0,1000,5.0,timm,0.0,280320.0,4.0,26632040,339,volo_d1_224,0.0,34.0,0.96,volo,44.0,1.0,0.0,1.0,0.0,1.0,1.0,1.0,1.0,2021.0,Supervised,"Image Classification, Image Segmentation",Outlook Attention Mechanism,Average,"ReLU, GeLU"
ImageNet-1K,0.0,88.0,385000.0,22549272.0,768.0,1000,5.0,timm,0.0,280320.0,4.0,26777960,339,volo_d1_384,0.0,34.0,1.0,volo,44.0,1.0,0.0,1.0,0.0,1.0,1.0,1.0,1.0,2021.0,Supervised,"Image Classification, Image Segmentation",Outlook Attention Mechanism,Average,"ReLU, GeLU"
ImageNet-1K,0.0,114.0,513000.0,51952432.0,1024.0,1000,5.0,timm,0.0,345920.0,6.0,58678336,435,volo_d2_224,0.0,44.0,0.96,volo,56.0,1.0,0.0,1.0,0.0,1.0,1.0,1.0,1.0,2021.0,Supervised,"Image Classification, Image Segmentation",Outlook Attention Mechanism,Average,"ReLU, GeLU"
ImageNet-1K,0.0,114.0,513000.0,51952432.0,1024.0,1000,5.0,timm,0.0,345920.0,6.0,58872896,435,volo_d2_384,0.0,44.0,1.0,volo,56.0,1.0,0.0,1.0,0.0,1.0,1.0,1.0,1.0,2021.0,Supervised,"Image Classification, Image Segmentation",Outlook Attention Mechanism,Average,"ReLU, GeLU"
ImageNet-1K,0.0,164.0,513000.0,79599168.0,1024.0,1000,5.0,timm,0.0,345920.0,8.0,86325072,621,volo_d3_224,0.0,66.0,0.96,volo,80.0,1.0,0.0,1.0,0.0,1.0,1.0,1.0,1.0,2021.0,Supervised,"Image Classification, Image Segmentation",Outlook Attention Mechanism,Average,"ReLU, GeLU"
ImageNet-1K,0.0,164.0,513000.0,79599168.0,1024.0,1000,5.0,timm,0.0,345920.0,8.0,86626128,621,volo_d3_448,0.0,66.0,1.0,volo,80.0,1.0,0.0,1.0,0.0,1.0,1.0,1.0,1.0,2021.0,Supervised,"Image Classification, Image Segmentation",Outlook Attention Mechanism,Average,"ReLU, GeLU"
ImageNet-1K,0.0,164.0,769000.0,178983264.0,1536.0,1000,5.0,timm,0.0,477120.0,8.0,192961520,621,volo_d4_224,0.0,66.0,0.96,volo,80.0,1.0,0.0,1.0,0.0,1.0,1.0,1.0,1.0,2021.0,Supervised,"Image Classification, Image Segmentation",Outlook Attention Mechanism,Average,"ReLU, GeLU"
ImageNet-1K,0.0,164.0,769000.0,178983264.0,1536.0,1000,5.0,timm,0.0,477120.0,8.0,193413104,621,volo_d4_448,0.0,66.0,1.15,volo,80.0,1.0,0.0,1.0,0.0,1.0,1.0,1.0,1.0,2021.0,Supervised,"Image Classification, Image Segmentation",Outlook Attention Mechanism,Average,"ReLU, GeLU"
ImageNet-1K,0.0,216.0,769000.0,278492304.0,1536.0,1000,5.0,timm,0.0,1101312.0,12.0,295455584,813,volo_d5_224,0.0,86.0,0.96,volo,104.0,1.0,0.0,1.0,0.0,1.0,1.0,1.0,1.0,2021.0,Supervised,"Image Classification, Image Segmentation",Outlook Attention Mechanism,Average,"ReLU, GeLU"
ImageNet-1K,0.0,216.0,769000.0,278492304.0,1536.0,1000,5.0,timm,0.0,1101312.0,12.0,295907168,813,volo_d5_448,0.0,86.0,1.15,volo,104.0,1.0,0.0,1.0,0.0,1.0,1.0,1.0,1.0,2021.0,Supervised,"Image Classification, Image Segmentation",Outlook Attention Mechanism,Average,"ReLU, GeLU"
ImageNet-1K,0.0,216.0,769000.0,278492304.0,1536.0,1000,5.0,timm,0.0,1101312.0,12.0,296091488,813,volo_d5_512,0.0,86.0,1.15,volo,104.0,1.0,0.0,1.0,0.0,1.0,1.0,1.0,1.0,2021.0,Supervised,"Image Classification, Image Segmentation",Outlook Attention Mechanism,Average,"ReLU, GeLU"
ImageNet-1K,16.0,1.0,2049000.0,41971712.0,128.0,1000,53.0,timm,16.0,9408.0,1.0,68883240,217,wide_resnet50_2,0.0,0.0,0.875,resnet,53.0,1.0,1.0,1.0,1.0,1.0,0.0,0.0,0.0,2015.0,Supervised,"Image Classification, Object Detection, Image Segmentation",Deep Residual Learning for Image Recognition,"Max, Average",ReLU
ImageNet-1K,33.0,1.0,2049000.0,78739456.0,128.0,1000,104.0,timm,33.0,9408.0,1.0,126886696,421,wide_resnet101_2,0.0,0.0,0.875,resnet,104.0,1.0,1.0,1.0,1.0,1.0,0.0,0.0,0.0,2015.0,Supervised,"Image Classification, Object Detection, Image Segmentation",Deep Residual Learning for Image Recognition,"Max, Average",ReLU
ImageNet-1K,0.0,1.0,2049000.0,3159552.0,64.0,1000,74.0,timm,0.0,864.0,4.0,22855952,216,xception,0.0,0.0,0.8975,xception,40.0,1.0,1.0,1.0,0.0,1.0,0.0,0.0,0.0,2016.0,Supervised,Image Classification,Depthwise Separable Convolutions,"Max, Average",ReLU
ImageNet-1K,0.0,1.0,2049000.0,24896800.0,24896800.0,1000,84.0,timm,0.0,19488.0,0.0,26969560,375,xception41,0.0,0.0,0.903,xception,84.0,1.0,1.0,1.0,0.0,1.0,0.0,0.0,0.0,2016.0,Supervised,Image Classification,Depthwise Separable Convolutions,"Max, Average",ReLU
ImageNet-1K,0.0,1.0,2049000.0,24785952.0,24785952.0,1000,84.0,timm,0.0,19360.0,0.0,26907752,302,xception41p,0.0,0.0,0.94,xception,40.0,1.0,1.0,1.0,0.0,1.0,0.0,0.0,0.0,2016.0,Supervised,Image Classification,Depthwise Separable Convolutions,"Max, Average",ReLU
ImageNet-1K,0.0,1.0,2049000.0,37843552.0,37843552.0,1000,132.0,timm,0.0,19488.0,0.0,39916312,583,xception65,0.0,0.0,0.94,xception,132.0,1.0,1.0,1.0,0.0,1.0,0.0,0.0,0.0,2016.0,Supervised,Image Classification,Depthwise Separable Convolutions,"Max, Average",ReLU
ImageNet-1K,0.0,1.0,2049000.0,37662816.0,37662816.0,1000,132.0,timm,0.0,19360.0,0.0,39819560,478,xception65p,0.0,0.0,0.94,xception,64.0,1.0,1.0,1.0,0.0,1.0,0.0,0.0,0.0,2016.0,Supervised,Image Classification,Depthwise Separable Convolutions,"Max, Average",ReLU
ImageNet-1K,0.0,1.0,2049000.0,40264008.0,40264008.0,1000,146.0,timm,0.0,19488.0,0.0,42338736,645,xception71,0.0,0.0,0.903,xception,146.0,1.0,1.0,1.0,0.0,1.0,0.0,0.0,0.0,2016.0,Supervised,Image Classification,Depthwise Separable Convolutions,"Max, Average",ReLU
ImageNet-1K,0.0,109.0,769000.0,170551296.0,1536.0,1000,52.0,timm,0.0,3325632.0,0.0,188932648,559,xcit_large_24_p8_224,0.0,2.0,1.0,xcit,104.0,1.0,0.0,1.0,0.0,1.0,1.0,1.0,1.0,2021.0,Self-Supervised,"Image Classification, Object Detection, Image Segmentation",Feature Cross-Covariance Self-Attention Transformer,"Average, Class Token",ReLU
ImageNet-1K,0.0,109.0,769000.0,170551296.0,1536.0,1000,52.0,timm,0.0,3325632.0,0.0,188932648,559,xcit_large_24_p8_224_dist,0.0,2.0,1.0,xcit,104.0,1.0,0.0,1.0,0.0,1.0,1.0,1.0,1.0,2021.0,Self-Supervised,"Image Classification, Object Detection, Image Segmentation",Feature Cross-Covariance Self-Attention Transformer,"Average, Class Token",ReLU
ImageNet-1K,0.0,109.0,769000.0,170551296.0,1536.0,1000,52.0,timm,0.0,3325632.0,0.0,188932648,559,xcit_large_24_p8_384_dist,0.0,2.0,1.0,xcit,104.0,1.0,0.0,1.0,0.0,1.0,1.0,1.0,1.0,2021.0,Self-Supervised,"Image Classification, Object Detection, Image Segmentation",Feature Cross-Covariance Self-Attention Transformer,"Average, Class Token",ReLU
ImageNet-1K,0.0,109.0,769000.0,170551296.0,1536.0,1000,53.0,timm,0.0,3489120.0,0.0,189096136,563,xcit_large_24_p16_224,0.0,2.0,1.0,xcit,105.0,1.0,0.0,1.0,0.0,1.0,1.0,1.0,1.0,2021.0,Self-Supervised,"Image Classification, Object Detection, Image Segmentation",Feature Cross-Covariance Self-Attention Transformer,"Average, Class Token",ReLU
ImageNet-1K,0.0,109.0,769000.0,170551296.0,1536.0,1000,53.0,timm,0.0,3489120.0,0.0,189096136,563,xcit_large_24_p16_224_dist,0.0,2.0,1.0,xcit,105.0,1.0,0.0,1.0,0.0,1.0,1.0,1.0,1.0,2021.0,Self-Supervised,"Image Classification, Object Detection, Image Segmentation",Feature Cross-Covariance Self-Attention Transformer,"Average, Class Token",ReLU
ImageNet-1K,0.0,109.0,769000.0,170551296.0,1536.0,1000,53.0,timm,0.0,3489120.0,0.0,189096136,563,xcit_large_24_p16_384_dist,0.0,2.0,1.0,xcit,105.0,1.0,0.0,1.0,0.0,1.0,1.0,1.0,1.0,2021.0,Self-Supervised,"Image Classification, Object Detection, Image Segmentation",Feature Cross-Covariance Self-Attention Transformer,"Average, Class Token",ReLU
ImageNet-1K,0.0,109.0,513000.0,75952128.0,1024.0,1000,52.0,timm,0.0,1479808.0,0.0,84323624,559,xcit_medium_24_p8_224,0.0,2.0,1.0,xcit,104.0,1.0,0.0,1.0,0.0,1.0,1.0,1.0,1.0,2021.0,Self-Supervised,"Image Classification, Object Detection, Image Segmentation",Feature Cross-Covariance Self-Attention Transformer,"Average, Class Token",ReLU
ImageNet-1K,0.0,109.0,513000.0,75952128.0,1024.0,1000,52.0,timm,0.0,1479808.0,0.0,84323624,559,xcit_medium_24_p8_224_dist,0.0,2.0,1.0,xcit,104.0,1.0,0.0,1.0,0.0,1.0,1.0,1.0,1.0,2021.0,Self-Supervised,"Image Classification, Object Detection, Image Segmentation",Feature Cross-Covariance Self-Attention Transformer,"Average, Class Token",ReLU
ImageNet-1K,0.0,109.0,513000.0,75952128.0,1024.0,1000,52.0,timm,0.0,1479808.0,0.0,84323624,559,xcit_medium_24_p8_384_dist,0.0,2.0,1.0,xcit,104.0,1.0,0.0,1.0,0.0,1.0,1.0,1.0,1.0,2021.0,Self-Supervised,"Image Classification, Object Detection, Image Segmentation",Feature Cross-Covariance Self-Attention Transformer,"Average, Class Token",ReLU
ImageNet-1K,0.0,109.0,513000.0,75952128.0,1024.0,1000,53.0,timm,0.0,1551936.0,0.0,84395752,563,xcit_medium_24_p16_224,0.0,2.0,1.0,xcit,105.0,1.0,0.0,1.0,0.0,1.0,1.0,1.0,1.0,2021.0,Self-Supervised,"Image Classification, Object Detection, Image Segmentation",Feature Cross-Covariance Self-Attention Transformer,"Average, Class Token",ReLU
ImageNet-1K,0.0,109.0,513000.0,75952128.0,1024.0,1000,53.0,timm,0.0,1551936.0,0.0,84395752,563,xcit_medium_24_p16_384_dist,0.0,2.0,1.0,xcit,105.0,1.0,0.0,1.0,0.0,1.0,1.0,1.0,1.0,2021.0,Self-Supervised,"Image Classification, Object Detection, Image Segmentation",Feature Cross-Covariance Self-Attention Transformer,"Average, Class Token",ReLU
ImageNet-1K,0.0,61.0,129000.0,2416128.0,256.0,1000,28.0,timm,0.0,93472.0,0.0,3049016,307,xcit_nano_12_p8_224,0.0,2.0,1.0,xcit,56.0,1.0,0.0,1.0,0.0,1.0,1.0,1.0,1.0,2021.0,Self-Supervised,"Image Classification, Object Detection, Image Segmentation",Feature Cross-Covariance Self-Attention Transformer,"Average, Class Token",ReLU
ImageNet-1K,0.0,61.0,129000.0,2416128.0,256.0,1000,28.0,timm,0.0,93472.0,0.0,3049016,307,xcit_nano_12_p8_224_dist,0.0,2.0,1.0,xcit,56.0,1.0,0.0,1.0,0.0,1.0,1.0,1.0,1.0,2021.0,Self-Supervised,"Image Classification, Object Detection, Image Segmentation",Feature Cross-Covariance Self-Attention Transformer,"Average, Class Token",ReLU
ImageNet-1K,0.0,61.0,129000.0,2416128.0,256.0,1000,28.0,timm,0.0,93472.0,0.0,3049016,307,xcit_nano_12_p8_384_dist,0.0,2.0,1.0,xcit,56.0,1.0,0.0,1.0,0.0,1.0,1.0,1.0,1.0,2021.0,Self-Supervised,"Image Classification, Object Detection, Image Segmentation",Feature Cross-Covariance Self-Attention Transformer,"Average, Class Token",ReLU
ImageNet-1K,0.0,61.0,129000.0,2416128.0,256.0,1000,29.0,timm,0.0,97680.0,0.0,3053224,311,xcit_nano_12_p16_224,0.0,2.0,1.0,xcit,57.0,1.0,0.0,1.0,0.0,1.0,1.0,1.0,1.0,2021.0,Self-Supervised,"Image Classification, Object Detection, Image Segmentation",Feature Cross-Covariance Self-Attention Transformer,"Average, Class Token",ReLU
ImageNet-1K,0.0,61.0,129000.0,2416128.0,256.0,1000,29.0,timm,0.0,97680.0,0.0,3053224,311,xcit_nano_12_p16_224_dist,0.0,2.0,1.0,xcit,57.0,1.0,0.0,1.0,0.0,1.0,1.0,1.0,1.0,2021.0,Self-Supervised,"Image Classification, Object Detection, Image Segmentation",Feature Cross-Covariance Self-Attention Transformer,"Average, Class Token",ReLU
ImageNet-1K,0.0,61.0,129000.0,2416128.0,256.0,1000,29.0,timm,0.0,97680.0,0.0,3053224,311,xcit_nano_12_p16_384_dist,0.0,2.0,1.0,xcit,57.0,1.0,0.0,1.0,0.0,1.0,1.0,1.0,1.0,2021.0,Self-Supervised,"Image Classification, Object Detection, Image Segmentation",Feature Cross-Covariance Self-Attention Transformer,"Average, Class Token",ReLU
ImageNet-1K,0.0,61.0,385000.0,21404160.0,768.0,1000,28.0,timm,0.0,833376.0,0.0,26213032,307,xcit_small_12_p8_224,0.0,2.0,1.0,xcit,56.0,1.0,0.0,1.0,0.0,1.0,1.0,1.0,1.0,2021.0,Self-Supervised,"Image Classification, Object Detection, Image Segmentation",Feature Cross-Covariance Self-Attention Transformer,"Average, Class Token",ReLU
ImageNet-1K,0.0,61.0,385000.0,21404160.0,768.0,1000,28.0,timm,0.0,833376.0,0.0,26213032,307,xcit_small_12_p8_224_dist,0.0,2.0,1.0,xcit,56.0,1.0,0.0,1.0,0.0,1.0,1.0,1.0,1.0,2021.0,Self-Supervised,"Image Classification, Object Detection, Image Segmentation",Feature Cross-Covariance Self-Attention Transformer,"Average, Class Token",ReLU
ImageNet-1K,0.0,61.0,385000.0,21404160.0,768.0,1000,28.0,timm,0.0,833376.0,0.0,26213032,307,xcit_small_12_p8_384_dist,0.0,2.0,1.0,xcit,56.0,1.0,0.0,1.0,0.0,1.0,1.0,1.0,1.0,2021.0,Self-Supervised,"Image Classification, Object Detection, Image Segmentation",Feature Cross-Covariance Self-Attention Transformer,"Average, Class Token",ReLU
ImageNet-1K,0.0,61.0,385000.0,21404160.0,768.0,1000,29.0,timm,0.0,873648.0,0.0,26253304,311,xcit_small_12_p16_224,0.0,2.0,1.0,xcit,57.0,1.0,0.0,1.0,0.0,1.0,1.0,1.0,1.0,2021.0,Self-Supervised,"Image Classification, Object Detection, Image Segmentation",Feature Cross-Covariance Self-Attention Transformer,"Average, Class Token",ReLU
ImageNet-1K,0.0,61.0,385000.0,21404160.0,768.0,1000,29.0,timm,0.0,873648.0,0.0,26253304,311,xcit_small_12_p16_224_dist,0.0,2.0,1.0,xcit,57.0,1.0,0.0,1.0,0.0,1.0,1.0,1.0,1.0,2021.0,Self-Supervised,"Image Classification, Object Detection, Image Segmentation",Feature Cross-Covariance Self-Attention Transformer,"Average, Class Token",ReLU
ImageNet-1K,0.0,61.0,385000.0,21404160.0,768.0,1000,29.0,timm,0.0,873648.0,0.0,26253304,311,xcit_small_12_p16_384_dist,0.0,2.0,1.0,xcit,57.0,1.0,0.0,1.0,0.0,1.0,1.0,1.0,1.0,2021.0,Self-Supervised,"Image Classification, Object Detection, Image Segmentation",Feature Cross-Covariance Self-Attention Transformer,"Average, Class Token",ReLU
ImageNet-1K,0.0,109.0,385000.0,42808320.0,768.0,1000,52.0,timm,0.0,833376.0,0.0,47631112,559,xcit_small_24_p8_224,0.0,2.0,1.0,xcit,104.0,1.0,0.0,1.0,0.0,1.0,1.0,1.0,1.0,2021.0,Self-Supervised,"Image Classification, Object Detection, Image Segmentation",Feature Cross-Covariance Self-Attention Transformer,"Average, Class Token",ReLU
ImageNet-1K,0.0,109.0,385000.0,42808320.0,768.0,1000,52.0,timm,0.0,833376.0,0.0,47631112,559,xcit_small_24_p8_224_dist,0.0,2.0,1.0,xcit,104.0,1.0,0.0,1.0,0.0,1.0,1.0,1.0,1.0,2021.0,Self-Supervised,"Image Classification, Object Detection, Image Segmentation",Feature Cross-Covariance Self-Attention Transformer,"Average, Class Token",ReLU
ImageNet-1K,0.0,109.0,385000.0,42808320.0,768.0,1000,52.0,timm,0.0,833376.0,0.0,47631112,559,xcit_small_24_p8_384_dist,0.0,2.0,1.0,xcit,104.0,1.0,0.0,1.0,0.0,1.0,1.0,1.0,1.0,2021.0,Self-Supervised,"Image Classification, Object Detection, Image Segmentation",Feature Cross-Covariance Self-Attention Transformer,"Average, Class Token",ReLU
ImageNet-1K,0.0,109.0,385000.0,42808320.0,768.0,1000,53.0,timm,0.0,873648.0,0.0,47671384,563,xcit_small_24_p16_224,0.0,2.0,1.0,xcit,105.0,1.0,0.0,1.0,0.0,1.0,1.0,1.0,1.0,2021.0,Self-Supervised,"Image Classification, Object Detection, Image Segmentation",Feature Cross-Covariance Self-Attention Transformer,"Average, Class Token",ReLU
ImageNet-1K,0.0,109.0,385000.0,42808320.0,768.0,1000,53.0,timm,0.0,873648.0,0.0,47671384,563,xcit_small_24_p16_224_dist,0.0,2.0,1.0,xcit,105.0,1.0,0.0,1.0,0.0,1.0,1.0,1.0,1.0,2021.0,Self-Supervised,"Image Classification, Object Detection, Image Segmentation",Feature Cross-Covariance Self-Attention Transformer,"Average, Class Token",ReLU
ImageNet-1K,0.0,61.0,193000.0,5393664.0,384.0,1000,28.0,timm,0.0,209328.0,0.0,6706504,307,xcit_tiny_12_p8_224,0.0,2.0,1.0,xcit,56.0,1.0,0.0,1.0,0.0,1.0,1.0,1.0,1.0,2021.0,Self-Supervised,"Image Classification, Object Detection, Image Segmentation",Feature Cross-Covariance Self-Attention Transformer,"Average, Class Token",ReLU
ImageNet-1K,0.0,61.0,193000.0,5393664.0,384.0,1000,28.0,timm,0.0,209328.0,0.0,6706504,307,xcit_tiny_12_p8_224_dist,0.0,2.0,1.0,xcit,56.0,1.0,0.0,1.0,0.0,1.0,1.0,1.0,1.0,2021.0,Self-Supervised,"Image Classification, Object Detection, Image Segmentation",Feature Cross-Covariance Self-Attention Transformer,"Average, Class Token",ReLU
ImageNet-1K,0.0,61.0,193000.0,5393664.0,384.0,1000,28.0,timm,0.0,209328.0,0.0,6706504,307,xcit_tiny_12_p8_384_dist,0.0,2.0,1.0,xcit,56.0,1.0,0.0,1.0,0.0,1.0,1.0,1.0,1.0,2021.0,Self-Supervised,"Image Classification, Object Detection, Image Segmentation",Feature Cross-Covariance Self-Attention Transformer,"Average, Class Token",ReLU
ImageNet-1K,0.0,61.0,193000.0,5393664.0,384.0,1000,29.0,timm,0.0,219096.0,0.0,6716272,311,xcit_tiny_12_p16_224,0.0,2.0,1.0,xcit,57.0,1.0,0.0,1.0,0.0,1.0,1.0,1.0,1.0,2021.0,Self-Supervised,"Image Classification, Object Detection, Image Segmentation",Feature Cross-Covariance Self-Attention Transformer,"Average, Class Token",ReLU
ImageNet-1K,0.0,61.0,193000.0,5393664.0,384.0,1000,29.0,timm,0.0,219096.0,0.0,6716272,311,xcit_tiny_12_p16_224_dist,0.0,2.0,1.0,xcit,57.0,1.0,0.0,1.0,0.0,1.0,1.0,1.0,1.0,2021.0,Self-Supervised,"Image Classification, Object Detection, Image Segmentation",Feature Cross-Covariance Self-Attention Transformer,"Average, Class Token",ReLU
ImageNet-1K,0.0,61.0,193000.0,5393664.0,384.0,1000,29.0,timm,0.0,219096.0,0.0,6716272,311,xcit_tiny_12_p16_384_dist,0.0,2.0,1.0,xcit,57.0,1.0,0.0,1.0,0.0,1.0,1.0,1.0,1.0,2021.0,Self-Supervised,"Image Classification, Object Detection, Image Segmentation",Feature Cross-Covariance Self-Attention Transformer,"Average, Class Token",ReLU
ImageNet-1K,0.0,109.0,193000.0,10787328.0,384.0,1000,52.0,timm,0.0,209328.0,0.0,12107128,559,xcit_tiny_24_p8_224,0.0,2.0,1.0,xcit,104.0,1.0,0.0,1.0,0.0,1.0,1.0,1.0,1.0,2021.0,Self-Supervised,"Image Classification, Object Detection, Image Segmentation",Feature Cross-Covariance Self-Attention Transformer,"Average, Class Token",ReLU
ImageNet-1K,0.0,109.0,193000.0,10787328.0,384.0,1000,52.0,timm,0.0,209328.0,0.0,12107128,559,xcit_tiny_24_p8_224_dist,0.0,2.0,1.0,xcit,104.0,1.0,0.0,1.0,0.0,1.0,1.0,1.0,1.0,2021.0,Self-Supervised,"Image Classification, Object Detection, Image Segmentation",Feature Cross-Covariance Self-Attention Transformer,"Average, Class Token",ReLU
ImageNet-1K,0.0,109.0,193000.0,10787328.0,384.0,1000,52.0,timm,0.0,209328.0,0.0,12107128,559,xcit_tiny_24_p8_384_dist,0.0,2.0,1.0,xcit,104.0,1.0,0.0,1.0,0.0,1.0,1.0,1.0,1.0,2021.0,Self-Supervised,"Image Classification, Object Detection, Image Segmentation",Feature Cross-Covariance Self-Attention Transformer,"Average, Class Token",ReLU
ImageNet-1K,0.0,109.0,193000.0,10787328.0,384.0,1000,53.0,timm,0.0,219096.0,0.0,12116896,563,xcit_tiny_24_p16_224,0.0,2.0,1.0,xcit,105.0,1.0,0.0,1.0,0.0,1.0,1.0,1.0,1.0,2021.0,Self-Supervised,"Image Classification, Object Detection, Image Segmentation",Feature Cross-Covariance Self-Attention Transformer,"Average, Class Token",ReLU
ImageNet-1K,0.0,109.0,193000.0,10787328.0,384.0,1000,53.0,timm,0.0,219096.0,0.0,12116896,563,xcit_tiny_24_p16_224_dist,0.0,2.0,1.0,xcit,105.0,1.0,0.0,1.0,0.0,1.0,1.0,1.0,1.0,2021.0,Self-Supervised,"Image Classification, Object Detection, Image Segmentation",Feature Cross-Covariance Self-Attention Transformer,"Average, Class Token",ReLU
ImageNet-1K,0.0,109.0,193000.0,10787328.0,384.0,1000,53.0,timm,0.0,219096.0,0.0,12116896,563,xcit_tiny_24_p16_384_dist,0.0,2.0,1.0,xcit,105.0,1.0,0.0,1.0,0.0,1.0,1.0,1.0,1.0,2021.0,Self-Supervised,"Image Classification, Object Detection, Image Segmentation",Feature Cross-Covariance Self-Attention Transformer,"Average, Class Token",ReLU
