Last Layer Parameters,Layers,Attention Layers,Crop Percentage,Bottlenecks,Residual Blocks,Origin,First Layer Parameters,Family,Training Dataset,Pooling Layers,Normalization Layers,Output Features,Conv Layers,Recurrent Layers,Lowest Internal Layer Parameters,MAX RF,Architecture,Highest Internal Layer Parameters,Max RF,RF25 Layer Number,Model,Parameters,RF25 Layer Name,Dense Layers,Has Convolutional Layers,Has Residual Blocks,Has Dense Layers,Has Bottlenecks,Has Recurrent Layers,Has Skip Connections,Has Attention Layers,Tokenized,Transformer,Has ReLU,Has GeLU,Other,Year Made,Learning Type,Primary Application,Key Distinguishing Feature,Pooling Type
,27.3,0.0,,0.0,10.0,keras,,mobilenetv3,ImageNet-1K,0.0,46.0,1000,49.0,0.0,,,,,,,MobilenetV3large,5.507432,,0.0,1.0,0.0,1.0,1.0,0.0,1.0,0.0,0.0,0.0,1.0,0.0,0,2019.0,Supervised,"Image Classification, Object Detection, Image Segmentation",Hardware-aware Network Design,"Average, Spatial Pyramid"
,23.9,0.0,,0.0,6.0,keras,,mobilenetv3,ImageNet-1K,0.0,34.0,1000,43.0,0.0,,,,,,,MobilenetV3small,2.554968,,0.0,1.0,0.0,1.0,1.0,0.0,1.0,0.0,0.0,0.0,1.0,0.0,0,2019.0,Supervised,"Image Classification, Object Detection, Image Segmentation",Hardware-aware Network Design,"Average, Spatial Pyramid"
,29.7,0.0,,0.0,0.0,keras,,convnext,ImageNet-21K,0.0,37.0,1000,36.0,0.0,,,,,,,convnext_xlarge,350.196968,,73.0,1.0,1.0,1.0,1.0,0.0,1.0,0.0,0.0,0.0,0.0,1.0,0,2022.0,Supervised,"Image Classification, Object Detection, Image Segmentation",Transformer Design Principles in ConvNet,Average
,24.1,0.0,,0.0,9.0,keras,,efficientnet,ImageNet-1K,0.0,49.0,1000,65.0,0.0,,,,,,,efficientnetb0,5.330571,,1.0,1.0,1.0,1.0,1.0,0.0,1.0,0.0,0.0,0.0,1.0,0.0,0,2019.0,Supervised,Image Classification,Compound Scaling Method,Average
,34.3,0.0,,0.0,16.0,keras,,efficientnet,ImageNet-1K,0.0,69.0,1000,92.0,0.0,,,,,,,efficientnetb1,7.856239,,1.0,1.0,1.0,1.0,1.0,0.0,1.0,0.0,0.0,0.0,1.0,0.0,0,2019.0,Supervised,Image Classification,Compound Scaling Method,Average
,34.3,0.0,,0.0,16.0,keras,,efficientnet,ImageNet-1K,0.0,69.0,1000,92.0,0.0,,,,,,,efficientnetb2,9.177569,,1.0,1.0,1.0,1.0,1.0,0.0,1.0,0.0,0.0,0.0,1.0,0.0,0,2019.0,Supervised,Image Classification,Compound Scaling Method,Average
,38.8,0.0,,0.0,19.0,keras,,efficientnet,ImageNet-1K,0.0,78.0,1000,104.0,0.0,,,,,,,efficientnetb3,12.320535,,1.0,1.0,1.0,1.0,1.0,0.0,1.0,0.0,0.0,0.0,1.0,0.0,0,2019.0,Supervised,Image Classification,Compound Scaling Method,Average
,47.8,0.0,,0.0,25.0,keras,,efficientnet,ImageNet-1K,0.0,96.0,1000,128.0,0.0,,,,,,,efficientnetb4,19.466823,,1.0,1.0,1.0,1.0,1.0,0.0,1.0,0.0,0.0,0.0,1.0,0.0,0,2019.0,Supervised,Image Classification,Compound Scaling Method,Average
,58.0,0.0,,0.0,32.0,keras,,efficientnet,ImageNet-1K,0.0,116.0,1000,155.0,0.0,,,,,,,efficientnetb5,30.562527,,1.0,1.0,1.0,1.0,1.0,0.0,1.0,0.0,0.0,0.0,1.0,0.0,0,2019.0,Supervised,Image Classification,Compound Scaling Method,Average
,67.0,0.0,,0.0,38.0,keras,,efficientnet,ImageNet-1K,0.0,134.0,1000,179.0,0.0,,,,,,,efficientnetb6,43.265143,,1.0,1.0,1.0,1.0,1.0,0.0,1.0,0.0,0.0,0.0,1.0,0.0,0,2019.0,Supervised,Image Classification,Compound Scaling Method,Average
,81.7,0.0,,0.0,48.0,keras,,efficientnet,ImageNet-1K,0.0,163.0,1000,218.0,0.0,,,,,,,efficientnetb7,66.658687,,1.0,1.0,1.0,1.0,1.0,0.0,1.0,0.0,0.0,0.0,1.0,0.0,0,2019.0,Supervised,Image Classification,Compound Scaling Method,Average
,27.3,0.0,,0.0,15.0,keras,,efficientnetv2,ImageNet-1K,0.0,59.0,1000,75.0,0.0,,,,,,,efficientnetv2-b0,7.200312,,1.0,1.0,1.0,1.0,0.0,0.0,1.0,0.0,0.0,0.0,1.0,0.0,0,2021.0,Supervised,Image Classification,Training-aware Optimizations,"Max, Average"
,33.7,0.0,,0.0,21.0,keras,,efficientnetv2,ImageNet-1K,0.0,73.0,1000,92.0,0.0,,,,,,,efficientnetv2-b1,8.212124,,1.0,1.0,1.0,1.0,0.0,0.0,1.0,0.0,0.0,0.0,1.0,0.0,0,2021.0,Supervised,Image Classification,Training-aware Optimizations,"Max, Average"
,35.2,0.0,,0.0,22.0,keras,,efficientnetv2,ImageNet-1K,0.0,76.0,1000,96.0,0.0,,,,,,,efficientnetv2-b2,10.178374,,1.0,1.0,1.0,1.0,0.0,0.0,1.0,0.0,0.0,0.0,1.0,0.0,0,2021.0,Supervised,Image Classification,Training-aware Optimizations,"Max, Average"
,41.2,0.0,,0.0,26.0,keras,,efficientnetv2,ImageNet-1K,0.0,88.0,1000,112.0,0.0,,,,,,,efficientnetv2-b3,14.467622,,1.0,1.0,1.0,1.0,0.0,0.0,1.0,0.0,0.0,0.0,1.0,0.0,0,2021.0,Supervised,Image Classification,Training-aware Optimizations,"Max, Average"
,103.1,0.0,,0.0,73.0,keras,,efficientnetv2,ImageNet-1K,0.0,217.0,1000,278.0,0.0,,,,,,,efficientnetv2-l,119.027848,,1.0,1.0,1.0,1.0,0.0,0.0,1.0,0.0,0.0,0.0,1.0,0.0,0,2021.0,Supervised,Image Classification,Training-aware Optimizations,"Max, Average"
,74.3,0.0,,0.0,51.0,keras,,efficientnetv2,ImageNet-1K,0.0,157.0,1000,201.0,0.0,,,,,,,efficientnetv2-m,54.431388,,1.0,1.0,1.0,1.0,0.0,0.0,1.0,0.0,0.0,0.0,1.0,0.0,0,2021.0,Supervised,Image Classification,Training-aware Optimizations,"Max, Average"
,51.6,0.0,,0.0,35.0,keras,,efficientnetv2,ImageNet-1K,0.0,110.0,1000,140.0,0.0,,,,,,,efficientnetv2-s,21.61236,,1.0,1.0,1.0,1.0,0.0,0.0,1.0,0.0,0.0,0.0,1.0,0.0,0,2021.0,Supervised,Image Classification,Training-aware Optimizations,"Max, Average"
,9.1,0.0,,0.0,0.0,keras,,mobilenet,ImageNet-1K,0.0,27.0,1000,15.0,0.0,,,,,,,mobilenet,4.253864,,0.0,1.0,0.0,1.0,0.0,0.0,1.0,0.0,0.0,0.0,1.0,0.0,0,2017.0,Supervised,"Image Classification, Object Detection",Efficiency on Mobile Devices,Average
,15.6,0.0,,0.0,10.0,keras,,mobilenet,ImageNet-1K,0.0,52.0,1000,35.0,0.0,,,,,,,mobilenet_v2,3.538984,,1.0,1.0,0.0,1.0,0.0,0.0,1.0,0.0,0.0,0.0,1.0,0.0,0,2017.0,Supervised,"Image Classification, Object Detection",Efficiency on Mobile Devices,Average
,104.1,0.0,,0.0,110.0,keras,,nasnet,ImageNet-1K,78.0,264.0,1000,48.0,0.0,,,,,,,NASNet_large,88.949818,,1.0,1.0,1.0,1.0,0.0,0.0,1.0,0.0,0.0,0.0,1.0,0.0,0,2017.0,Supervised,"Image Classification, Object Detection",Neural Architecture Search,"Max, Average"
,77.1,0.0,,0.0,80.0,keras,,nasnet,ImageNet-1K,60.0,192.0,1000,36.0,0.0,,,,,,,NASNet_mobile,5.326716,,1.0,1.0,1.0,1.0,0.0,0.0,1.0,0.0,0.0,0.0,1.0,0.0,0,2017.0,Supervised,"Image Classification, Object Detection",Neural Architecture Search,"Max, Average"
,14.5,0.0,,0.0,0.0,keras,,regnetx,ImageNet-1K,0.0,44.0,1000,44.0,0.0,,,,,,,regnetx002,2.70564,,1.0,1.0,1.0,1.0,1.0,0.0,1.0,0.0,0.0,0.0,1.0,0.0,0,2020.0,Supervised,Image Classification,Systematic Network Design No Squeeze Excitation,Average
,23.5,0.0,,0.0,0.0,keras,,regnetx,ImageNet-1K,0.0,71.0,1000,71.0,0.0,,,,,,,regnetx004,5.194184,,1.0,1.0,1.0,1.0,1.0,0.0,1.0,0.0,0.0,0.0,1.0,0.0,0,2020.0,Supervised,Image Classification,Systematic Network Design No Squeeze Excitation,Average
,17.5,0.0,,0.0,0.0,keras,,regnetx,ImageNet-1K,0.0,53.0,1000,53.0,0.0,,,,,,,regnetx006,6.22932,,1.0,1.0,1.0,1.0,1.0,0.0,1.0,0.0,0.0,0.0,1.0,0.0,0,2020.0,Supervised,Image Classification,Systematic Network Design No Squeeze Excitation,Average
,17.5,0.0,,0.0,0.0,keras,,regnetx,ImageNet-1K,0.0,53.0,1000,53.0,0.0,,,,,,,regnetx008,7.296968,,1.0,1.0,1.0,1.0,1.0,0.0,1.0,0.0,0.0,0.0,1.0,0.0,0,2020.0,Supervised,Image Classification,Systematic Network Design No Squeeze Excitation,Average
,19.5,0.0,,0.0,0.0,keras,,regnetx,ImageNet-1K,0.0,59.0,1000,59.0,0.0,,,,,,,regnetx016,9.23364,,1.0,1.0,1.0,1.0,1.0,0.0,1.0,0.0,0.0,0.0,1.0,0.0,0,2020.0,Supervised,Image Classification,Systematic Network Design No Squeeze Excitation,Average
,26.5,0.0,,0.0,0.0,keras,,regnetx,ImageNet-1K,0.0,80.0,1000,80.0,0.0,,,,,,,regnetx032,15.359112,,1.0,1.0,1.0,1.0,1.0,0.0,1.0,0.0,0.0,0.0,1.0,0.0,0,2020.0,Supervised,Image Classification,Systematic Network Design No Squeeze Excitation,Average
,24.5,0.0,,0.0,0.0,keras,,regnetx,ImageNet-1K,0.0,74.0,1000,74.0,0.0,,,,,,,regnetx040,22.194312,,1.0,1.0,1.0,1.0,1.0,0.0,1.0,0.0,0.0,0.0,1.0,0.0,0,2020.0,Supervised,Image Classification,Systematic Network Design No Squeeze Excitation,Average
,18.5,0.0,,0.0,0.0,keras,,regnetx,ImageNet-1K,0.0,56.0,1000,56.0,0.0,,,,,,,regnetx064,26.283464,,1.0,1.0,1.0,1.0,1.0,0.0,1.0,0.0,0.0,0.0,1.0,0.0,0,2020.0,Supervised,Image Classification,Systematic Network Design No Squeeze Excitation,Average
,24.5,0.0,,0.0,0.0,keras,,regnetx,ImageNet-1K,0.0,74.0,1000,74.0,0.0,,,,,,,regnetx080,39.663112,,1.0,1.0,1.0,1.0,1.0,0.0,1.0,0.0,0.0,0.0,1.0,0.0,0,2020.0,Supervised,Image Classification,Systematic Network Design No Squeeze Excitation,Average
,20.5,0.0,,0.0,0.0,keras,,regnetx,ImageNet-1K,0.0,62.0,1000,62.0,0.0,,,,,,,regnetx120,46.20244,,1.0,1.0,1.0,1.0,1.0,0.0,1.0,0.0,0.0,0.0,1.0,0.0,0,2020.0,Supervised,Image Classification,Systematic Network Design No Squeeze Excitation,Average
,23.5,0.0,,0.0,0.0,keras,,regnetx,ImageNet-1K,0.0,71.0,1000,71.0,0.0,,,,,,,regnetx160,54.389704,,1.0,1.0,1.0,1.0,1.0,0.0,1.0,0.0,0.0,0.0,1.0,0.0,0,2020.0,Supervised,Image Classification,Systematic Network Design No Squeeze Excitation,Average
,24.5,0.0,,0.0,0.0,keras,,regnetx,ImageNet-1K,0.0,74.0,1000,74.0,0.0,,,,,,,regnetx320,107.973576,,1.0,1.0,1.0,1.0,1.0,0.0,1.0,0.0,0.0,0.0,1.0,0.0,0,2020.0,Supervised,Image Classification,Systematic Network Design No Squeeze Excitation,Average
,19.7,0.0,,0.0,0.0,keras,,regnety,ImageNet-1K,0.0,44.0,1000,70.0,0.0,,,,,,,regnety002,3.183844,,1.0,1.0,1.0,1.0,1.0,0.0,1.0,0.0,0.0,0.0,0.0,0.0,SiLU,2020.0,Supervised,Image Classification,Regnet With Squeeze Excitation,Average
,23.9,0.0,,0.0,0.0,keras,,regnety,ImageNet-1K,0.0,53.0,1000,85.0,0.0,,,,,,,regnety004,4.371296,,1.0,1.0,1.0,1.0,1.0,0.0,1.0,0.0,0.0,0.0,0.0,0.0,SiLU,2020.0,Supervised,Image Classification,Regnet With Squeeze Excitation,Average
,22.5,0.0,,0.0,0.0,keras,,regnety,ImageNet-1K,0.0,50.0,1000,80.0,0.0,,,,,,,regnety006,6.08492,,1.0,1.0,1.0,1.0,1.0,0.0,1.0,0.0,0.0,0.0,0.0,0.0,SiLU,2020.0,Supervised,Image Classification,Regnet With Squeeze Excitation,Average
,21.1,0.0,,0.0,0.0,keras,,regnety,ImageNet-1K,0.0,47.0,1000,75.0,0.0,,,,,,,regnety008,6.293056,,1.0,1.0,1.0,1.0,1.0,0.0,1.0,0.0,0.0,0.0,0.0,0.0,SiLU,2020.0,Supervised,Image Classification,Regnet With Squeeze Excitation,Average
,39.3,0.0,,0.0,0.0,keras,,regnety,ImageNet-1K,0.0,86.0,1000,140.0,0.0,,,,,,,regnety016,11.255102,,1.0,1.0,1.0,1.0,1.0,0.0,1.0,0.0,0.0,0.0,0.0,0.0,SiLU,2020.0,Supervised,Image Classification,Regnet With Squeeze Excitation,Average
,30.9,0.0,,0.0,0.0,keras,,regnety,ImageNet-1K,0.0,68.0,1000,110.0,0.0,,,,,,,regnety032,19.502498,,1.0,1.0,1.0,1.0,1.0,0.0,1.0,0.0,0.0,0.0,0.0,0.0,SiLU,2020.0,Supervised,Image Classification,Regnet With Squeeze Excitation,Average
,32.3,0.0,,0.0,0.0,keras,,regnety,ImageNet-1K,0.0,71.0,1000,115.0,0.0,,,,,,,regnety040,20.708928,,1.0,1.0,1.0,1.0,1.0,0.0,1.0,0.0,0.0,0.0,0.0,0.0,SiLU,2020.0,Supervised,Image Classification,Regnet With Squeeze Excitation,Average
,36.5,0.0,,0.0,0.0,keras,,regnety,ImageNet-1K,0.0,80.0,1000,130.0,0.0,,,,,,,regnety064,30.665684,,1.0,1.0,1.0,1.0,1.0,0.0,1.0,0.0,0.0,0.0,0.0,0.0,SiLU,2020.0,Supervised,Image Classification,Regnet With Squeeze Excitation,Average
,25.3,0.0,,0.0,0.0,keras,,regnety,ImageNet-1K,0.0,56.0,1000,90.0,0.0,,,,,,,regnety080,39.265812,,1.0,1.0,1.0,1.0,1.0,0.0,1.0,0.0,0.0,0.0,0.0,0.0,SiLU,2020.0,Supervised,Image Classification,Regnet With Squeeze Excitation,Average
,28.1,0.0,,0.0,0.0,keras,,regnety,ImageNet-1K,0.0,62.0,1000,100.0,0.0,,,,,,,regnety120,51.918928,,1.0,1.0,1.0,1.0,1.0,0.0,1.0,0.0,0.0,0.0,0.0,0.0,SiLU,2020.0,Supervised,Image Classification,Regnet With Squeeze Excitation,Average
,26.7,0.0,,0.0,0.0,keras,,regnety,ImageNet-1K,0.0,59.0,1000,95.0,0.0,,,,,,,regnety160,83.712956,,1.0,1.0,1.0,1.0,1.0,0.0,1.0,0.0,0.0,0.0,0.0,0.0,SiLU,2020.0,Supervised,Image Classification,Regnet With Squeeze Excitation,Average
,29.5,0.0,,0.0,0.0,keras,,regnety,ImageNet-1K,0.0,65.0,1000,105.0,0.0,,,,,,,regnety320,145.205058,,1.0,1.0,1.0,1.0,1.0,0.0,1.0,0.0,0.0,0.0,0.0,0.0,SiLU,2020.0,Supervised,Image Classification,Regnet With Squeeze Excitation,Average
,52.9,0.0,,0.0,33.0,keras,,resnet,ImageNet-1K,3.0,107.0,1000,173.0,0.0,,,,,,,resnet-rs-101,63.724296,,1.0,1.0,1.0,1.0,1.0,0.0,1.0,0.0,0.0,0.0,1.0,0.0,0,2015.0,Supervised,"Image Classification, Object Detection, Image Segmentation",Deep Residual Learning for Image Recognition,"Max, Average"
,78.4,0.0,,0.0,50.0,keras,,resnet,ImageNet-1K,3.0,158.0,1000,258.0,0.0,,,,,,,resnet-rs-152,86.773256,,1.0,1.0,1.0,1.0,1.0,0.0,1.0,0.0,0.0,0.0,1.0,0.0,0,2015.0,Supervised,"Image Classification, Object Detection, Image Segmentation",Deep Residual Learning for Image Recognition,"Max, Average"
,109.0,0.0,,0.0,66.0,keras,,resnet,ImageNet-1K,3.0,206.0,1000,338.0,0.0,,,,,,,resnet-rs-200,93.386248,,1.0,1.0,1.0,1.0,1.0,0.0,1.0,0.0,0.0,0.0,1.0,0.0,0,2015.0,Supervised,"Image Classification, Object Detection, Image Segmentation",Deep Residual Learning for Image Recognition,"Max, Average"
,147.4,0.0,,0.0,90.0,keras,,resnet,ImageNet-1K,3.0,278.0,1000,458.0,0.0,,,,,,,resnet-rs-270,130.10452,,1.0,1.0,1.0,1.0,1.0,0.0,1.0,0.0,0.0,0.0,1.0,0.0,0,2015.0,Supervised,"Image Classification, Object Detection, Image Segmentation",Deep Residual Learning for Image Recognition,"Max, Average"
,189.0,0.0,,0.0,116.0,keras,,resnet,ImageNet-1K,3.0,356.0,1000,588.0,0.0,,,,,,,resnet-rs-350,164.26836,,1.0,1.0,1.0,1.0,1.0,0.0,1.0,0.0,0.0,0.0,1.0,0.0,0,2015.0,Supervised,"Image Classification, Object Detection, Image Segmentation",Deep Residual Learning for Image Recognition,"Max, Average"
,225.8,0.0,,0.0,139.0,keras,,resnet,ImageNet-1K,3.0,425.0,1000,703.0,0.0,,,,,,,resnet-rs-420,192.262216,,1.0,1.0,1.0,1.0,1.0,0.0,1.0,0.0,0.0,0.0,1.0,0.0,0,2015.0,Supervised,"Image Classification, Object Detection, Image Segmentation",Deep Residual Learning for Image Recognition,"Max, Average"
,27.4,0.0,,0.0,16.0,keras,,resnet,ImageNet-1K,3.0,56.0,1000,88.0,0.0,,,,,,,resnet-rs-50,35.745288,,1.0,1.0,1.0,1.0,1.0,0.0,1.0,0.0,0.0,0.0,1.0,0.0,0,2015.0,Supervised,"Image Classification, Object Detection, Image Segmentation",Deep Residual Learning for Image Recognition,"Max, Average"
,37.9,0.0,,0.0,33.0,keras,,resnet,ImageNet-1K,4.0,100.0,1000,104.0,0.0,,,,,,,resnet101v2,44.67556,,1.0,1.0,1.0,1.0,1.0,0.0,1.0,0.0,0.0,0.0,1.0,0.0,0,2015.0,Supervised,"Image Classification, Object Detection, Image Segmentation",Deep Residual Learning for Image Recognition,"Max, Average"
,56.6,0.0,,0.0,50.0,keras,,resnet,ImageNet-1K,4.0,151.0,1000,155.0,0.0,,,,,,,resnet152v2,60.380648,,1.0,1.0,1.0,1.0,1.0,0.0,1.0,0.0,0.0,0.0,1.0,0.0,0,2015.0,Supervised,"Image Classification, Object Detection, Image Segmentation",Deep Residual Learning for Image Recognition,"Max, Average"
,19.2,0.0,,0.0,16.0,keras,,resnet,ImageNet-1K,4.0,49.0,1000,53.0,0.0,,,,,,,resnet50v2,25.6138,,1.0,1.0,1.0,1.0,1.0,0.0,1.0,0.0,0.0,0.0,1.0,0.0,0,2015.0,Supervised,"Image Classification, Object Detection, Image Segmentation",Deep Residual Learning for Image Recognition,"Max, Average"
,7.3,0.0,,0.0,0.0,pytorch,,unet,https://www.kaggle.com/datasets/mateuszbuda/lgg-mri-segmentation,4.0,18.0,1,19.0,0.0,,1,,,,1,brain-segmentation-pytorch,7.763041,conv,0.0,1.0,0.0,0.0,0.0,0.0,1.0,0.0,0.0,0.0,1.0,0.0,0,2019.0,Supervised,Image Segmentation,U-shaped Architecture for Segmentation,Max
,0.2,,,,,tfhub,,vgg,COCO,,,512,,,,,,,,,vgg19-block5-conv2-unpooling-encoder,15.304768,,,1.0,0.0,1.0,0.0,0.0,0.0,0.0,0.0,0.0,1.0,0.0,0,2014.0,Supervised,Image Classification,Deep Architecture with 11 Layers,Max
,0.2,,,,,tfhub,,vgg,COCO,,,512,,,,,,,,,vgg19-block4-conv2-unpooling-encoder,5.865536,,,1.0,0.0,1.0,0.0,0.0,0.0,0.0,0.0,0.0,1.0,0.0,0,2014.0,Supervised,Image Classification,Deep Architecture with 11 Layers,Max
,0.1,,,,,tfhub,,vgg,COCO,,,512,,,,,,,,,vgg19-block1-conv2-unpooling-encoder,0.03872,,,1.0,0.0,1.0,0.0,0.0,0.0,0.0,0.0,0.0,1.0,0.0,0,2014.0,Supervised,Image Classification,Deep Architecture with 11 Layers,Max
2049000.0,30.0,0.0,0.875,0.0,0.0,timm,928.0,inception_v3,ImageNet-1K,2.0,94.0,1000,94.0,0.0,5280.0,,adv_inception_v3,6076800.0,,,adv_inception_v3,23.834568,,1.0,1.0,0.0,1.0,0.0,0.0,0.0,0.0,0.0,0.0,1.0,0.0,0,2015.0,Supervised,Image Classification,"Label Smoothing, Factorized Convolutions","Max, Average"
2049000.0,41.4,0.0,0.9,8.0,0.0,timm,26232.0,resnext,ImageNet-1K,1.0,63.0,1000,79.0,0.0,8619456.0,,bat_resnext26ts,8619456.0,,,bat_resnext26ts,10.7312,,1.0,1.0,1.0,1.0,1.0,0.0,1.0,0.0,0.0,0.0,1.0,0.0,0,2017.0,Supervised,Image Classification,Grouped Convolutions,"Max, Average"
769000.0,18.9,12.0,0.9,0.0,0.0,timm,590592.0,beit,ImageNet-1K,0.0,25.0,1000,1.0,0.0,1536.0,,beit_base_patch16_224,85026816.0,,,beit_base_patch16_224,86.530984,,49.0,0.0,0.0,1.0,1.0,0.0,1.0,1.0,1.0,1.0,0.0,1.0,0,2022.0,Self-Supervised,"Image Classification, Image Segmentation",Self-supervised Learning for Images,Average
769000.0,18.9,12.0,1.0,0.0,0.0,timm,590592.0,beit,ImageNet-1K,0.0,25.0,1000,1.0,0.0,1536.0,,beit_base_patch16_384,85026816.0,,,beit_base_patch16_384,86.744104,,49.0,0.0,0.0,1.0,1.0,0.0,1.0,1.0,1.0,1.0,0.0,1.0,0,2022.0,Self-Supervised,"Image Classification, Image Segmentation",Self-supervised Learning for Images,Average
1025000.0,36.9,24.0,0.9,0.0,0.0,timm,787456.0,beit,ImageNet-1K,0.0,49.0,1000,1.0,0.0,2048.0,,beit_large_patch16_224,302235648.0,,,beit_large_patch16_224,304.430568,,97.0,0.0,0.0,1.0,1.0,0.0,1.0,1.0,1.0,1.0,0.0,1.0,0,2022.0,Self-Supervised,"Image Classification, Image Segmentation",Self-supervised Learning for Images,Average
1025000.0,36.9,24.0,1.0,0.0,0.0,timm,787456.0,beit,ImageNet-1K,0.0,49.0,1000,1.0,0.0,2048.0,,beit_large_patch16_384,302235648.0,,,beit_large_patch16_384,304.998888,,97.0,0.0,0.0,1.0,1.0,0.0,1.0,1.0,1.0,1.0,0.0,1.0,0,2022.0,Self-Supervised,"Image Classification, Image Segmentation",Self-supervised Learning for Images,Average
1025000.0,36.9,24.0,1.0,0.0,0.0,timm,787456.0,beit,ImageNet-1K,0.0,49.0,1000,1.0,0.0,2048.0,,beit_large_patch16_512,302235648.0,,,beit_large_patch16_512,305.674728,,97.0,0.0,0.0,1.0,1.0,0.0,1.0,1.0,1.0,1.0,0.0,1.0,0,2022.0,Self-Supervised,"Image Classification, Image Segmentation",Self-supervised Learning for Images,Average
769000.0,18.9,12.0,0.9,0.0,0.0,timm,590592.0,beitv2,ImageNet-1K,0.0,25.0,1000,1.0,0.0,1536.0,,beitv2_base_patch16_224,85026816.0,,,beitv2_base_patch16_224,86.530984,,49.0,0.0,0.0,1.0,0.0,0.0,1.0,1.0,1.0,1.0,0.0,1.0,0,2022.0,Self-Supervised,"Image Classification, Image Segmentation",Improvements in Self-Supervised Learning,Class Token
1025000.0,36.9,24.0,0.95,0.0,0.0,timm,787456.0,beitv2,ImageNet-1K,0.0,49.0,1000,1.0,0.0,2048.0,,beitv2_large_patch16_224,302235648.0,,,beitv2_large_patch16_224,304.430568,,97.0,0.0,0.0,1.0,0.0,0.0,1.0,1.0,1.0,1.0,0.0,1.0,0,2022.0,Self-Supervised,"Image Classification, Image Segmentation",Improvements in Self-Supervised Learning,Class Token
2049000.0,22.2,0.0,0.95,8.0,0.0,timm,26232.0,botnet,ImageNet-1K,2.0,31.0,1000,31.0,0.0,10382720.0,,botnet26t_256,10382720.0,,,botnet26t_256,12.488672,,1.0,1.0,1.0,1.0,1.0,0.0,1.0,1.0,0.0,1.0,1.0,1.0,0,2021.0,Supervised,"Image Classification, Object Detection, Image Segmentation",Transformer Blocks in ResNet,Average
769000.0,65.5,0.0,1.0,0.0,0.0,timm,590592.0,cait,ImageNet-1K,0.0,77.0,1000,1.0,0.0,1536.0,,cait_m36_384,255182976.0,,,cait_m36_384,271.221352,,229.0,0.0,0.0,1.0,0.0,0.0,1.0,1.0,1.0,1.0,0.0,1.0,0,2021.0,Supervised,"Image Classification, Image Segmentation",Class Attention Mechanism,Average
769000.0,85.9,0.0,1.0,0.0,0.0,timm,590592.0,cait,ImageNet-1K,0.0,101.0,1000,1.0,0.0,1536.0,,cait_m48_448,340243968.0,,,cait_m48_448,356.46052,,301.0,0.0,0.0,1.0,0.0,0.0,1.0,1.0,1.0,1.0,0.0,1.0,0,2021.0,Supervised,"Image Classification, Image Segmentation",Class Attention Mechanism,Average
385000.0,45.1,0.0,1.0,0.0,0.0,timm,295296.0,cait,ImageNet-1K,0.0,53.0,1000,1.0,0.0,768.0,,cait_s24_224,42590592.0,,,cait_s24_224,46.9162,,157.0,0.0,0.0,1.0,0.0,0.0,1.0,1.0,1.0,1.0,0.0,1.0,0,2021.0,Supervised,"Image Classification, Image Segmentation",Class Attention Mechanism,Average
385000.0,45.1,0.0,1.0,0.0,0.0,timm,295296.0,cait,ImageNet-1K,0.0,53.0,1000,1.0,0.0,768.0,,cait_s24_384,42590592.0,,,cait_s24_384,47.06212,,157.0,0.0,0.0,1.0,0.0,0.0,1.0,1.0,1.0,1.0,0.0,1.0,0,2021.0,Supervised,"Image Classification, Image Segmentation",Class Attention Mechanism,Average
385000.0,65.5,0.0,1.0,0.0,0.0,timm,295296.0,cait,ImageNet-1K,0.0,77.0,1000,1.0,0.0,768.0,,cait_s36_384,63885888.0,,,cait_s36_384,68.366632,,229.0,0.0,0.0,1.0,0.0,0.0,1.0,1.0,1.0,1.0,0.0,1.0,0,2021.0,Supervised,"Image Classification, Image Segmentation",Class Attention Mechanism,Average
289000.0,45.1,0.0,1.0,0.0,0.0,timm,221472.0,cait,ImageNet-1K,0.0,53.0,1000,1.0,0.0,576.0,,cait_xs24_384,23979744.0,,,cait_xs24_384,26.670088,,157.0,0.0,0.0,1.0,0.0,0.0,1.0,1.0,1.0,1.0,0.0,1.0,0,2021.0,Supervised,"Image Classification, Image Segmentation",Class Attention Mechanism,Average
193000.0,45.1,0.0,1.0,0.0,0.0,timm,147648.0,cait,ImageNet-1K,0.0,53.0,1000,1.0,0.0,384.0,,cait_xxs24_224,10677696.0,,,cait_xxs24_224,11.956264,,157.0,0.0,0.0,1.0,0.0,0.0,1.0,1.0,1.0,1.0,0.0,1.0,0,2021.0,Supervised,"Image Classification, Image Segmentation",Class Attention Mechanism,Average
193000.0,45.1,0.0,1.0,0.0,0.0,timm,147648.0,cait,ImageNet-1K,0.0,53.0,1000,1.0,0.0,384.0,,cait_xxs24_384,10677696.0,,,cait_xxs24_384,12.029224,,157.0,0.0,0.0,1.0,0.0,0.0,1.0,1.0,1.0,1.0,0.0,1.0,0,2021.0,Supervised,"Image Classification, Image Segmentation",Class Attention Mechanism,Average
193000.0,65.5,0.0,1.0,0.0,0.0,timm,147648.0,cait,ImageNet-1K,0.0,77.0,1000,1.0,0.0,384.0,,cait_xxs36_224,16016544.0,,,cait_xxs36_224,17.29972,,229.0,0.0,0.0,1.0,0.0,0.0,1.0,1.0,1.0,1.0,0.0,1.0,0,2021.0,Supervised,"Image Classification, Image Segmentation",Class Attention Mechanism,Average
193000.0,65.5,0.0,1.0,0.0,0.0,timm,147648.0,cait,ImageNet-1K,0.0,77.0,1000,1.0,0.0,384.0,,cait_xxs36_384,16016544.0,,,cait_xxs36_384,17.37268,,229.0,0.0,0.0,1.0,0.0,0.0,1.0,1.0,1.0,1.0,0.0,1.0,0,2021.0,Supervised,"Image Classification, Image Segmentation",Class Attention Mechanism,Average
513000.0,16.7,0.0,0.9,0.0,0.0,timm,3264.0,coat,ImageNet-1K,0.0,21.0,1000,20.0,0.0,640.0,,coat_lite_mini,6346752.0,,,coat_lite_mini,11.01156,,33.0,1.0,0.0,1.0,0.0,0.0,1.0,1.0,1.0,1.0,0.0,1.0,0,2021.0,Supervised,"Image Classification, Object Detection, Image Segmentation",Co-Scale and Conv-Attentional Mechanisms,Class Token
513000.0,28.7,0.0,0.9,0.0,0.0,timm,3264.0,coat,ImageNet-1K,0.0,37.0,1000,20.0,0.0,640.0,,coat_lite_small,9520128.0,,,coat_lite_small,19.838504,,65.0,1.0,0.0,1.0,0.0,0.0,1.0,1.0,1.0,1.0,0.0,1.0,0,2021.0,Supervised,"Image Classification, Object Detection, Image Segmentation",Co-Scale and Conv-Attentional Mechanisms,Class Token
321000.0,16.7,0.0,0.9,0.0,0.0,timm,3264.0,coat,ImageNet-1K,0.0,21.0,1000,20.0,0.0,640.0,,coat_lite_tiny,2492160.0,,,coat_lite_tiny,5.72196,,33.0,1.0,0.0,1.0,0.0,0.0,1.0,1.0,1.0,1.0,0.0,1.0,0,2021.0,Supervised,"Image Classification, Object Detection, Image Segmentation",Co-Scale and Conv-Attentional Mechanisms,Class Token
217000.0,34.5,0.0,0.9,0.0,0.0,timm,7752.0,coat,ImageNet-1K,0.0,59.0,1000,20.0,0.0,4.0,,coat_mini,5756832.0,,,coat_mini,10.337004,,81.0,1.0,0.0,1.0,0.0,0.0,1.0,1.0,1.0,1.0,0.0,1.0,0,2021.0,Supervised,"Image Classification, Object Detection, Image Segmentation",Co-Scale and Conv-Attentional Mechanisms,Class Token
153000.0,34.5,0.0,0.9,0.0,0.0,timm,7752.0,coat,ImageNet-1K,0.0,59.0,1000,20.0,0.0,4.0,,coat_tiny,2883744.0,,,coat_tiny,5.49854,,81.0,1.0,0.0,1.0,0.0,0.0,1.0,1.0,1.0,1.0,0.0,1.0,0,2021.0,Supervised,"Image Classification, Object Detection, Image Segmentation",Co-Scale and Conv-Attentional Mechanisms,Class Token
769000.0,33.3,18.0,0.95,0.0,0.0,timm,19360.0,coatnet,ImageNet-1K,8.0,35.0,1000,67.0,0.0,1536.0,,coatnet_0_rw_224,26634146.0,,,coatnet_0_rw_224,27.435562,,1.0,1.0,1.0,1.0,0.0,0.0,1.0,1.0,0.0,1.0,0.0,1.0,0,2021.0,Supervised,Image Classification,Hybrid Convolution and Transformer Architecture,"Max, Average"
769000.0,53.5,32.0,0.95,0.0,0.0,timm,19360.0,coatnet,ImageNet-1K,6.0,58.0,1000,110.0,0.0,1536.0,,coatnet_1_rw_224,40909718.0,,,coatnet_1_rw_224,41.721502,,1.0,1.0,1.0,1.0,0.0,0.0,1.0,1.0,0.0,1.0,0.0,1.0,0,2021.0,Supervised,Image Classification,Hybrid Convolution and Transformer Architecture,"Max, Average"
769000.0,32.9,18.0,0.95,0.0,0.0,timm,19360.0,coatnet,ImageNet-1K,6.0,35.0,1000,67.0,0.0,1536.0,,coatnet_bn_0_rw_224,26634146.0,,,coatnet_bn_0_rw_224,27.435562,,1.0,1.0,1.0,1.0,0.0,0.0,1.0,1.0,0.0,1.0,0.0,1.0,0,2021.0,Supervised,Image Classification,Hybrid Convolution and Transformer Architecture,"Max, Average"
513000.0,37.7,18.0,0.9,0.0,0.0,timm,19360.0,coatnet,ImageNet-1K,8.0,41.0,1000,76.0,0.0,1024.0,,coatnet_nano_rw_224,14596340.0,,,coatnet_nano_rw_224,15.141244,,1.0,1.0,1.0,1.0,0.0,0.0,1.0,1.0,0.0,1.0,0.0,1.0,0,2021.0,Supervised,Image Classification,Hybrid Convolution and Transformer Architecture,"Max, Average"
769000.0,65.1,32.0,0.95,0.0,0.0,timm,19360.0,coatnet,ImageNet-1K,8.0,58.0,1000,110.0,0.0,1536.0,,coatnet_rmlp_1_rw_224,40880198.0,,,coatnet_rmlp_1_rw_224,41.691982,,33.0,1.0,1.0,1.0,0.0,0.0,1.0,1.0,0.0,1.0,0.0,1.0,0,2021.0,Supervised,Image Classification,Hybrid Convolution and Transformer Architecture,"Max, Average"
513000.0,43.6,18.0,0.9,0.0,0.0,timm,19360.0,coatnet,ImageNet-1K,6.0,41.0,1000,76.0,0.0,1024.0,,coatnet_rmlp_nano_rw_224,14600212.0,,,coatnet_rmlp_nano_rw_224,15.145116,,19.0,1.0,1.0,1.0,0.0,0.0,1.0,1.0,0.0,1.0,0.0,1.0,0,2021.0,Supervised,Image Classification,Hybrid Convolution and Transformer Architecture,"Max, Average"
769000.0,20.8,0.0,,0.0,0.0,timm,590592.0,convit,ImageNet-1K,0.0,25.0,1000,1.0,0.0,1536.0,,convit_base,85027456.0,,,convit_base,86.54004,,69.0,1.0,0.0,1.0,0.0,0.0,1.0,1.0,1.0,1.0,0.0,1.0,0,2021.0,Supervised,Image Classification,Combines Convolutions and Transformers,Class Token
433000.0,20.8,0.0,,0.0,0.0,timm,332208.0,convit,ImageNet-1K,0.0,25.0,1000,1.0,0.0,864.0,,convit_small,26926056.0,,,convit_small,27.777322,,69.0,1.0,0.0,1.0,0.0,0.0,1.0,1.0,1.0,1.0,0.0,1.0,0,2021.0,Supervised,Image Classification,Combines Convolutions and Transformers,Class Token
193000.0,20.8,0.0,,0.0,0.0,timm,147648.0,convit,ImageNet-1K,0.0,25.0,1000,1.0,0.0,384.0,,convit_tiny,5331616.0,,,convit_tiny,5.710512,,69.0,1.0,0.0,1.0,0.0,0.0,1.0,1.0,1.0,1.0,0.0,1.0,0,2021.0,Supervised,Image Classification,Combines Convolutions and Transformers,Class Token
769000.0,29.8,0.0,0.96,0.0,0.0,timm,115200.0,convmixer,ImageNet-1K,0.0,65.0,1000,65.0,0.0,20226048.0,,convmixer_768_32,20226048.0,,,convmixer_768_32,21.110248,,1.0,1.0,0.0,1.0,0.0,0.0,1.0,0.0,0.0,0.0,0.0,1.0,0,2022.0,Supervised,Image Classification,Mixes Per-Patch Fully Connected and Depthwise Convolutions,Average
1025000.0,19.0,0.0,0.96,0.0,0.0,timm,605184.0,convmixer,ImageNet-1K,0.0,41.0,1000,41.0,0.0,22753280.0,,convmixer_1024_20_ks9_p14,22753280.0,,,convmixer_1024_20_ks9_p14,24.383464,,1.0,1.0,0.0,1.0,0.0,0.0,1.0,0.0,0.0,0.0,0.0,1.0,0,2022.0,Supervised,Image Classification,Mixes Per-Patch Fully Connected and Depthwise Convolutions,Average
1537000.0,19.0,0.0,0.96,0.0,0.0,timm,230400.0,convmixer,ImageNet-1K,0.0,41.0,1000,41.0,0.0,49858560.0,,convmixer_1536_20,49858560.0,,,convmixer_1536_20,51.62596,,1.0,1.0,0.0,1.0,0.0,0.0,1.0,0.0,0.0,0.0,0.0,1.0,0,2022.0,Supervised,Image Classification,Mixes Per-Patch Fully Connected and Depthwise Convolutions,Average
321640.0,15.3,0.0,0.875,0.0,0.0,timm,9432.0,convnext,ImageNet-1K,0.0,17.0,1000,41.0,0.0,3370000.0,,convnext_atto_ols,3370000.0,,,convnext_atto_ols,3.702912,,1.0,1.0,1.0,1.0,1.0,0.0,1.0,0.0,0.0,0.0,0.0,1.0,0,2022.0,Supervised,"Image Classification, Object Detection, Image Segmentation",Transformer Design Principles in ConvNet,Average
1027048.0,39.2,0.0,0.875,0.0,0.0,timm,6528.0,convnext,ImageNet-1K,0.0,41.0,1000,40.0,0.0,87539840.0,,convnext_base,87539840.0,,,convnext_base,88.591464,,73.0,1.0,1.0,1.0,1.0,0.0,1.0,0.0,0.0,0.0,0.0,1.0,0,2022.0,Supervised,"Image Classification, Object Detection, Image Segmentation",Transformer Design Principles in ConvNet,Average
1027048.0,39.2,0.0,1.0,0.0,0.0,timm,6528.0,convnext,ImageNet-1K,0.0,41.0,1000,40.0,0.0,87539840.0,,convnext_base_384_in22ft1k,87539840.0,,,convnext_base_384_in22ft1k,88.591464,,73.0,1.0,1.0,1.0,1.0,0.0,1.0,0.0,0.0,0.0,0.0,1.0,0,2022.0,Supervised,"Image Classification, Object Detection, Image Segmentation",Transformer Design Principles in ConvNet,Average
22389073.0,39.2,0.0,0.875,0.0,0.0,timm,6528.0,convnext,ImageNet-21K,0.0,41.0,21841,40.0,0.0,87539840.0,,convnext_base_in22k,87539840.0,,,convnext_base_in22k,109.953489,,73.0,1.0,1.0,1.0,1.0,0.0,1.0,0.0,0.0,0.0,0.0,1.0,0,2022.0,Supervised,"Image Classification, Object Detection, Image Segmentation",Transformer Design Principles in ConvNet,Average
385768.0,15.3,0.0,0.875,0.0,0.0,timm,11184.0,convnext,ImageNet-1K,0.0,17.0,1000,41.0,0.0,4827360.0,,convnext_femto_ols,4827360.0,,,convnext_femto_ols,5.22652,,1.0,1.0,1.0,1.0,1.0,0.0,1.0,0.0,0.0,0.0,0.0,1.0,0,2022.0,Supervised,"Image Classification, Object Detection, Image Segmentation",Transformer Design Principles in ConvNet,Average
1540072.0,39.2,0.0,0.875,0.0,0.0,timm,9792.0,convnext,ImageNet-1K,0.0,41.0,1000,40.0,0.0,196190400.0,,convnext_large,196190400.0,,,convnext_large,197.767336,,73.0,1.0,1.0,1.0,1.0,0.0,1.0,0.0,0.0,0.0,0.0,1.0,0,2022.0,Supervised,"Image Classification, Object Detection, Image Segmentation",Transformer Design Principles in ConvNet,Average
1540072.0,39.2,0.0,1.0,0.0,0.0,timm,9792.0,convnext,ImageNet-1K,0.0,41.0,1000,40.0,0.0,196190400.0,,convnext_large_384_in22ft1k,196190400.0,,,convnext_large_384_in22ft1k,197.767336,,73.0,1.0,1.0,1.0,1.0,0.0,1.0,0.0,0.0,0.0,0.0,1.0,0,2022.0,Supervised,"Image Classification, Object Detection, Image Segmentation",Transformer Design Principles in ConvNet,Average
33572689.0,39.2,0.0,0.875,0.0,0.0,timm,9792.0,convnext,ImageNet-21K,0.0,41.0,21841,40.0,0.0,196190400.0,,convnext_large_in22k,196190400.0,,,convnext_large_in22k,229.799953,,73.0,1.0,1.0,1.0,1.0,0.0,1.0,0.0,0.0,0.0,0.0,1.0,0,2022.0,Supervised,"Image Classification, Object Detection, Image Segmentation",Transformer Design Principles in ConvNet,Average
642280.0,17.3,0.0,0.95,0.0,0.0,timm,60080.0,convnext,ImageNet-1K,0.0,19.0,1000,47.0,0.0,14942880.0,,convnext_nano_ols,14942880.0,,,convnext_nano_ols,15.64956,,1.0,1.0,1.0,1.0,1.0,0.0,1.0,0.0,0.0,0.0,0.0,1.0,0,2022.0,Supervised,"Image Classification, Object Detection, Image Segmentation",Transformer Design Principles in ConvNet,Average
514024.0,15.3,0.0,0.95,0.0,0.0,timm,19520.0,convnext,ImageNet-1K,0.0,17.0,1000,41.0,0.0,8525440.0,,convnext_pico_ols,8525440.0,,,convnext_pico_ols,9.061928,,1.0,1.0,1.0,1.0,1.0,0.0,1.0,0.0,0.0,0.0,0.0,1.0,0,2022.0,Supervised,"Image Classification, Object Detection, Image Segmentation",Transformer Design Principles in ConvNet,Average
770536.0,39.2,0.0,0.875,0.0,0.0,timm,4896.0,convnext,ImageNet-1K,0.0,41.0,1000,40.0,0.0,49434720.0,,convnext_small,49434720.0,,,convnext_small,50.223688,,73.0,1.0,1.0,1.0,1.0,0.0,1.0,0.0,0.0,0.0,0.0,1.0,0,2022.0,Supervised,"Image Classification, Object Detection, Image Segmentation",Transformer Design Principles in ConvNet,Average
770536.0,39.2,0.0,1.0,0.0,0.0,timm,4896.0,convnext,ImageNet-1K,0.0,41.0,1000,40.0,0.0,49434720.0,,convnext_small_384_in22ft1k,49434720.0,,,convnext_small_384_in22ft1k,50.223688,,73.0,1.0,1.0,1.0,1.0,0.0,1.0,0.0,0.0,0.0,0.0,1.0,0,2022.0,Supervised,"Image Classification, Object Detection, Image Segmentation",Transformer Design Principles in ConvNet,Average
16797265.0,39.2,0.0,0.875,0.0,0.0,timm,4896.0,convnext,ImageNet-21K,0.0,41.0,21841,40.0,0.0,49434720.0,,convnext_small_in22k,49434720.0,,,convnext_small_in22k,66.250417,,73.0,1.0,1.0,1.0,1.0,0.0,1.0,0.0,0.0,0.0,0.0,1.0,0,2022.0,Supervised,"Image Classification, Object Detection, Image Segmentation",Transformer Design Principles in ConvNet,Average
770536.0,21.2,0.0,0.875,0.0,0.0,timm,4896.0,convnext,ImageNet-1K,0.0,23.0,1000,22.0,0.0,27807072.0,,convnext_tiny,27807072.0,,,convnext_tiny,28.589128,,37.0,1.0,1.0,1.0,1.0,0.0,1.0,0.0,0.0,0.0,0.0,1.0,0,2022.0,Supervised,"Image Classification, Object Detection, Image Segmentation",Transformer Design Principles in ConvNet,Average
770536.0,21.2,0.0,1.0,0.0,0.0,timm,4896.0,convnext,ImageNet-1K,0.0,23.0,1000,22.0,0.0,27807072.0,,convnext_tiny_384_in22ft1k,27807072.0,,,convnext_tiny_384_in22ft1k,28.589128,,37.0,1.0,1.0,1.0,1.0,0.0,1.0,0.0,0.0,0.0,0.0,1.0,0,2022.0,Supervised,"Image Classification, Object Detection, Image Segmentation",Transformer Design Principles in ConvNet,Average
770536.0,21.2,0.0,0.875,0.0,0.0,timm,4896.0,convnext,ImageNet-1K,0.0,23.0,1000,22.0,0.0,27807072.0,,convnext_tiny_in22ft1k,27807072.0,,,convnext_tiny_in22ft1k,28.589128,,37.0,1.0,1.0,1.0,1.0,0.0,1.0,0.0,0.0,0.0,0.0,1.0,0,2022.0,Supervised,"Image Classification, Object Detection, Image Segmentation",Transformer Design Principles in ConvNet,Average
2053096.0,39.2,0.0,1.0,0.0,0.0,timm,13056.0,convnext,ImageNet-1K,0.0,41.0,1000,40.0,0.0,348094720.0,,convnext_xlarge_384_in22ft1k,348094720.0,,,convnext_xlarge_384_in22ft1k,350.196968,,73.0,1.0,1.0,1.0,1.0,0.0,1.0,0.0,0.0,0.0,0.0,1.0,0,2022.0,Supervised,"Image Classification, Object Detection, Image Segmentation",Transformer Design Principles in ConvNet,Average
386000.0,35.9,24.0,0.875,0.0,0.0,timm,252288.0,crossvit,ImageNet-1K,0.0,44.0,1000,2.0,0.0,768.0,,crossvit_9_240,7812096.0,,,crossvit_9_240,8.553296,,86.0,0.0,0.0,1.0,0.0,0.0,1.0,1.0,1.0,1.0,0.0,1.0,0,2021.0,Supervised,Image Classification,Dual-branch Transformers for Multi-scale Processing,Class Token
386000.0,36.9,24.0,0.875,0.0,0.0,timm,475584.0,crossvit,ImageNet-1K,0.0,44.0,1000,6.0,0.0,768.0,,crossvit_9_dagger_240,7812096.0,,,crossvit_9_dagger_240,8.776592,,86.0,0.0,0.0,1.0,0.0,0.0,1.0,1.0,1.0,1.0,0.0,1.0,0,2021.0,Supervised,Image Classification,Dual-branch Transformers for Multi-scale Processing,Class Token
578000.0,46.7,30.0,0.875,0.0,0.0,timm,378432.0,crossvit,ImageNet-1K,0.0,56.0,1000,2.0,0.0,1152.0,,crossvit_15_240,26417664.0,,,crossvit_15_240,27.528464,,110.0,0.0,0.0,1.0,0.0,0.0,1.0,1.0,1.0,1.0,0.0,1.0,0,2021.0,Supervised,Image Classification,Dual-branch Transformers for Multi-scale Processing,Class Token
578000.0,47.7,30.0,0.875,0.0,0.0,timm,1058976.0,crossvit,ImageNet-1K,0.0,56.0,1000,6.0,0.0,1152.0,,crossvit_15_dagger_240,26417664.0,,,crossvit_15_dagger_240,28.209008,,110.0,0.0,0.0,1.0,0.0,0.0,1.0,1.0,1.0,1.0,0.0,1.0,0,2021.0,Supervised,Image Classification,Dual-branch Transformers for Multi-scale Processing,Class Token
578000.0,47.7,30.0,1.0,0.0,0.0,timm,1058976.0,crossvit,ImageNet-1K,0.0,56.0,1000,6.0,0.0,1152.0,,crossvit_15_dagger_408,26417664.0,,,crossvit_15_dagger_408,28.50008,,110.0,0.0,0.0,1.0,0.0,0.0,1.0,1.0,1.0,1.0,0.0,1.0,0,2021.0,Supervised,Image Classification,Dual-branch Transformers for Multi-scale Processing,Class Token
674000.0,52.1,33.0,0.875,0.0,0.0,timm,441504.0,crossvit,ImageNet-1K,0.0,62.0,1000,2.0,0.0,1344.0,,crossvit_18_240,41975808.0,,,crossvit_18_240,43.271408,,122.0,0.0,0.0,1.0,0.0,0.0,1.0,1.0,1.0,1.0,0.0,1.0,0,2021.0,Supervised,Image Classification,Dual-branch Transformers for Multi-scale Processing,Class Token
674000.0,53.1,33.0,0.875,0.0,0.0,timm,1437072.0,crossvit,ImageNet-1K,0.0,62.0,1000,6.0,0.0,1344.0,,crossvit_18_dagger_240,41975808.0,,,crossvit_18_dagger_240,44.266976,,122.0,0.0,0.0,1.0,0.0,0.0,1.0,1.0,1.0,1.0,0.0,1.0,0,2021.0,Supervised,Image Classification,Dual-branch Transformers for Multi-scale Processing,Class Token
674000.0,53.1,33.0,1.0,0.0,0.0,timm,1437072.0,crossvit,ImageNet-1K,0.0,62.0,1000,6.0,0.0,1344.0,,crossvit_18_dagger_408,41975808.0,,,crossvit_18_dagger_408,44.60656,,122.0,0.0,0.0,1.0,0.0,0.0,1.0,1.0,1.0,1.0,0.0,1.0,0,2021.0,Supervised,Image Classification,Dual-branch Transformers for Multi-scale Processing,Class Token
1154000.0,41.3,27.0,0.875,0.0,0.0,timm,756864.0,crossvit,ImageNet-1K,0.0,50.0,1000,2.0,0.0,2304.0,,crossvit_base_240,102805632.0,,,crossvit_base_240,105.025232,,98.0,0.0,0.0,1.0,0.0,0.0,1.0,1.0,1.0,1.0,0.0,1.0,0,2021.0,Supervised,Image Classification,Dual-branch Transformers for Multi-scale Processing,Class Token
578000.0,41.3,27.0,0.875,0.0,0.0,timm,378432.0,crossvit,ImageNet-1K,0.0,50.0,1000,2.0,0.0,1152.0,,crossvit_small_240,25745472.0,,,crossvit_small_240,26.856272,,98.0,0.0,0.0,1.0,0.0,0.0,1.0,1.0,1.0,1.0,0.0,1.0,0,2021.0,Supervised,Image Classification,Dual-branch Transformers for Multi-scale Processing,Class Token
290000.0,41.3,27.0,0.875,0.0,0.0,timm,189216.0,crossvit,ImageNet-1K,0.0,50.0,1000,2.0,0.0,576.0,,crossvit_tiny_240,6458400.0,,,crossvit_tiny_240,7.0148,,98.0,0.0,0.0,1.0,0.0,0.0,1.0,1.0,1.0,1.0,0.0,1.0,0,2021.0,Supervised,Image Classification,Dual-branch Transformers for Multi-scale Processing,Class Token
1025000.0,35.9,0.0,0.887,0.0,0.0,timm,7040.0,darknet,ImageNet-1K,0.0,55.0,1000,55.0,0.0,20090880.0,,cs3darknet_focus_l,20090880.0,,,cs3darknet_focus_l,21.15172,,1.0,1.0,1.0,1.0,0.0,0.0,1.0,0.0,0.0,0.0,1.0,0.0,0,2018.0,Supervised,Object Detection,Efficiency and Performance in Object Detection,"Max, Average"
769000.0,26.8,0.0,0.887,0.0,0.0,timm,5280.0,darknet,ImageNet-1K,0.0,41.0,1000,41.0,0.0,8513280.0,,cs3darknet_focus_m,8513280.0,,,cs3darknet_focus_m,9.30436,,1.0,1.0,1.0,1.0,0.0,0.0,1.0,0.0,0.0,0.0,1.0,0.0,0,2018.0,Supervised,Object Detection,Efficiency and Performance in Object Detection,"Max, Average"
1025000.0,36.4,0.0,0.887,0.0,0.0,timm,19488.0,darknet,ImageNet-1K,0.0,56.0,1000,56.0,0.0,20090880.0,,cs3darknet_l,20090880.0,,,cs3darknet_l,21.164168,,1.0,1.0,1.0,1.0,0.0,0.0,1.0,0.0,0.0,0.0,1.0,0.0,0,2018.0,Supervised,Object Detection,Efficiency and Performance in Object Detection,"Max, Average"
769000.0,27.3,0.0,0.887,0.0,0.0,timm,11160.0,darknet,ImageNet-1K,0.0,42.0,1000,42.0,0.0,8513280.0,,cs3darknet_m,8513280.0,,,cs3darknet_m,9.31024,,1.0,1.0,1.0,1.0,0.0,0.0,1.0,0.0,0.0,0.0,1.0,0.0,0,2018.0,Supervised,Object Detection,Efficiency and Performance in Object Detection,"Max, Average"
1281000.0,40.3,0.0,0.95,0.0,0.0,timm,30120.0,darknet,ImageNet-1K,0.0,62.0,1000,62.0,0.0,33696000.0,,cs3darknet_x,33696000.0,,,cs3darknet_x,35.04632,,1.0,1.0,1.0,1.0,0.0,0.0,1.0,0.0,0.0,0.0,1.0,0.0,0,2018.0,Supervised,Object Detection,Efficiency and Performance in Object Detection,"Max, Average"
1281000.0,40.3,0.0,0.887,0.0,0.0,timm,30120.0,edgenet,ImageNet-1K,0.0,62.0,1000,62.0,0.0,46464000.0,,cs3edgenet_x,46464000.0,,,cs3edgenet_x,47.82112,,1.0,1.0,0.0,1.0,0.0,0.0,0.0,0.0,0.0,0.0,1.0,0.0,0,2019.0,Supervised,Object Detection,Specialized in Edge Detection,Max
1281000.0,52.3,0.0,0.95,0.0,0.0,timm,30120.0,edgenet,ImageNet-1K,0.0,62.0,1000,110.0,0.0,49364464.0,,cs3se_edgenet_x,49364464.0,,,cs3se_edgenet_x,50.721584,,1.0,1.0,0.0,1.0,0.0,0.0,0.0,0.0,0.0,0.0,1.0,0.0,0,2019.0,Supervised,Object Detection,Specialized in Edge Detection,Max
1025000.0,46.9,0.0,0.887,0.0,0.0,timm,19488.0,darknet,ImageNet-1K,0.0,56.0,1000,98.0,0.0,20840304.0,,cs3sedarknet_l,20840304.0,,,cs3sedarknet_l,21.913592,,1.0,1.0,1.0,1.0,0.0,0.0,1.0,0.0,0.0,0.0,1.0,0.0,0,2018.0,Supervised,Object Detection,Efficiency and Performance in Object Detection,"Max, Average"
1281000.0,52.3,0.0,0.887,0.0,0.0,timm,30120.0,darknet,ImageNet-1K,0.0,62.0,1000,110.0,0.0,34047584.0,,cs3sedarknet_x,34047584.0,,,cs3sedarknet_x,35.397904,,1.0,1.0,1.0,1.0,0.0,0.0,1.0,0.0,0.0,0.0,1.0,0.0,0,2018.0,Supervised,Object Detection,Efficiency and Performance in Object Detection,"Max, Average"
1025000.0,42.8,0.0,0.887,0.0,0.0,timm,928.0,darknet,ImageNet-1K,0.0,67.0,1000,67.0,0.0,26580992.0,,cspdarknet53,26580992.0,,,cspdarknet53,27.642184,,1.0,1.0,1.0,1.0,0.0,0.0,1.0,0.0,0.0,0.0,1.0,0.0,0,2018.0,Supervised,Object Detection,Efficiency and Performance in Object Detection,"Max, Average"
1025000.0,36.2,0.0,0.887,13.0,0.0,timm,9536.0,resnet,ImageNet-1K,1.0,55.0,1000,55.0,0.0,20541440.0,,cspresnet50,20541440.0,,,cspresnet50,21.616168,,1.0,1.0,1.0,1.0,1.0,0.0,1.0,0.0,0.0,0.0,1.0,0.0,0,2015.0,Supervised,"Image Classification, Object Detection, Image Segmentation",Deep Residual Learning for Image Recognition,"Max, Average"
2049000.0,36.2,0.0,0.887,13.0,0.0,timm,9536.0,resnext,ImageNet-1K,1.0,55.0,1000,55.0,0.0,18454016.0,,cspresnext50,18454016.0,,,cspresnext50,20.569896,,1.0,1.0,1.0,1.0,1.0,0.0,1.0,0.0,0.0,0.0,1.0,0.0,0,2017.0,Supervised,Image Classification,Grouped Convolutions,"Max, Average"
1025000.0,35.3,0.0,0.887,0.0,0.0,timm,928.0,darknet,ImageNet-1K,0.0,52.0,1000,52.0,0.0,40548352.0,,darknet53,40548352.0,,,darknet53,41.609928,,1.0,1.0,1.0,1.0,0.0,0.0,1.0,0.0,0.0,0.0,1.0,0.0,0,2018.0,Supervised,Object Detection,Efficiency and Performance in Object Detection,"Max, Average"
1025000.0,36.3,0.0,0.887,0.0,0.0,timm,928.0,darknet,ImageNet-1K,5.0,52.0,1000,52.0,0.0,34961408.0,,darknetaa53,34961408.0,,,darknetaa53,36.022984,,1.0,1.0,1.0,1.0,0.0,0.0,1.0,0.0,0.0,0.0,1.0,0.0,0,2018.0,Supervised,Object Detection,Efficiency and Performance in Object Detection,"Max, Average"
769000.0,22.6,13.0,0.9,0.0,0.0,timm,590592.0,deit3,ImageNet-1K,0.0,25.0,1000,1.0,0.0,1536.0,,deit3_base_patch16_224,85072896.0,,,deit3_base_patch16_224,86.58532,,49.0,0.0,0.0,1.0,0.0,0.0,1.0,1.0,1.0,1.0,0.0,1.0,0,2022.0,Self-Supervised,Image Classification,Advancements in Data Efficiency,Class Token
769000.0,22.6,13.0,1.0,0.0,0.0,timm,590592.0,deit3,ImageNet-1K,0.0,25.0,1000,1.0,0.0,1536.0,,deit3_base_patch16_224_in21ft1k,85072896.0,,,deit3_base_patch16_224_in21ft1k,86.58532,,49.0,0.0,0.0,1.0,0.0,0.0,1.0,1.0,1.0,1.0,0.0,1.0,0,2022.0,Self-Supervised,Image Classification,Advancements in Data Efficiency,Class Token
769000.0,22.6,13.0,1.0,0.0,0.0,timm,590592.0,deit3,ImageNet-1K,0.0,25.0,1000,1.0,0.0,1536.0,,deit3_base_patch16_384,85072896.0,,,deit3_base_patch16_384,86.87716,,49.0,0.0,0.0,1.0,0.0,0.0,1.0,1.0,1.0,1.0,0.0,1.0,0,2022.0,Self-Supervised,Image Classification,Advancements in Data Efficiency,Class Token
769000.0,22.6,13.0,1.0,0.0,0.0,timm,590592.0,deit3,ImageNet-1K,0.0,25.0,1000,1.0,0.0,1536.0,,deit3_base_patch16_384_in21ft1k,85072896.0,,,deit3_base_patch16_384_in21ft1k,86.87716,,49.0,0.0,0.0,1.0,0.0,0.0,1.0,1.0,1.0,1.0,0.0,1.0,0,2022.0,Self-Supervised,Image Classification,Advancements in Data Efficiency,Class Token
1281000.0,58.6,33.0,0.9,0.0,0.0,timm,753920.0,deit3,ImageNet-1K,0.0,65.0,1000,1.0,0.0,2560.0,,deit3_huge_patch14_224,629760000.0,,,deit3_huge_patch14_224,632.12644,,129.0,0.0,0.0,1.0,0.0,0.0,1.0,1.0,1.0,1.0,0.0,1.0,0,2022.0,Self-Supervised,Image Classification,Advancements in Data Efficiency,Class Token
1281000.0,58.6,33.0,1.0,0.0,0.0,timm,753920.0,deit3,ImageNet-1K,0.0,65.0,1000,1.0,0.0,2560.0,,deit3_huge_patch14_224_in21ft1k,629760000.0,,,deit3_huge_patch14_224_in21ft1k,632.12644,,129.0,0.0,0.0,1.0,0.0,0.0,1.0,1.0,1.0,1.0,0.0,1.0,0,2022.0,Self-Supervised,Image Classification,Advancements in Data Efficiency,Class Token
1025000.0,44.2,25.0,0.9,0.0,0.0,timm,787456.0,deit3,ImageNet-1K,0.0,49.0,1000,1.0,0.0,2048.0,,deit3_large_patch16_224,302358528.0,,,deit3_large_patch16_224,304.37476,,97.0,0.0,0.0,1.0,0.0,0.0,1.0,1.0,1.0,1.0,0.0,1.0,0,2022.0,Self-Supervised,Image Classification,Advancements in Data Efficiency,Class Token
1025000.0,44.2,25.0,1.0,0.0,0.0,timm,787456.0,deit3,ImageNet-1K,0.0,49.0,1000,1.0,0.0,2048.0,,deit3_large_patch16_224_in21ft1k,302358528.0,,,deit3_large_patch16_224_in21ft1k,304.37476,,97.0,0.0,0.0,1.0,0.0,0.0,1.0,1.0,1.0,1.0,0.0,1.0,0,2022.0,Self-Supervised,Image Classification,Advancements in Data Efficiency,Class Token
1025000.0,44.2,25.0,1.0,0.0,0.0,timm,787456.0,deit3,ImageNet-1K,0.0,49.0,1000,1.0,0.0,2048.0,,deit3_large_patch16_384,302358528.0,,,deit3_large_patch16_384,304.76388,,97.0,0.0,0.0,1.0,0.0,0.0,1.0,1.0,1.0,1.0,0.0,1.0,0,2022.0,Self-Supervised,Image Classification,Advancements in Data Efficiency,Class Token
1025000.0,44.2,25.0,1.0,0.0,0.0,timm,787456.0,deit3,ImageNet-1K,0.0,49.0,1000,1.0,0.0,2048.0,,deit3_large_patch16_384_in21ft1k,302358528.0,,,deit3_large_patch16_384_in21ft1k,304.76388,,97.0,0.0,0.0,1.0,0.0,0.0,1.0,1.0,1.0,1.0,0.0,1.0,0,2022.0,Self-Supervised,Image Classification,Advancements in Data Efficiency,Class Token
513000.0,22.6,13.0,0.9,0.0,0.0,timm,393728.0,deit3,ImageNet-1K,0.0,25.0,1000,1.0,0.0,1024.0,,deit3_medium_patch16_224,37840896.0,,,deit3_medium_patch16_224,38.849512,,49.0,0.0,0.0,1.0,0.0,0.0,1.0,1.0,1.0,1.0,0.0,1.0,0,2022.0,Self-Supervised,Image Classification,Advancements in Data Efficiency,Class Token
385000.0,22.6,13.0,0.9,0.0,0.0,timm,295296.0,deit3,ImageNet-1K,0.0,25.0,1000,1.0,0.0,768.0,,deit3_small_patch16_224,21302784.0,,,deit3_small_patch16_224,22.059496,,49.0,0.0,0.0,1.0,0.0,0.0,1.0,1.0,1.0,1.0,0.0,1.0,0,2022.0,Self-Supervised,Image Classification,Advancements in Data Efficiency,Class Token
385000.0,22.6,13.0,1.0,0.0,0.0,timm,295296.0,deit3,ImageNet-1K,0.0,25.0,1000,1.0,0.0,768.0,,deit3_small_patch16_224_in21ft1k,21302784.0,,,deit3_small_patch16_224_in21ft1k,22.059496,,49.0,0.0,0.0,1.0,0.0,0.0,1.0,1.0,1.0,1.0,0.0,1.0,0,2022.0,Self-Supervised,Image Classification,Advancements in Data Efficiency,Class Token
385000.0,22.6,13.0,1.0,0.0,0.0,timm,295296.0,deit3,ImageNet-1K,0.0,25.0,1000,1.0,0.0,768.0,,deit3_small_patch16_384,21302784.0,,,deit3_small_patch16_384,22.205416,,49.0,0.0,0.0,1.0,0.0,0.0,1.0,1.0,1.0,1.0,0.0,1.0,0,2022.0,Self-Supervised,Image Classification,Advancements in Data Efficiency,Class Token
385000.0,22.6,13.0,1.0,0.0,0.0,timm,295296.0,deit3,ImageNet-1K,0.0,25.0,1000,1.0,0.0,768.0,,deit3_small_patch16_384_in21ft1k,21302784.0,,,deit3_small_patch16_384_in21ft1k,22.205416,,49.0,0.0,0.0,1.0,0.0,0.0,1.0,1.0,1.0,1.0,0.0,1.0,0,2022.0,Self-Supervised,Image Classification,Advancements in Data Efficiency,Class Token
769000.0,22.7,13.0,0.9,0.0,0.0,timm,590592.0,deit,ImageNet-1K,0.0,25.0,1000,1.0,0.0,1536.0,,deit_base_distilled_patch16_224,85054464.0,,,deit_base_distilled_patch16_224,87.338192,,50.0,0.0,0.0,1.0,0.0,0.0,1.0,1.0,1.0,1.0,0.0,1.0,0,2021.0,Supervised,Image Classification,Data-efficient Learning with Transformers,Class Token
769000.0,22.7,13.0,1.0,0.0,0.0,timm,590592.0,deit,ImageNet-1K,0.0,25.0,1000,1.0,0.0,1536.0,,deit_base_distilled_patch16_384,85054464.0,,,deit_base_distilled_patch16_384,87.630032,,50.0,0.0,0.0,1.0,0.0,0.0,1.0,1.0,1.0,1.0,0.0,1.0,0,2021.0,Supervised,Image Classification,Data-efficient Learning with Transformers,Class Token
769000.0,22.6,13.0,0.9,0.0,0.0,timm,590592.0,deit,ImageNet-1K,0.0,25.0,1000,1.0,0.0,1536.0,,deit_base_patch16_224,85054464.0,,,deit_base_patch16_224,86.567656,,49.0,0.0,0.0,1.0,0.0,0.0,1.0,1.0,1.0,1.0,0.0,1.0,0,2021.0,Supervised,Image Classification,Data-efficient Learning with Transformers,Class Token
769000.0,22.6,13.0,1.0,0.0,0.0,timm,590592.0,deit,ImageNet-1K,0.0,25.0,1000,1.0,0.0,1536.0,,deit_base_patch16_384,85054464.0,,,deit_base_patch16_384,86.859496,,49.0,0.0,0.0,1.0,0.0,0.0,1.0,1.0,1.0,1.0,0.0,1.0,0,2021.0,Supervised,Image Classification,Data-efficient Learning with Transformers,Class Token
385000.0,22.7,13.0,0.9,0.0,0.0,timm,295296.0,deit,ImageNet-1K,0.0,25.0,1000,1.0,0.0,768.0,,deit_small_distilled_patch16_224,21293568.0,,,deit_small_distilled_patch16_224,22.436432,,50.0,0.0,0.0,1.0,0.0,0.0,1.0,1.0,1.0,1.0,0.0,1.0,0,2021.0,Supervised,Image Classification,Data-efficient Learning with Transformers,Class Token
385000.0,22.6,13.0,0.9,0.0,0.0,timm,295296.0,deit,ImageNet-1K,0.0,25.0,1000,1.0,0.0,768.0,,deit_small_patch16_224,21293568.0,,,deit_small_patch16_224,22.050664,,49.0,0.0,0.0,1.0,0.0,0.0,1.0,1.0,1.0,1.0,0.0,1.0,0,2021.0,Supervised,Image Classification,Data-efficient Learning with Transformers,Class Token
193000.0,22.7,13.0,0.9,0.0,0.0,timm,147648.0,deit,ImageNet-1K,0.0,25.0,1000,1.0,0.0,384.0,,deit_tiny_distilled_patch16_224,5338368.0,,,deit_tiny_distilled_patch16_224,5.9108,,50.0,0.0,0.0,1.0,0.0,0.0,1.0,1.0,1.0,1.0,0.0,1.0,0,2021.0,Supervised,Image Classification,Data-efficient Learning with Transformers,Class Token
193000.0,22.6,13.0,0.9,0.0,0.0,timm,147648.0,deit,ImageNet-1K,0.0,25.0,1000,1.0,0.0,384.0,,deit_tiny_patch16_224,5338368.0,,,deit_tiny_patch16_224,5.717416,,49.0,0.0,0.0,1.0,0.0,0.0,1.0,1.0,1.0,1.0,0.0,1.0,0,2021.0,Supervised,Image Classification,Data-efficient Learning with Transformers,Class Token
1025000.0,55.8,0.0,0.875,0.0,0.0,timm,6953856.0,densenet,ImageNet-1K,4.0,121.0,1000,120.0,0.0,,,densenet121,,,,densenet121,7.978856,,1.0,1.0,0.0,1.0,1.0,0.0,1.0,0.0,0.0,0.0,1.0,0.0,0,2014.0,Supervised,Image Classification,Dense Connectivity,"Max, Average"
1665000.0,77.4,0.0,0.875,0.0,0.0,timm,12484480.0,densenet,ImageNet-1K,4.0,169.0,1000,168.0,0.0,,,densenet169,,,,densenet169,14.14948,,1.0,1.0,0.0,1.0,1.0,0.0,1.0,0.0,0.0,0.0,1.0,0.0,0,2014.0,Supervised,Image Classification,Dense Connectivity,"Max, Average"
1921000.0,91.8,0.0,0.875,0.0,0.0,timm,18092928.0,densenet,ImageNet-1K,4.0,201.0,1000,200.0,0.0,,,densenet201,,,,densenet201,20.013928,,1.0,1.0,0.0,1.0,1.0,0.0,1.0,0.0,0.0,0.0,1.0,0.0,0,2014.0,Supervised,Image Classification,Dense Connectivity,"Max, Average"
0.0,14.6,0.0,0.875,0.0,0.0,timm,2384.0,dla,ImageNet-1K,6.0,37.0,1000,38.0,0.0,2336.0,,dla34,9050112.0,,,dla34,15.742104,,0.0,1.0,1.0,0.0,1.0,0.0,1.0,0.0,0.0,0.0,1.0,0.0,0,2019.0,Supervised,"Image Classification, Image Segmentation",Deep Layer Aggregation for Improved Representation,"Max, Average, Strided"
0.0,16.8,0.0,0.875,12.0,0.0,timm,2384.0,dla,ImageNet-1K,6.0,48.0,1000,49.0,0.0,2336.0,,dla46_c,609280.0,,,dla46_c,1.3014,,0.0,1.0,1.0,0.0,1.0,0.0,1.0,0.0,0.0,0.0,1.0,0.0,0,2019.0,Supervised,"Image Classification, Image Segmentation",Deep Layer Aggregation for Improved Representation,"Max, Average, Strided"
0.0,16.8,0.0,0.875,12.0,0.0,timm,2384.0,dla,ImageNet-1K,6.0,48.0,1000,49.0,0.0,2336.0,,dla46x_c,466944.0,,,dla46x_c,1.06844,,0.0,1.0,1.0,0.0,1.0,0.0,1.0,0.0,0.0,0.0,1.0,0.0,0,2019.0,Supervised,"Image Classification, Image Segmentation",Deep Layer Aggregation for Improved Representation,"Max, Average, Strided"
0.0,22.2,0.0,0.875,16.0,0.0,timm,2384.0,dla,ImageNet-1K,7.0,63.0,1000,64.0,0.0,2336.0,,dla60,9917440.0,,,dla60,22.036632,,0.0,1.0,1.0,0.0,1.0,0.0,1.0,0.0,0.0,0.0,1.0,0.0,0,2019.0,Supervised,"Image Classification, Image Segmentation",Deep Layer Aggregation for Improved Representation,"Max, Average, Strided"
0.0,32.2,0.0,0.875,0.0,0.0,timm,2384.0,res2net,ImageNet-1K,11.0,95.0,1000,96.0,0.0,2336.0,,dla60_res2net,9436416.0,,,dla60_res2net,20.848072,,0.0,1.0,1.0,1.0,1.0,0.0,1.0,0.0,0.0,0.0,1.0,0.0,0,2019.0,Supervised,"Image Classification, Object Detection, Image Segmentation",Hierarchical Residual-Like Connections,Average
0.0,32.2,0.0,0.875,0.0,0.0,timm,2384.0,res2next,ImageNet-1K,11.0,95.0,1000,96.0,0.0,2336.0,,dla60_res2next,7678976.0,,,dla60_res2next,17.032984,,0.0,1.0,1.0,1.0,1.0,0.0,1.0,0.0,0.0,0.0,1.0,0.0,0,2019.0,Supervised,"Image Classification, Object Detection, Image Segmentation",Enhanced Grouped Convolutions,Average
0.0,22.2,0.0,0.875,16.0,0.0,timm,2384.0,dla,ImageNet-1K,7.0,63.0,1000,64.0,0.0,2336.0,,dla60x,7828480.0,,,dla60x,17.352344,,0.0,1.0,1.0,0.0,1.0,0.0,1.0,0.0,0.0,0.0,1.0,0.0,0,2019.0,Supervised,"Image Classification, Image Segmentation",Deep Layer Aggregation for Improved Representation,"Max, Average, Strided"
0.0,22.0,0.0,0.875,16.0,0.0,timm,2384.0,dla,ImageNet-1K,7.0,62.0,1000,63.0,0.0,2336.0,,dla60x_c,494848.0,,,dla60x_c,1.319832,,0.0,1.0,1.0,0.0,1.0,0.0,1.0,0.0,0.0,0.0,1.0,0.0,0,2019.0,Supervised,"Image Classification, Image Segmentation",Deep Layer Aggregation for Improved Representation,"Max, Average, Strided"
0.0,37.8,0.0,0.875,28.0,0.0,timm,2384.0,dla,ImageNet-1K,9.0,105.0,1000,106.0,0.0,2336.0,,dla102,19899392.0,,,dla102,33.268888,,0.0,1.0,1.0,0.0,1.0,0.0,1.0,0.0,0.0,0.0,1.0,0.0,0,2019.0,Supervised,"Image Classification, Image Segmentation",Deep Layer Aggregation for Improved Representation,"Max, Average, Strided"
0.0,37.8,0.0,0.875,28.0,0.0,timm,2384.0,dla,ImageNet-1K,9.0,105.0,1000,106.0,0.0,2336.0,,dla102x,15787008.0,,,dla102x,26.309272,,0.0,1.0,1.0,0.0,1.0,0.0,1.0,0.0,0.0,0.0,1.0,0.0,0,2019.0,Supervised,"Image Classification, Image Segmentation",Deep Layer Aggregation for Improved Representation,"Max, Average, Strided"
0.0,37.8,0.0,0.875,28.0,0.0,timm,2384.0,dla,ImageNet-1K,9.0,105.0,1000,106.0,0.0,2336.0,,dla102x2,25256960.0,,,dla102x2,41.2822,,0.0,1.0,1.0,0.0,1.0,0.0,1.0,0.0,0.0,0.0,1.0,0.0,0,2019.0,Supervised,"Image Classification, Image Segmentation",Deep Layer Aggregation for Improved Representation,"Max, Average, Strided"
0.0,61.2,0.0,0.875,46.0,0.0,timm,2384.0,dla,ImageNet-1K,11.0,168.0,1000,169.0,0.0,2336.0,,dla169,39863296.0,,,dla169,53.38972,,0.0,1.0,1.0,0.0,1.0,0.0,1.0,0.0,0.0,0.0,1.0,0.0,0,2019.0,Supervised,"Image Classification, Image Segmentation",Deep Layer Aggregation for Improved Representation,"Max, Average, Strided"
3073000.0,22.6,0.0,0.9,0.0,0.0,timm,97680.0,nfnet,ImageNet-1K,3.0,0.0,1000,81.0,0.0,4724736.0,,dm_nfnet_f0,63593856.0,,,dm_nfnet_f0,71.489284,,1.0,1.0,1.0,1.0,0.0,0.0,1.0,0.0,0.0,0.0,0.0,1.0,0,2021.0,Supervised,Image Classification,Normalization-Free ResNet with High Performance,Average
3073000.0,41.8,0.0,0.91,0.0,0.0,timm,97680.0,nfnet,ImageNet-1K,3.0,0.0,1000,153.0,0.0,4724736.0,,dm_nfnet_f1,124738816.0,,,dm_nfnet_f1,132.634256,,1.0,1.0,1.0,1.0,0.0,0.0,1.0,0.0,0.0,0.0,0.0,1.0,0,2021.0,Supervised,Image Classification,Normalization-Free ResNet with High Performance,Average
3073000.0,61.0,0.0,0.92,0.0,0.0,timm,97680.0,nfnet,ImageNet-1K,3.0,0.0,1000,225.0,0.0,4724736.0,,dm_nfnet_f2,185883776.0,,,dm_nfnet_f2,193.779228,,1.0,1.0,1.0,1.0,0.0,0.0,1.0,0.0,0.0,0.0,0.0,1.0,0,2021.0,Supervised,Image Classification,Normalization-Free ResNet with High Performance,Average
3073000.0,80.2,0.0,0.94,0.0,0.0,timm,97680.0,nfnet,ImageNet-1K,3.0,0.0,1000,297.0,0.0,4724736.0,,dm_nfnet_f3,247028736.0,,,dm_nfnet_f3,254.9242,,1.0,1.0,1.0,1.0,0.0,0.0,1.0,0.0,0.0,0.0,0.0,1.0,0,2021.0,Supervised,Image Classification,Normalization-Free ResNet with High Performance,Average
3073000.0,99.4,0.0,0.951,0.0,0.0,timm,97680.0,nfnet,ImageNet-1K,3.0,0.0,1000,369.0,0.0,4724736.0,,dm_nfnet_f4,308173696.0,,,dm_nfnet_f4,316.069172,,1.0,1.0,1.0,1.0,0.0,0.0,1.0,0.0,0.0,0.0,0.0,1.0,0,2021.0,Supervised,Image Classification,Normalization-Free ResNet with High Performance,Average
3073000.0,118.6,0.0,0.954,0.0,0.0,timm,97680.0,nfnet,ImageNet-1K,3.0,0.0,1000,441.0,0.0,4724736.0,,dm_nfnet_f5,369318656.0,,,dm_nfnet_f5,377.214144,,1.0,1.0,1.0,1.0,0.0,0.0,1.0,0.0,0.0,0.0,0.0,1.0,0,2021.0,Supervised,Image Classification,Normalization-Free ResNet with High Performance,Average
3073000.0,137.8,0.0,0.956,0.0,0.0,timm,97680.0,nfnet,ImageNet-1K,3.0,0.0,1000,513.0,0.0,4724736.0,,dm_nfnet_f6,430463616.0,,,dm_nfnet_f6,438.359116,,1.0,1.0,1.0,1.0,0.0,0.0,1.0,0.0,0.0,0.0,0.0,1.0,0,2021.0,Supervised,Image Classification,Normalization-Free ResNet with High Performance,Average
0.0,38.9,0.0,0.875,0.0,0.0,timm,11778602.0,dpn,ImageNet-1K,1.0,72.0,1000,72.0,0.0,833000.0,,dpn68,833000.0,,,dpn68,12.611602,,0.0,1.0,1.0,0.0,0.0,0.0,1.0,0.0,0.0,0.0,1.0,0.0,0,2017.0,Supervised,"Image Classification, Object Detection, Image Segmentation",Combines ResNet and DenseNet paths,"Max, Average, Spatial Pyramid"
0.0,41.1,0.0,0.875,0.0,0.0,timm,11778602.0,dpn,ImageNet-1K,1.0,72.0,1000,94.0,0.0,833000.0,,dpn68b,833000.0,,,dpn68b,12.611602,,0.0,1.0,1.0,0.0,0.0,0.0,1.0,0.0,0.0,0.0,1.0,0.0,0,2017.0,Supervised,"Image Classification, Object Detection, Image Segmentation",Combines ResNet and DenseNet paths,"Max, Average, Spatial Pyramid"
0.0,51.7,0.0,0.875,0.0,0.0,timm,34979392.0,dpn,ImageNet-1K,1.0,96.0,1000,96.0,0.0,2689000.0,,dpn92,2689000.0,,,dpn92,37.668392,,0.0,1.0,1.0,0.0,0.0,0.0,1.0,0.0,0.0,0.0,1.0,0.0,0,2017.0,Supervised,"Image Classification, Object Detection, Image Segmentation",Combines ResNet and DenseNet paths,"Max, Average, Spatial Pyramid"
0.0,54.9,0.0,0.875,0.0,0.0,timm,58881728.0,dpn,ImageNet-1K,1.0,102.0,1000,102.0,0.0,2689000.0,,dpn98,2689000.0,,,dpn98,61.570728,,0.0,1.0,1.0,0.0,0.0,0.0,1.0,0.0,0.0,0.0,1.0,0.0,0,2017.0,Supervised,"Image Classification, Object Detection, Image Segmentation",Combines ResNet and DenseNet paths,"Max, Average, Spatial Pyramid"
0.0,59.7,0.0,0.875,0.0,0.0,timm,84228800.0,dpn,ImageNet-1K,1.0,111.0,1000,111.0,0.0,2689000.0,,dpn107,2689000.0,,,dpn107,86.9178,,0.0,1.0,1.0,0.0,0.0,0.0,1.0,0.0,0.0,0.0,1.0,0.0,0,2017.0,Supervised,"Image Classification, Object Detection, Image Segmentation",Combines ResNet and DenseNet paths,"Max, Average, Spatial Pyramid"
0.0,72.5,0.0,0.875,0.0,0.0,timm,76565504.0,dpn,ImageNet-1K,1.0,135.0,1000,135.0,0.0,2689000.0,,dpn131,2689000.0,,,dpn131,79.254504,,0.0,1.0,1.0,0.0,0.0,0.0,1.0,0.0,0.0,0.0,1.0,0.0,0,2017.0,Supervised,"Image Classification, Object Detection, Image Segmentation",Combines ResNet and DenseNet paths,"Max, Average, Spatial Pyramid"
2049000.0,23.2,0.0,0.95,8.0,0.0,timm,26232.0,botnext,ImageNet-1K,2.0,31.0,1000,31.0,0.0,8487349.0,,eca_botnext26ts_256,8487349.0,,,eca_botnext26ts_256,10.593301,,1.0,1.0,0.0,1.0,1.0,0.0,1.0,0.0,0.0,1.0,1.0,1.0,0,2021.0,Supervised,"Image Classification, Object Detection, Image Segmentation",Transformer Blocks in ResNeXt,Average
2049000.0,23.5,0.0,0.94,5.0,0.0,timm,26232.0,halonext,ImageNet-1K,1.0,31.0,1000,34.0,0.0,8650933.0,,eca_halonext26ts,8650933.0,,,eca_halonext26ts,10.756885,,1.0,1.0,0.0,1.0,1.0,0.0,1.0,0.0,0.0,0.0,0.0,0.0,SiLU,2022.0,Supervised,"Image Classification, Object Detection, Image Segmentation",Halo Attention with ResNeXt Backbone,"Max, Average, Strided"
2305000.0,19.0,0.0,1.0,0.0,0.0,timm,97680.0,nfnet,ImageNet-1K,3.0,0.0,1000,57.0,0.0,3543552.0,,eca_nfnet_l0,18197692.0,,,eca_nfnet_l0,24.143924,,1.0,1.0,1.0,1.0,0.0,0.0,1.0,0.0,0.0,0.0,0.0,1.0,0,2021.0,Supervised,Image Classification,Normalization-Free ResNet with High Performance,Average
3073000.0,34.6,0.0,1.0,0.0,0.0,timm,97680.0,nfnet,ImageNet-1K,3.0,0.0,1000,105.0,0.0,4724736.0,,eca_nfnet_l1,33512312.0,,,eca_nfnet_l1,41.407728,,1.0,1.0,1.0,1.0,0.0,0.0,1.0,0.0,0.0,0.0,0.0,1.0,0,2021.0,Supervised,Image Classification,Normalization-Free ResNet with High Performance,Average
3073000.0,50.2,0.0,1.0,0.0,0.0,timm,97680.0,nfnet,ImageNet-1K,3.0,0.0,1000,153.0,0.0,4724736.0,,eca_nfnet_l2,48826932.0,,,eca_nfnet_l2,56.722348,,1.0,1.0,1.0,1.0,0.0,0.0,1.0,0.0,0.0,0.0,0.0,1.0,0,2021.0,Supervised,Image Classification,Normalization-Free ResNet with High Performance,Average
1281000.0,28.9,0.0,0.9,10.0,0.0,timm,26232.0,resnet,ImageNet-1K,0.0,38.0,1000,38.0,0.0,1966080.0,,eca_resnet33ts,16363566.0,,,eca_resnet33ts,19.676302,,1.0,1.0,1.0,1.0,1.0,0.0,1.0,0.0,0.0,0.0,1.0,0.0,0,2015.0,Supervised,"Image Classification, Object Detection, Image Segmentation",Deep Residual Learning for Image Recognition,"Max, Average"
2049000.0,23.8,0.0,0.9,8.0,0.0,timm,26232.0,resnext,ImageNet-1K,1.0,31.0,1000,31.0,0.0,8192036.0,,eca_resnext26ts,8192036.0,,,eca_resnext26ts,10.297988,,1.0,1.0,1.0,1.0,1.0,0.0,1.0,0.0,0.0,0.0,1.0,0.0,0,2017.0,Supervised,Image Classification,Grouped Convolutions,"Max, Average"
2049000.0,15.6,0.0,0.95,8.0,8.0,timm,26104.0,resnet,ImageNet-1K,4.0,31.0,1000,31.0,0.0,128.0,,ecaresnet26t,10502158.0,,,ecaresnet26t,16.011916,,1.0,1.0,1.0,1.0,1.0,0.0,1.0,0.0,0.0,0.0,1.0,0.0,0,2015.0,Supervised,"Image Classification, Object Detection, Image Segmentation",Deep Residual Learning for Image Recognition,"Max, Average"
2049000.0,27.6,0.0,0.875,16.0,16.0,timm,28640.0,resnet,ImageNet-1K,4.0,55.0,1000,55.0,0.0,128.0,,ecaresnet50d,14964757.0,,,ecaresnet50d,25.57635,,1.0,1.0,1.0,1.0,1.0,0.0,1.0,0.0,0.0,0.0,1.0,0.0,0,2015.0,Supervised,"Image Classification, Object Detection, Image Segmentation",Deep Residual Learning for Image Recognition,"Max, Average"
2023000.0,27.6,0.0,0.875,16.0,16.0,timm,28640.0,resnet,ImageNet-1K,4.0,55.0,1000,55.0,0.0,128.0,,ecaresnet50d_pruned,12241013.0,,,ecaresnet50d_pruned,19.939713,,1.0,1.0,1.0,1.0,1.0,0.0,1.0,0.0,0.0,0.0,1.0,0.0,0,2015.0,Supervised,"Image Classification, Object Detection, Image Segmentation",Deep Residual Learning for Image Recognition,"Max, Average"
2049000.0,27.6,0.0,0.95,16.0,16.0,timm,26104.0,resnet,ImageNet-1K,4.0,55.0,1000,55.0,0.0,128.0,,ecaresnet50t,14964757.0,,,ecaresnet50t,25.573814,,1.0,1.0,1.0,1.0,1.0,0.0,1.0,0.0,0.0,0.0,1.0,0.0,0,2015.0,Supervised,"Image Classification, Object Detection, Image Segmentation",Deep Residual Learning for Image Recognition,"Max, Average"
2049000.0,53.1,0.0,0.875,33.0,33.0,timm,28640.0,resnet,ImageNet-1K,4.0,106.0,1000,106.0,0.0,128.0,,ecaresnet101d,26090611.0,,,ecaresnet101d,44.568563,,1.0,1.0,1.0,1.0,1.0,0.0,1.0,0.0,0.0,0.0,1.0,0.0,0,2015.0,Supervised,"Image Classification, Object Detection, Image Segmentation",Deep Residual Learning for Image Recognition,"Max, Average"
2043000.0,53.1,0.0,0.875,33.0,33.0,timm,28640.0,resnet,ImageNet-1K,4.0,106.0,1000,106.0,0.0,128.0,,ecaresnet101d_pruned,11450552.0,,,ecaresnet101d_pruned,24.87604,,1.0,1.0,1.0,1.0,1.0,0.0,1.0,0.0,0.0,0.0,1.0,0.0,0,2015.0,Supervised,"Image Classification, Object Detection, Image Segmentation",Deep Residual Learning for Image Recognition,"Max, Average"
2049000.0,137.1,0.0,1.0,89.0,89.0,timm,28640.0,resnet,ImageNet-1K,4.0,274.0,1000,274.0,0.0,128.0,,ecaresnet269d,54020336.0,,,ecaresnet269d,102.093077,,1.0,1.0,1.0,1.0,1.0,0.0,1.0,0.0,0.0,0.0,1.0,0.0,0,2015.0,Supervised,"Image Classification, Object Detection, Image Segmentation",Deep Residual Learning for Image Recognition,"Max, Average"
2049000.0,26.9,0.0,0.875,16.0,16.0,timm,9408.0,resnet,ImageNet-1K,4.0,53.0,1000,53.0,0.0,128.0,,ecaresnetlight,14964757.0,,,ecaresnetlight,30.162046,,1.0,1.0,1.0,1.0,1.0,0.0,1.0,0.0,0.0,0.0,1.0,0.0,0,2015.0,Supervised,"Image Classification, Object Detection, Image Segmentation",Deep Residual Learning for Image Recognition,"Max, Average"
586168.0,23.8,0.0,0.95,0.0,0.0,timm,4080.0,edgenext,ImageNet-1K,0.0,26.0,1000,26.0,0.0,17914924.0,,edgenext_base,17914924.0,,,edgenext_base,18.511292,,43.0,1.0,0.0,1.0,0.0,0.0,1.0,0.0,1.0,1.0,0.0,1.0,0,2022.0,Supervised,"Image Classification, Object Detection, Image Segmentation",Efficiency on Edge Devices,"Average, Spatial Pyramid"
305608.0,23.8,0.0,0.95,0.0,0.0,timm,2448.0,edgenext,ImageNet-1K,0.0,26.0,1000,26.0,0.0,5275408.0,,edgenext_small,5275408.0,,,edgenext_small,5.586832,,43.0,1.0,0.0,1.0,0.0,0.0,1.0,0.0,1.0,1.0,0.0,1.0,0,2022.0,Supervised,"Image Classification, Object Detection, Image Segmentation",Efficiency on Edge Devices,"Average, Spatial Pyramid"
385768.0,23.2,0.0,0.9,0.0,0.0,timm,11760.0,edgenext,ImageNet-1K,0.0,23.0,1000,23.0,0.0,7424976.0,,edgenext_small_rw,7424976.0,,,edgenext_small_rw,7.826512,,43.0,1.0,0.0,1.0,0.0,0.0,1.0,0.0,1.0,1.0,0.0,1.0,0,2022.0,Supervised,"Image Classification, Object Detection, Image Segmentation",Efficiency on Edge Devices,"Average, Spatial Pyramid"
193384.0,23.8,0.0,0.9,0.0,0.0,timm,1632.0,edgenext,ImageNet-1K,0.0,26.0,1000,26.0,0.0,2139656.0,,edgenext_x_small,2139656.0,,,edgenext_x_small,2.336804,,43.0,1.0,0.0,1.0,0.0,0.0,1.0,0.0,1.0,1.0,0.0,1.0,0,2022.0,Supervised,"Image Classification, Object Detection, Image Segmentation",Efficiency on Edge Devices,"Average, Spatial Pyramid"
169336.0,17.8,0.0,0.9,0.0,0.0,timm,1224.0,edgenext,ImageNet-1K,0.0,20.0,1000,20.0,0.0,1155332.0,,edgenext_xx_small,1155332.0,,,edgenext_xx_small,1.327216,,31.0,1.0,0.0,1.0,0.0,0.0,1.0,0.0,1.0,1.0,0.0,1.0,0,2022.0,Supervised,"Image Classification, Object Detection, Image Segmentation",Efficiency on Edge Devices,"Average, Spatial Pyramid"
449000.0,22.8,1.0,0.95,0.0,0.0,timm,11232.0,efficientformer,ImageNet-1K,14.0,36.0,1000,33.0,0.0,896.0,,efficientformer_l1,11379408.0,,,efficientformer_l1,12.289928,,6.0,1.0,0.0,1.0,0.0,0.0,1.0,1.0,1.0,1.0,0.0,1.0,0,2022.0,Supervised,"Image Classification, Object Detection, Image Segmentation",Efficiency in Image Processing for Transformers,Average
513000.0,37.7,4.0,0.95,0.0,0.0,timm,19584.0,efficientformer,ImageNet-1K,22.0,58.0,1000,49.0,0.0,1024.0,,efficientformer_l3,30357824.0,,,efficientformer_l3,31.406,,18.0,1.0,0.0,1.0,0.0,0.0,1.0,1.0,1.0,1.0,0.0,1.0,0,2022.0,Supervised,"Image Classification, Object Detection, Image Segmentation",Efficiency in Image Processing for Transformers,Average
769000.0,54.1,8.0,0.95,0.0,0.0,timm,43200.0,efficientformer,ImageNet-1K,30.0,82.0,1000,65.0,0.0,1536.0,,efficientformer_l7,80643456.0,,,efficientformer_l7,82.229328,,34.0,1.0,0.0,1.0,0.0,0.0,1.0,1.0,1.0,1.0,0.0,1.0,0,2022.0,Supervised,"Image Classification, Object Detection, Image Segmentation",Efficiency in Image Processing for Transformers,Average
1793000.0,62.1,0.0,1.0,0.0,0.0,timm,1296.0,efficientnet,ImageNet-1K,0.0,96.0,1000,160.0,0.0,802816.0,,efficientnet_b4,16619304.0,,,efficientnet_b4,19.341616,,1.0,1.0,1.0,1.0,1.0,0.0,1.0,0.0,0.0,0.0,1.0,0.0,0,2019.0,Supervised,Image Classification,Compound Scaling Method,Average
1793000.0,70.0,0.0,1.0,0.0,0.0,timm,648.0,efficientnetv2,ImageNet-1K,0.0,112.0,1000,172.0,0.0,487424.0,,efficientnetv2_rw_s,21499376.0,,,efficientnetv2_rw_s,23.941296,,1.0,1.0,1.0,1.0,0.0,0.0,1.0,0.0,0.0,0.0,1.0,0.0,0,2021.0,Supervised,Image Classification,Training-aware Optimizations,"Max, Average"
1537000.0,100.8,0.0,0.8975,0.0,0.0,timm,928.0,inception_resnet,ImageNet-1K,5.0,204.0,1000,244.0,0.0,5280.0,,ens_adv_inception_resnet_v2,22535680.0,,,ens_adv_inception_resnet_v2,55.843464,,1.0,1.0,1.0,1.0,1.0,0.0,1.0,0.0,0.0,0.0,1.0,0.0,0,2016.0,Supervised,Image Classification,Inception with Residual Connections,Average
1025000.0,16.9,0.0,0.875,0.0,0.0,timm,11456.0,vovnet,ImageNet-1K,3.0,23.0,1000,41.0,0.0,5495872.0,,ese_vovnet19b_dw,5495872.0,,,ese_vovnet19b_dw,6.54308,,1.0,1.0,0.0,1.0,0.0,0.0,1.0,0.0,0.0,0.0,1.0,0.0,0,2019.0,Supervised,Object Detection,One shot aggregation,Max
1025000.0,23.9,0.0,0.875,0.0,0.0,timm,112832.0,vovnet,ImageNet-1K,3.0,39.0,1000,43.0,0.0,23411200.0,,ese_vovnet39b,23411200.0,,,ese_vovnet39b,24.568936,,1.0,1.0,0.0,1.0,0.0,0.0,1.0,0.0,0.0,0.0,1.0,0.0,0,2019.0,Supervised,Object Detection,One shot aggregation,Max
1985000.0,33.6,0.0,0.875,0.0,0.0,timm,432.0,fbnet,ImageNet-1K,0.0,65.0,1000,65.0,0.0,698368.0,,fbnetc_100,2844032.0,,,fbnetc_100,5.5722,,1.0,1.0,0.0,1.0,0.0,0.0,1.0,0.0,0.0,0.0,1.0,0.0,0,2019.0,Supervised,Mobile Optimization,Differentiable Neural Architecture Search,Average
1985000.0,52.5,0.0,0.95,0.0,0.0,timm,432.0,fbnet,ImageNet-1K,0.0,87.0,1000,124.0,0.0,2666496.0,,fbnetv3_b,3900136.0,,,fbnetv3_b,8.598464,,1.0,1.0,0.0,1.0,0.0,0.0,1.0,0.0,0.0,0.0,1.0,0.0,0,2019.0,Supervised,Mobile Optimization,Differentiable Neural Architecture Search,Average
1985000.0,57.4,0.0,0.95,0.0,0.0,timm,648.0,fbnet,ImageNet-1K,0.0,96.0,1000,135.0,0.0,2856960.0,,fbnetv3_d,5407056.0,,,fbnetv3_d,10.306272,,1.0,1.0,0.0,1.0,0.0,0.0,1.0,0.0,0.0,0.0,1.0,0.0,0,2019.0,Supervised,Mobile Optimization,Differentiable Neural Architecture Search,Average
1985000.0,64.6,0.0,0.95,0.0,0.0,timm,864.0,fbnet,ImageNet-1K,0.0,107.0,1000,154.0,0.0,3428352.0,,fbnetv3_g,11118808.0,,,fbnetv3_g,16.623888,,1.0,1.0,0.0,1.0,0.0,0.0,1.0,0.0,0.0,0.0,1.0,0.0,0,2019.0,Supervised,Mobile Optimization,Differentiable Neural Architecture Search,Average
1025000.0,78.7,0.0,1.0,0.0,0.0,timm,648.0,efficientnetv2,ImageNet-1K,0.0,136.0,1000,194.0,0.0,212992.0,,gc_efficientnetv2_rw_t,12320049.0,,,gc_efficientnetv2_rw_t,13.677713,,1.0,1.0,1.0,1.0,0.0,0.0,1.0,0.0,0.0,0.0,1.0,0.0,0,2021.0,Supervised,Image Classification,Training-aware Optimizations,"Max, Average"
1281000.0,34.9,0.0,0.9,10.0,0.0,timm,26232.0,resnet,ImageNet-1K,0.0,48.0,1000,68.0,0.0,1966080.0,,gcresnet33ts,16567962.0,,,gcresnet33ts,19.880698,,1.0,1.0,1.0,1.0,1.0,0.0,1.0,0.0,0.0,0.0,1.0,0.0,0,2015.0,Supervised,"Image Classification, Object Detection, Image Segmentation",Deep Residual Learning for Image Recognition,"Max, Average"
2049000.0,52.5,0.0,0.9,16.0,0.0,timm,26232.0,resnet,ImageNet-1K,0.0,71.0,1000,103.0,0.0,23768856.0,,gcresnet50t,23768856.0,,,gcresnet50t,25.89708,,1.0,1.0,1.0,1.0,1.0,0.0,1.0,0.0,0.0,0.0,1.0,0.0,0,2015.0,Supervised,"Image Classification, Object Detection, Image Segmentation",Deep Residual Learning for Image Recognition,"Max, Average"
2049000.0,28.6,0.0,0.9,8.0,0.0,timm,26232.0,resnext,ImageNet-1K,1.0,39.0,1000,55.0,0.0,8370648.0,,gcresnext26ts,8370648.0,,,gcresnext26ts,10.4766,,1.0,1.0,1.0,1.0,1.0,0.0,1.0,0.0,0.0,0.0,1.0,0.0,0,2017.0,Supervised,Image Classification,Grouped Convolutions,"Max, Average"
2049000.0,52.6,0.0,0.9,16.0,0.0,timm,26232.0,resnext,ImageNet-1K,1.0,71.0,1000,103.0,0.0,13539096.0,,gcresnext50ts,13539096.0,,,gcresnext50ts,15.66732,,1.0,1.0,1.0,1.0,1.0,0.0,1.0,0.0,0.0,0.0,1.0,0.0,0,2017.0,Supervised,Image Classification,Grouped Convolutions,"Max, Average"
1025000.0,75.5,31.0,0.875,0.0,0.0,timm,177280.0,gcvit,ImageNet-1K,5.0,71.0,1000,49.0,0.0,89118556.0,,gcvit_base,89118556.0,,,gcvit_base,90.320836,,125.0,0.0,0.0,1.0,0.0,0.0,1.0,1.0,1.0,1.0,0.0,1.0,0,2022.0,Supervised,Image Classification,Global Context in Self-Attention,"Average, Class Token"
769000.0,75.5,31.0,0.875,0.0,0.0,timm,100704.0,gcvit,ImageNet-1K,5.0,71.0,1000,49.0,0.0,50222469.0,,gcvit_small,50222469.0,,,gcvit_small,51.092173,,125.0,0.0,0.0,1.0,0.0,0.0,1.0,1.0,1.0,1.0,0.0,1.0,0,2022.0,Supervised,Image Classification,Global Context in Self-Attention,"Average, Class Token"
513000.0,75.5,31.0,0.875,0.0,0.0,timm,45632.0,gcvit,ImageNet-1K,5.0,71.0,1000,49.0,0.0,27663342.0,,gcvit_tiny,27663342.0,,,gcvit_tiny,28.221974,,125.0,0.0,0.0,1.0,0.0,0.0,1.0,1.0,1.0,1.0,0.0,1.0,0,2022.0,Supervised,Image Classification,Global Context in Self-Attention,"Average, Class Token"
513000.0,50.8,18.0,0.875,0.0,0.0,timm,45632.0,gcvit,ImageNet-1K,5.0,45.0,1000,49.0,0.0,19422662.0,,gcvit_xtiny,19422662.0,,,gcvit_xtiny,19.981294,,73.0,0.0,0.0,1.0,0.0,0.0,1.0,1.0,1.0,1.0,0.0,1.0,0,2022.0,Supervised,Image Classification,Global Context in Self-Attention,"Average, Class Token"
513000.0,39.4,12.0,0.875,0.0,0.0,timm,45632.0,gcvit,ImageNet-1K,5.0,33.0,1000,49.0,0.0,11436796.0,,gcvit_xxtiny,11436796.0,,,gcvit_xxtiny,11.995428,,49.0,0.0,0.0,1.0,0.0,0.0,1.0,1.0,1.0,1.0,0.0,1.0,0,2022.0,Supervised,Image Classification,Global Context in Self-Attention,"Average, Class Token"
2561000.0,41.7,0.0,0.875,15.0,3.0,timm,928.0,gernet,ImageNet-1K,0.0,57.0,1000,57.0,0.0,1638400.0,,gernet_l,26775424.0,,,gernet_l,31.07828,,1.0,1.0,1.0,1.0,1.0,0.0,1.0,0.0,0.0,0.0,1.0,0.0,0,2020.0,Supervised,Image Classification,Efficiency on GPU,Average
2561000.0,32.9,0.0,0.875,11.0,3.0,timm,928.0,gernet,ImageNet-1K,0.0,45.0,1000,45.0,0.0,1638400.0,,gernet_m,16875904.0,,,gernet_m,21.14292,,1.0,1.0,1.0,1.0,1.0,0.0,1.0,0.0,0.0,0.0,1.0,0.0,0,2020.0,Supervised,Image Classification,Efficiency on GPU,Average
1921000.0,32.7,0.0,0.875,10.0,4.0,timm,377.0,gernet,ImageNet-1K,0.0,45.0,1000,45.0,0.0,491520.0,,gernet_s,5726336.0,,,gernet_s,8.173761,,1.0,1.0,1.0,1.0,1.0,0.0,1.0,0.0,0.0,0.0,1.0,0.0,0,2020.0,Supervised,Image Classification,Efficiency on GPU,Average
1281000.0,41.1,0.0,0.875,16.0,0.0,timm,432.0,ghostnet,ImageNet-1K,0.0,80.0,1000,95.0,0.0,32.0,,ghostnet_100,2669044.0,,,ghostnet_100,5.182508,,1.0,1.0,0.0,1.0,1.0,0.0,0.0,0.0,0.0,0.0,1.0,0.0,0,2019.0,Supervised,Image Classification,Ghost Modules for Efficiency,Average
2049000.0,30.0,0.0,0.875,0.0,0.0,timm,928.0,inception_v3,ImageNet-1K,2.0,94.0,1000,94.0,0.0,5280.0,,gluon_inception_v3,6076800.0,,,gluon_inception_v3,23.834568,,1.0,1.0,0.0,1.0,0.0,0.0,0.0,0.0,0.0,0.0,1.0,0.0,0,2015.0,Supervised,Image Classification,"Label Smoothing, Factorized Convolutions","Max, Average"
513000.0,9.4,0.0,0.875,0.0,8.0,timm,9408.0,resnet,ImageNet-1K,1.0,20.0,1000,20.0,0.0,128.0,,gluon_resnet18_v1b,8393728.0,,,gluon_resnet18_v1b,11.689512,,1.0,1.0,1.0,1.0,1.0,0.0,1.0,0.0,0.0,0.0,1.0,0.0,0,2015.0,Supervised,"Image Classification, Object Detection, Image Segmentation",Deep Residual Learning for Image Recognition,"Max, Average"
513000.0,16.6,0.0,0.875,0.0,16.0,timm,9408.0,resnet,ImageNet-1K,1.0,36.0,1000,36.0,0.0,128.0,,gluon_resnet34_v1b,13114368.0,,,gluon_resnet34_v1b,21.797672,,1.0,1.0,1.0,1.0,1.0,0.0,1.0,0.0,0.0,0.0,1.0,0.0,0,2015.0,Supervised,"Image Classification, Object Detection, Image Segmentation",Deep Residual Learning for Image Recognition,"Max, Average"
2049000.0,21.7,0.0,0.875,16.0,16.0,timm,9408.0,resnet,ImageNet-1K,1.0,53.0,1000,53.0,0.0,128.0,,gluon_resnet50_v1b,14964736.0,,,gluon_resnet50_v1b,25.557032,,1.0,1.0,1.0,1.0,1.0,0.0,1.0,0.0,0.0,0.0,1.0,0.0,0,2015.0,Supervised,"Image Classification, Object Detection, Image Segmentation",Deep Residual Learning for Image Recognition,"Max, Average"
2049000.0,22.4,0.0,0.875,16.0,16.0,timm,28640.0,resnet,ImageNet-1K,1.0,55.0,1000,55.0,0.0,128.0,,gluon_resnet50_v1c,14964736.0,,,gluon_resnet50_v1c,25.576264,,1.0,1.0,1.0,1.0,1.0,0.0,1.0,0.0,0.0,0.0,1.0,0.0,0,2015.0,Supervised,"Image Classification, Object Detection, Image Segmentation",Deep Residual Learning for Image Recognition,"Max, Average"
2049000.0,22.8,0.0,0.875,16.0,16.0,timm,28640.0,resnet,ImageNet-1K,4.0,55.0,1000,55.0,0.0,128.0,,gluon_resnet50_v1d,14964736.0,,,gluon_resnet50_v1d,25.576264,,1.0,1.0,1.0,1.0,1.0,0.0,1.0,0.0,0.0,0.0,1.0,0.0,0,2015.0,Supervised,"Image Classification, Object Detection, Image Segmentation",Deep Residual Learning for Image Recognition,"Max, Average"
2049000.0,22.4,0.0,0.875,16.0,16.0,timm,112576.0,resnet,ImageNet-1K,1.0,55.0,1000,55.0,0.0,256.0,,gluon_resnet50_v1s,14964736.0,,,gluon_resnet50_v1s,25.680808,,1.0,1.0,1.0,1.0,1.0,0.0,1.0,0.0,0.0,0.0,1.0,0.0,0,2015.0,Supervised,"Image Classification, Object Detection, Image Segmentation",Deep Residual Learning for Image Recognition,"Max, Average"
2049000.0,42.1,0.0,0.875,33.0,33.0,timm,9408.0,resnet,ImageNet-1K,1.0,104.0,1000,104.0,0.0,128.0,,gluon_resnet101_v1b,26090496.0,,,gluon_resnet101_v1b,44.54916,,1.0,1.0,1.0,1.0,1.0,0.0,1.0,0.0,0.0,0.0,1.0,0.0,0,2015.0,Supervised,"Image Classification, Object Detection, Image Segmentation",Deep Residual Learning for Image Recognition,"Max, Average"
2049000.0,42.8,0.0,0.875,33.0,33.0,timm,28640.0,resnet,ImageNet-1K,1.0,106.0,1000,106.0,0.0,128.0,,gluon_resnet101_v1c,26090496.0,,,gluon_resnet101_v1c,44.568392,,1.0,1.0,1.0,1.0,1.0,0.0,1.0,0.0,0.0,0.0,1.0,0.0,0,2015.0,Supervised,"Image Classification, Object Detection, Image Segmentation",Deep Residual Learning for Image Recognition,"Max, Average"
2049000.0,43.2,0.0,0.875,33.0,33.0,timm,28640.0,resnet,ImageNet-1K,4.0,106.0,1000,106.0,0.0,128.0,,gluon_resnet101_v1d,26090496.0,,,gluon_resnet101_v1d,44.568392,,1.0,1.0,1.0,1.0,1.0,0.0,1.0,0.0,0.0,0.0,1.0,0.0,0,2015.0,Supervised,"Image Classification, Object Detection, Image Segmentation",Deep Residual Learning for Image Recognition,"Max, Average"
2049000.0,42.8,0.0,0.875,33.0,33.0,timm,112576.0,resnet,ImageNet-1K,1.0,106.0,1000,106.0,0.0,256.0,,gluon_resnet101_v1s,26090496.0,,,gluon_resnet101_v1s,44.672936,,1.0,1.0,1.0,1.0,1.0,0.0,1.0,0.0,0.0,0.0,1.0,0.0,0,2015.0,Supervised,"Image Classification, Object Detection, Image Segmentation",Deep Residual Learning for Image Recognition,"Max, Average"
2049000.0,62.5,0.0,0.875,50.0,50.0,timm,9408.0,resnet,ImageNet-1K,1.0,155.0,1000,155.0,0.0,128.0,,gluon_resnet152_v1b,40613888.0,,,gluon_resnet152_v1b,60.192808,,1.0,1.0,1.0,1.0,1.0,0.0,1.0,0.0,0.0,0.0,1.0,0.0,0,2015.0,Supervised,"Image Classification, Object Detection, Image Segmentation",Deep Residual Learning for Image Recognition,"Max, Average"
2049000.0,63.2,0.0,0.875,50.0,50.0,timm,28640.0,resnet,ImageNet-1K,1.0,157.0,1000,157.0,0.0,128.0,,gluon_resnet152_v1c,40613888.0,,,gluon_resnet152_v1c,60.21204,,1.0,1.0,1.0,1.0,1.0,0.0,1.0,0.0,0.0,0.0,1.0,0.0,0,2015.0,Supervised,"Image Classification, Object Detection, Image Segmentation",Deep Residual Learning for Image Recognition,"Max, Average"
2049000.0,63.6,0.0,0.875,50.0,50.0,timm,28640.0,resnet,ImageNet-1K,4.0,157.0,1000,157.0,0.0,128.0,,gluon_resnet152_v1d,40613888.0,,,gluon_resnet152_v1d,60.21204,,1.0,1.0,1.0,1.0,1.0,0.0,1.0,0.0,0.0,0.0,1.0,0.0,0,2015.0,Supervised,"Image Classification, Object Detection, Image Segmentation",Deep Residual Learning for Image Recognition,"Max, Average"
2049000.0,63.2,0.0,0.875,50.0,50.0,timm,112576.0,resnet,ImageNet-1K,1.0,157.0,1000,157.0,0.0,256.0,,gluon_resnet152_v1s,40613888.0,,,gluon_resnet152_v1s,60.316584,,1.0,1.0,1.0,1.0,1.0,0.0,1.0,0.0,0.0,0.0,1.0,0.0,0,2015.0,Supervised,"Image Classification, Object Detection, Image Segmentation",Deep Residual Learning for Image Recognition,"Max, Average"
2049000.0,21.7,0.0,0.875,16.0,16.0,timm,9408.0,resnext,ImageNet-1K,1.0,53.0,1000,53.0,0.0,128.0,,gluon_resnext50_32x4d,14544896.0,,,gluon_resnext50_32x4d,25.028904,,1.0,1.0,1.0,1.0,1.0,0.0,1.0,0.0,0.0,0.0,1.0,0.0,0,2017.0,Supervised,Image Classification,Grouped Convolutions,"Max, Average"
2049000.0,42.1,0.0,0.875,33.0,33.0,timm,9408.0,resnext,ImageNet-1K,1.0,104.0,1000,104.0,0.0,128.0,,gluon_resnext101_32x4d,26171392.0,,,gluon_resnext101_32x4d,44.177704,,1.0,1.0,1.0,1.0,1.0,0.0,1.0,0.0,0.0,0.0,1.0,0.0,0,2017.0,Supervised,Image Classification,Grouped Convolutions,"Max, Average"
2049000.0,42.1,0.0,0.875,33.0,33.0,timm,9408.0,resnext,ImageNet-1K,1.0,104.0,1000,104.0,0.0,128.0,,gluon_resnext101_64x4d,51769344.0,,,gluon_resnext101_64x4d,83.455272,,1.0,1.0,1.0,1.0,1.0,0.0,1.0,0.0,0.0,0.0,1.0,0.0,0,2017.0,Supervised,Image Classification,Grouped Convolutions,"Max, Average"
2049000.0,93.2,0.0,0.875,50.0,50.0,timm,112576.0,senet,ImageNet-1K,1.0,157.0,1000,257.0,0.0,256.0,,gluon_senet154,68677888.0,,,gluon_senet154,115.088984,,1.0,1.0,1.0,1.0,1.0,0.0,1.0,0.0,0.0,0.0,1.0,0.0,0,2017.0,Supervised,"Image Classification, Object Detection",Squeeze-and-Excitation Blocks,Average
2049000.0,31.3,0.0,0.875,16.0,16.0,timm,9408.0,resnext,ImageNet-1K,1.0,53.0,1000,85.0,0.0,128.0,,gluon_seresnext50_32x4d,16124288.0,,,gluon_seresnext50_32x4d,27.559896,,1.0,1.0,1.0,1.0,1.0,0.0,1.0,0.0,0.0,0.0,1.0,0.0,0,2017.0,Supervised,Image Classification,Grouped Convolutions,"Max, Average"
2049000.0,61.9,0.0,0.875,33.0,33.0,timm,9408.0,resnext,ImageNet-1K,1.0,104.0,1000,170.0,0.0,128.0,,gluon_seresnext101_32x4d,29211072.0,,,gluon_seresnext101_32x4d,48.955416,,1.0,1.0,1.0,1.0,1.0,0.0,1.0,0.0,0.0,0.0,1.0,0.0,0,2017.0,Supervised,Image Classification,Grouped Convolutions,"Max, Average"
2049000.0,61.9,0.0,0.875,33.0,33.0,timm,9408.0,resnext,ImageNet-1K,1.0,104.0,1000,170.0,0.0,128.0,,gluon_seresnext101_64x4d,54809024.0,,,gluon_seresnext101_64x4d,88.232984,,1.0,1.0,1.0,1.0,1.0,0.0,1.0,0.0,0.0,0.0,1.0,0.0,0,2017.0,Supervised,Image Classification,Grouped Convolutions,"Max, Average"
385000.0,39.1,0.0,0.875,0.0,0.0,timm,295296.0,mixer,ImageNet-1K,0.0,49.0,1000,1.0,0.0,768.0,,gmixer_24_224,24040032.0,,,gmixer_24_224,24.721096,,97.0,0.0,0.0,1.0,0.0,0.0,1.0,0.0,0.0,0.0,0.0,1.0,0,2021.0,Supervised,Image Classification,Entirely MLP-based Image Processing,Average
257000.0,36.7,0.0,0.875,0.0,0.0,timm,196864.0,gm,ImageNet-1K,0.0,61.0,1000,1.0,0.0,512.0,,gmlp_s16_224,18968280.0,,,gmlp_s16_224,19.422656,,91.0,,,,,,,,,,,,,,,,,
2049000.0,40.2,0.0,0.95,11.0,0.0,timm,26232.0,botnet,ImageNet-1K,0.0,55.0,1000,60.0,0.0,20507136.0,,halo2botnet50ts_256,20507136.0,,,halo2botnet50ts_256,22.63536,,1.0,1.0,1.0,1.0,1.0,0.0,1.0,1.0,0.0,1.0,1.0,1.0,0,2021.0,Supervised,"Image Classification, Object Detection, Image Segmentation",Transformer Blocks in ResNet,Average
2049000.0,22.5,0.0,0.95,5.0,0.0,timm,26232.0,halonet,ImageNet-1K,1.0,31.0,1000,34.0,0.0,10374336.0,,halonet26t,10374336.0,,,halonet26t,12.480288,,1.0,1.0,0.0,1.0,1.0,0.0,1.0,1.0,0.0,0.0,0.0,0.0,SiLU,2021.0,Supervised,"Image Classification, Object Detection, Image Segmentation",Halo Attention Mechanism,"Max, Average, Strided"
2049000.0,40.3,0.0,0.94,11.0,0.0,timm,26232.0,halonet,ImageNet-1K,1.0,55.0,1000,60.0,0.0,20605056.0,,halonet50ts,20605056.0,,,halonet50ts,22.73328,,1.0,1.0,0.0,1.0,1.0,0.0,1.0,1.0,0.0,0.0,0.0,0.0,SiLU,2021.0,Supervised,"Image Classification, Object Detection, Image Segmentation",Halo Attention Mechanism,"Max, Average, Strided"
1537000.0,59.2,0.0,0.94,17.0,0.0,timm,928.0,regnetz,ImageNet-1K,1.0,68.0,1000,107.0,0.0,442368.0,,haloregnetz_b,9650048.0,,,haloregnetz_b,11.680072,,1.0,1.0,1.0,1.0,1.0,0.0,1.0,0.0,0.0,0.0,0.0,0.0,SiLU,2020.0,Supervised,Image Classification,Z Block with Inverted Bottlenecks,Average
1281000.0,21.9,0.0,0.875,0.0,0.0,timm,864.0,hardcorenas,ImageNet-1K,0.0,34.0,1000,51.0,0.0,1230080.0,,hardcorenas_a,2727904.0,,,hardcorenas_a,5.260232,,1.0,1.0,0.0,1.0,0.0,0.0,1.0,0.0,0.0,0.0,1.0,0.0,Swish,2021.0,Supervised,Image Classification,NAS for Efficiency and Robustness,Average
1281000.0,30.8,0.0,0.875,0.0,0.0,timm,864.0,hardcorenas,ImageNet-1K,0.0,55.0,1000,64.0,0.0,1230080.0,,hardcorenas_b,2639480.0,,,hardcorenas_b,5.176544,,1.0,1.0,0.0,1.0,0.0,0.0,1.0,0.0,0.0,0.0,1.0,0.0,Swish,2021.0,Supervised,Image Classification,NAS for Efficiency and Robustness,Average
1281000.0,31.6,0.0,0.875,0.0,0.0,timm,864.0,hardcorenas,ImageNet-1K,0.0,55.0,1000,68.0,0.0,1230080.0,,hardcorenas_c,2981856.0,,,hardcorenas_c,5.521224,,1.0,1.0,0.0,1.0,0.0,0.0,1.0,0.0,0.0,0.0,1.0,0.0,Swish,2021.0,Supervised,Image Classification,NAS for Efficiency and Robustness,Average
1281000.0,36.0,0.0,0.875,0.0,0.0,timm,864.0,hardcorenas,ImageNet-1K,0.0,55.0,1000,90.0,0.0,1230080.0,,hardcorenas_d,4955096.0,,,hardcorenas_d,7.500208,,1.0,1.0,0.0,1.0,0.0,0.0,1.0,0.0,0.0,0.0,1.0,0.0,Swish,2021.0,Supervised,Image Classification,NAS for Efficiency and Robustness,Average
1281000.0,34.1,0.0,0.875,0.0,0.0,timm,864.0,hardcorenas,ImageNet-1K,0.0,52.0,1000,85.0,0.0,1230080.0,,hardcorenas_e,5523272.0,,,hardcorenas_e,8.070992,,1.0,1.0,0.0,1.0,0.0,0.0,1.0,0.0,0.0,0.0,1.0,0.0,Swish,2021.0,Supervised,Image Classification,NAS for Efficiency and Robustness,Average
1281000.0,34.1,0.0,0.875,0.0,0.0,timm,864.0,hardcorenas,ImageNet-1K,0.0,52.0,1000,85.0,0.0,1230080.0,,hardcorenas_f,5650368.0,,,hardcorenas_f,8.199688,,1.0,1.0,0.0,1.0,0.0,0.0,1.0,0.0,0.0,0.0,1.0,0.0,Swish,2021.0,Supervised,Image Classification,NAS for Efficiency and Robustness,Average
2049000.0,153.3,0.0,0.875,8.0,112.0,timm,1728.0,hrnet,ImageNet-1K,0.0,325.0,1000,325.0,0.0,128.0,,hrnet_w18,6708636.0,,,hrnet_w18,21.299004,,1.0,1.0,1.0,1.0,1.0,0.0,1.0,0.0,0.0,0.0,1.0,0.0,0,2019.0,Supervised,"Image Classification, Object Detection, Image Segmentation",High-Resolution Representations,Average
2049000.0,44.0,0.0,0.875,5.0,23.0,timm,1728.0,hrnet,ImageNet-1K,0.0,91.0,1000,91.0,0.0,128.0,,hrnet_w18_small,6198528.0,,,hrnet_w18_small,13.187464,,1.0,1.0,1.0,1.0,1.0,0.0,1.0,0.0,0.0,0.0,1.0,0.0,0,2019.0,Supervised,"Image Classification, Object Detection, Image Segmentation",High-Resolution Representations,Average
2049000.0,79.4,0.0,0.875,6.0,44.0,timm,1728.0,hrnet,ImageNet-1K,0.0,164.0,1000,164.0,0.0,128.0,,hrnet_w18_small_v2,6198528.0,,,hrnet_w18_small_v2,15.597464,,1.0,1.0,1.0,1.0,1.0,0.0,1.0,0.0,0.0,0.0,1.0,0.0,0,2019.0,Supervised,"Image Classification, Object Detection, Image Segmentation",High-Resolution Representations,Average
2049000.0,153.3,0.0,0.875,8.0,112.0,timm,1728.0,hrnet,ImageNet-1K,0.0,325.0,1000,325.0,0.0,128.0,,hrnet_w30,18614700.0,,,hrnet_w30,37.71222,,1.0,1.0,1.0,1.0,1.0,0.0,1.0,0.0,0.0,0.0,1.0,0.0,0,2019.0,Supervised,"Image Classification, Object Detection, Image Segmentation",High-Resolution Representations,Average
2049000.0,153.3,0.0,0.875,8.0,112.0,timm,1728.0,hrnet,ImageNet-1K,0.0,325.0,1000,325.0,0.0,128.0,,hrnet_w32,21177216.0,,,hrnet_w32,41.23268,,1.0,1.0,1.0,1.0,1.0,0.0,1.0,0.0,0.0,0.0,1.0,0.0,0,2019.0,Supervised,"Image Classification, Object Detection, Image Segmentation",High-Resolution Representations,Average
2049000.0,153.3,0.0,0.875,8.0,112.0,timm,1728.0,hrnet,ImageNet-1K,0.0,325.0,1000,325.0,0.0,128.0,,hrnet_w40,33079200.0,,,hrnet_w40,57.55716,,1.0,1.0,1.0,1.0,1.0,0.0,1.0,0.0,0.0,0.0,1.0,0.0,0,2019.0,Supervised,"Image Classification, Object Detection, Image Segmentation",High-Resolution Representations,Average
2049000.0,153.3,0.0,0.875,8.0,112.0,timm,1728.0,hrnet,ImageNet-1K,0.0,325.0,1000,325.0,0.0,128.0,,hrnet_w44,40021344.0,,,hrnet_w44,67.064984,,1.0,1.0,1.0,1.0,1.0,0.0,1.0,0.0,0.0,0.0,1.0,0.0,0,2019.0,Supervised,"Image Classification, Object Detection, Image Segmentation",High-Resolution Representations,Average
2049000.0,153.3,0.0,0.875,8.0,112.0,timm,1728.0,hrnet,ImageNet-1K,0.0,325.0,1000,325.0,0.0,128.0,,hrnet_w48,47624256.0,,,hrnet_w48,77.469864,,1.0,1.0,1.0,1.0,1.0,0.0,1.0,0.0,0.0,0.0,1.0,0.0,0,2019.0,Supervised,"Image Classification, Object Detection, Image Segmentation",High-Resolution Representations,Average
2049000.0,153.3,0.0,0.875,8.0,112.0,timm,1728.0,hrnet,ImageNet-1K,0.0,325.0,1000,325.0,0.0,128.0,,hrnet_w64,84643584.0,,,hrnet_w64,128.059944,,1.0,1.0,1.0,1.0,1.0,0.0,1.0,0.0,0.0,0.0,1.0,0.0,0,2019.0,Supervised,"Image Classification, Object Detection, Image Segmentation",High-Resolution Representations,Average
2049000.0,42.1,0.0,0.875,33.0,33.0,timm,9408.0,resnext,ImageNet-1K,1.0,104.0,1000,104.0,0.0,128.0,,ig_resnext101_32x8d,55160832.0,,,ig_resnext101_32x8d,88.791336,,1.0,1.0,1.0,1.0,1.0,0.0,1.0,0.0,0.0,0.0,1.0,0.0,0,2017.0,Supervised,Image Classification,Grouped Convolutions,"Max, Average"
2049000.0,42.1,0.0,0.875,33.0,33.0,timm,9408.0,resnext,ImageNet-1K,1.0,104.0,1000,104.0,0.0,128.0,,ig_resnext101_32x16d,123314176.0,,,ig_resnext101_32x16d,194.026792,,1.0,1.0,1.0,1.0,1.0,0.0,1.0,0.0,0.0,0.0,1.0,0.0,0,2017.0,Supervised,Image Classification,Grouped Convolutions,"Max, Average"
2049000.0,42.1,0.0,0.875,33.0,33.0,timm,9408.0,resnext,ImageNet-1K,1.0,104.0,1000,104.0,0.0,128.0,,ig_resnext101_32x32d,300318720.0,,,ig_resnext101_32x32d,468.530472,,1.0,1.0,1.0,1.0,1.0,0.0,1.0,0.0,0.0,0.0,1.0,0.0,0,2017.0,Supervised,Image Classification,Grouped Convolutions,"Max, Average"
2049000.0,42.1,0.0,0.875,33.0,33.0,timm,9408.0,resnext,ImageNet-1K,1.0,104.0,1000,104.0,0.0,128.0,,ig_resnext101_32x48d,531587072.0,,,ig_resnext101_32x48d,828.411176,,1.0,1.0,1.0,1.0,1.0,0.0,1.0,0.0,0.0,0.0,1.0,0.0,0,2017.0,Supervised,Image Classification,Grouped Convolutions,"Max, Average"
1537000.0,100.8,0.0,0.8975,0.0,0.0,timm,928.0,inception_resnet,ImageNet-1K,5.0,204.0,1000,244.0,0.0,5280.0,,inception_resnet_v2,22535680.0,,,inception_resnet_v2,55.843464,,1.0,1.0,1.0,1.0,1.0,0.0,1.0,0.0,0.0,0.0,1.0,0.0,0,2016.0,Supervised,Image Classification,Inception with Residual Connections,Average
2049000.0,30.0,0.0,0.875,0.0,0.0,timm,928.0,inception_v3,ImageNet-1K,2.0,94.0,1000,94.0,0.0,5280.0,,inception_v3,6076800.0,,,inception_v3,23.834568,,1.0,1.0,0.0,1.0,0.0,0.0,0.0,0.0,0.0,0.0,1.0,0.0,0,2015.0,Supervised,Image Classification,"Label Smoothing, Factorized Convolutions","Max, Average"
1537000.0,68.0,0.0,0.875,0.0,0.0,timm,41142816.0,inception_v4,ImageNet-1K,18.0,149.0,1000,149.0,0.0,,,inception_v4,,,,inception_v4,42.679816,,1.0,1.0,0.0,1.0,0.0,0.0,0.0,0.0,0.0,0.0,1.0,0.0,0,2016.0,Supervised,Image Classification,Combining Inception with Residual Connections,"Max, Average"
513000.0,38.5,48.0,0.875,0.0,0.0,timm,6272.0,nest,ImageNet-1K,2.0,51.0,1000,3.0,0.0,1024.0,,jx_nest_base,66500608.0,,,jx_nest_base,67.723368,,97.0,1.0,0.0,1.0,0.0,0.0,1.0,1.0,1.0,1.0,0.0,1.0,0,2021.0,Supervised,Image Classification,Nested Hierarchical Transformer,"Max, Average"
385000.0,38.5,48.0,0.875,0.0,0.0,timm,4704.0,nest,ImageNet-1K,2.0,51.0,1000,3.0,0.0,768.0,,jx_nest_small,37433856.0,,,jx_nest_small,38.351176,,97.0,1.0,0.0,1.0,0.0,0.0,1.0,1.0,1.0,1.0,0.0,1.0,0,2021.0,Supervised,Image Classification,Nested Hierarchical Transformer,"Max, Average"
385000.0,20.5,24.0,0.875,0.0,0.0,timm,4704.0,nest,ImageNet-1K,2.0,27.0,1000,3.0,0.0,768.0,,jx_nest_tiny,16140288.0,,,jx_nest_tiny,17.057608,,49.0,1.0,0.0,1.0,0.0,0.0,1.0,1.0,1.0,1.0,0.0,1.0,0,2021.0,Supervised,Image Classification,Nested Hierarchical Transformer,"Max, Average"
2049000.0,22.5,0.0,0.94,5.0,0.0,timm,26232.0,resnet,ImageNet-1K,2.0,37.0,1000,31.0,0.0,8848384.0,,lambda_resnet26rpt_256,8848384.0,,,lambda_resnet26rpt_256,10.988688,,1.0,1.0,1.0,1.0,1.0,0.0,1.0,0.0,0.0,0.0,1.0,0.0,0,2015.0,Supervised,"Image Classification, Object Detection, Image Segmentation",Deep Residual Learning for Image Recognition,"Max, Average"
2049000.0,22.8,0.0,0.94,5.0,0.0,timm,26232.0,resnet,ImageNet-1K,2.0,37.0,1000,31.0,0.0,8852320.0,,lambda_resnet26t,8852320.0,,,lambda_resnet26t,10.958272,,1.0,1.0,1.0,1.0,1.0,0.0,1.0,0.0,0.0,0.0,1.0,0.0,0,2015.0,Supervised,"Image Classification, Object Detection, Image Segmentation",Deep Residual Learning for Image Recognition,"Max, Average"
2049000.0,40.8,0.0,0.95,11.0,0.0,timm,26232.0,resnet,ImageNet-1K,1.0,65.0,1000,55.0,0.0,19408608.0,,lambda_resnet50ts,19408608.0,,,lambda_resnet50ts,21.536832,,1.0,1.0,1.0,1.0,1.0,0.0,1.0,0.0,0.0,0.0,1.0,0.0,0,2015.0,Supervised,"Image Classification, Object Detection, Image Segmentation",Deep Residual Learning for Image Recognition,"Max, Average"
2049000.0,40.4,0.0,0.95,11.0,0.0,timm,26232.0,botnet,ImageNet-1K,0.0,59.0,1000,58.0,0.0,20441600.0,,lamhalobotnet50ts_256,20441600.0,,,lamhalobotnet50ts_256,22.569824,,1.0,1.0,1.0,1.0,1.0,0.0,1.0,1.0,0.0,1.0,1.0,1.0,0,2021.0,Supervised,"Image Classification, Object Detection, Image Segmentation",Transformer Blocks in ResNet,Average
1281000.0,17.0,0.0,0.875,0.0,0.0,timm,216.0,lcnet,ImageNet-1K,0.0,27.0,1000,32.0,0.0,265208.0,,lcnet_050,328960.0,,,lcnet_050,1.880856,,1.0,1.0,0.0,1.0,0.0,0.0,0.0,0.0,0.0,0.0,0.0,0.0,Swish,2021.0,Supervised,"Image Classification, Object Detection, Image Segmentation",Lightweight and Efficient for CPU,Average
1281000.0,17.0,0.0,0.875,0.0,0.0,timm,432.0,lcnet,ImageNet-1K,0.0,27.0,1000,32.0,0.0,492800.0,,lcnet_075,575832.0,,,lcnet_075,2.358288,,1.0,1.0,0.0,1.0,0.0,0.0,0.0,0.0,0.0,0.0,0.0,0.0,Swish,2021.0,Supervised,"Image Classification, Object Detection, Image Segmentation",Lightweight and Efficient for CPU,Average
1281000.0,17.0,0.0,0.875,0.0,0.0,timm,432.0,lcnet,ImageNet-1K,0.0,27.0,1000,32.0,0.0,656640.0,,lcnet_100,1004784.0,,,lcnet_100,2.9538,,1.0,1.0,0.0,1.0,0.0,0.0,0.0,0.0,0.0,0.0,0.0,0.0,Swish,2021.0,Supervised,"Image Classification, Object Detection, Image Segmentation",Lightweight and Efficient for CPU,Average
2049000.0,68.2,0.0,0.875,50.0,0.0,timm,112832.0,senet,ImageNet-1K,1.0,157.0,1000,257.0,0.0,354864.0,,legacy_senet154,68677888.0,,,legacy_senet154,115.088984,,1.0,1.0,1.0,1.0,1.0,0.0,1.0,0.0,0.0,0.0,1.0,0.0,0,2017.0,Supervised,"Image Classification, Object Detection",Squeeze-and-Excitation Blocks,Average
513000.0,11.1,0.0,0.875,0.0,0.0,timm,9536.0,seresnet,ImageNet-1K,1.0,20.0,1000,36.0,0.0,149128.0,,legacy_seresnet18,8460352.0,,,legacy_seresnet18,11.778592,,1.0,1.0,1.0,1.0,1.0,0.0,1.0,0.0,0.0,0.0,1.0,0.0,0,2017.0,Supervised,"Image Classification, Object Detection",Squeeze-and-Excitation Block ResNet,Average
513000.0,19.9,0.0,0.875,0.0,0.0,timm,9536.0,seresnet,ImageNet-1K,1.0,36.0,1000,68.0,0.0,223692.0,,legacy_seresnet34,13214304.0,,,legacy_seresnet34,21.958868,,1.0,1.0,1.0,1.0,1.0,0.0,1.0,0.0,0.0,0.0,1.0,0.0,0,2017.0,Supervised,"Image Classification, Object Detection",Squeeze-and-Excitation Block ResNet,Average
2049000.0,23.4,0.0,0.875,16.0,0.0,timm,9536.0,seresnet,ImageNet-1K,1.0,53.0,1000,85.0,0.0,241200.0,,legacy_seresnet50,16544128.0,,,legacy_seresnet50,28.088024,,1.0,1.0,1.0,1.0,1.0,0.0,1.0,0.0,0.0,0.0,1.0,0.0,0,2017.0,Supervised,"Image Classification, Object Detection",Squeeze-and-Excitation Block ResNet,Average
2049000.0,45.5,0.0,0.875,33.0,0.0,timm,9536.0,seresnet,ImageNet-1K,1.0,104.0,1000,170.0,0.0,241200.0,,legacy_seresnet101,29130176.0,,,legacy_seresnet101,49.326872,,1.0,1.0,1.0,1.0,1.0,0.0,1.0,0.0,0.0,0.0,1.0,0.0,0,2017.0,Supervised,"Image Classification, Object Detection",Squeeze-and-Excitation Block ResNet,Average
2049000.0,67.6,0.0,0.875,50.0,0.0,timm,9536.0,seresnet,ImageNet-1K,1.0,155.0,1000,255.0,0.0,241200.0,,legacy_seresnet152,45371648.0,,,legacy_seresnet152,66.821848,,1.0,1.0,1.0,1.0,1.0,0.0,1.0,0.0,0.0,0.0,1.0,0.0,0,2017.0,Supervised,"Image Classification, Object Detection",Squeeze-and-Excitation Block ResNet,Average
2049000.0,13.0,0.0,0.875,8.0,0.0,timm,9536.0,resnext,ImageNet-1K,1.0,29.0,1000,45.0,0.0,151584.0,,legacy_seresnext26_32x4d,11100416.0,,,legacy_seresnext26_32x4d,16.79028,,1.0,1.0,1.0,1.0,1.0,0.0,1.0,0.0,0.0,0.0,1.0,0.0,0,2017.0,Supervised,Image Classification,Grouped Convolutions,"Max, Average"
2049000.0,23.4,0.0,0.875,16.0,0.0,timm,9536.0,resnext,ImageNet-1K,1.0,53.0,1000,85.0,0.0,231216.0,,legacy_seresnext50_32x4d,16124288.0,,,legacy_seresnext50_32x4d,27.559896,,1.0,1.0,1.0,1.0,1.0,0.0,1.0,0.0,0.0,0.0,1.0,0.0,0,2017.0,Supervised,Image Classification,Grouped Convolutions,"Max, Average"
2049000.0,45.5,0.0,0.875,33.0,0.0,timm,9536.0,resnext,ImageNet-1K,1.0,104.0,1000,170.0,0.0,231216.0,,legacy_seresnext101_32x4d,29211072.0,,,legacy_seresnext101_32x4d,48.955416,,1.0,1.0,1.0,1.0,1.0,0.0,1.0,0.0,0.0,0.0,1.0,0.0,0,2017.0,Supervised,Image Classification,Grouped Convolutions,"Max, Average"
385768.0,29.8,14.0,0.9,0.0,0.0,timm,97680.0,levit,ImageNet-1K,0.0,4.0,1000,4.0,0.0,385768.0,,levit_128,8336896.0,,,levit_128,9.213936,,60.0,1.0,1.0,1.0,1.0,0.0,1.0,1.0,1.0,1.0,1.0,0.0,Swish,2021.0,Supervised,Image Classification,Fast Inference Image Classification,Average
385768.0,24.1,11.0,0.9,0.0,0.0,timm,97680.0,levit,ImageNet-1K,0.0,4.0,1000,4.0,0.0,385768.0,,levit_128s,6902528.0,,,levit_128s,7.777058,,48.0,1.0,1.0,1.0,1.0,0.0,1.0,1.0,1.0,1.0,1.0,0.0,Swish,2021.0,Supervised,Image Classification,Fast Inference Image Classification,Average
385768.0,29.8,14.0,0.9,0.0,0.0,timm,219096.0,levit,ImageNet-1K,0.0,4.0,1000,4.0,0.0,385768.0,,levit_192,9951104.0,,,levit_192,10.947069,,60.0,1.0,1.0,1.0,1.0,0.0,1.0,1.0,1.0,1.0,1.0,0.0,Swish,2021.0,Supervised,Image Classification,Fast Inference Image Classification,Average
514024.0,29.8,14.0,0.9,0.0,0.0,timm,388896.0,levit,ImageNet-1K,0.0,4.0,1000,4.0,0.0,514024.0,,levit_256,17469952.0,,,levit_256,18.893876,,60.0,1.0,1.0,1.0,1.0,0.0,1.0,1.0,1.0,1.0,1.0,0.0,Swish,2021.0,Supervised,Image Classification,Fast Inference Image Classification,Average
770536.0,29.8,14.0,0.9,0.0,0.0,timm,873648.0,levit,ImageNet-1K,0.0,4.0,1000,4.0,0.0,770536.0,,levit_384,36703744.0,,,levit_384,39.128836,,60.0,1.0,1.0,1.0,1.0,0.0,1.0,1.0,1.0,1.0,1.0,0.0,Swish,2021.0,Supervised,Image Classification,Fast Inference Image Classification,Average
513000.0,45.8,28.0,0.95,0.0,0.0,timm,19360.0,maxvit,ImageNet-1K,4.0,51.0,1000,40.0,0.0,1024.0,,maxvit_nano_rw_256,14897028.0,,,maxvit_nano_rw_256,15.451148,,57.0,1.0,0.0,1.0,0.0,0.0,1.0,1.0,1.0,1.0,0.0,1.0,0,2022.0,Supervised,"Image Classification, Object Detection, Image Segmentation",Global and Local Attention,Average
513000.0,55.6,28.0,0.95,0.0,0.0,timm,19360.0,maxvit,ImageNet-1K,4.0,51.0,1000,40.0,0.0,1024.0,,maxvit_rmlp_nano_rw_256,14947332.0,,,maxvit_rmlp_nano_rw_256,15.501452,,85.0,1.0,0.0,1.0,0.0,0.0,1.0,1.0,1.0,1.0,0.0,1.0,0,2022.0,Supervised,"Image Classification, Object Detection, Image Segmentation",Global and Local Attention,Average
257000.0,85.6,44.0,0.95,0.0,0.0,timm,7608.0,maxvit,ImageNet-1K,4.0,79.0,1000,60.0,0.0,512.0,,maxvit_rmlp_pico_rw_256,7230700.0,,,maxvit_rmlp_pico_rw_256,7.51598,,133.0,1.0,0.0,1.0,0.0,0.0,1.0,1.0,1.0,1.0,0.0,1.0,0,2022.0,Supervised,"Image Classification, Object Detection, Image Segmentation",Global and Local Attention,Average
513000.0,85.6,44.0,0.95,0.0,0.0,timm,19360.0,maxvit,ImageNet-1K,4.0,79.0,1000,60.0,0.0,1024.0,,maxvit_rmlp_tiny_rw_256,28575192.0,,,maxvit_rmlp_tiny_rw_256,29.148896,,133.0,1.0,0.0,1.0,0.0,0.0,1.0,1.0,1.0,1.0,0.0,1.0,0,2022.0,Supervised,"Image Classification, Object Detection, Image Segmentation",Global and Local Attention,Average
513000.0,70.2,44.0,0.95,0.0,0.0,timm,19360.0,maxvit,ImageNet-1K,4.0,79.0,1000,60.0,0.0,1024.0,,maxvit_tiny_rw_224,28483608.0,,,maxvit_tiny_rw_224,29.057312,,89.0,1.0,0.0,1.0,0.0,0.0,1.0,1.0,1.0,1.0,0.0,1.0,0,2022.0,Supervised,"Image Classification, Object Detection, Image Segmentation",Global and Local Attention,Average
769000.0,19.9,0.0,0.875,0.0,0.0,timm,590592.0,mixer,ImageNet-1K,0.0,25.0,1000,1.0,0.0,1536.0,,mixer_b16_224,58519344.0,,,mixer_b16_224,59.880472,,49.0,0.0,0.0,1.0,0.0,0.0,1.0,0.0,0.0,0.0,0.0,1.0,0,2021.0,Supervised,Image Classification,Entirely MLP-based Image Processing,Average
16797267.0,19.9,0.0,0.875,0.0,0.0,timm,590592.0,mixer,ImageNet-21K,0.0,25.0,21843,1.0,0.0,1536.0,,mixer_b16_224_in21k,58519344.0,,,mixer_b16_224_in21k,75.908739,,49.0,0.0,0.0,1.0,0.0,0.0,1.0,0.0,0.0,0.0,0.0,1.0,0,2021.0,Supervised,Image Classification,Entirely MLP-based Image Processing,Average
769000.0,19.9,0.0,0.875,0.0,0.0,timm,590592.0,mixer,ImageNet-1K,0.0,25.0,1000,1.0,0.0,1536.0,,mixer_b16_224_miil,58519344.0,,,mixer_b16_224_miil,59.880472,,49.0,0.0,0.0,1.0,0.0,0.0,1.0,0.0,0.0,0.0,0.0,1.0,0,2021.0,Supervised,Image Classification,Entirely MLP-based Image Processing,Average
8628949.0,19.9,0.0,0.875,0.0,0.0,timm,590592.0,mixer,ImageNet-21K-P,0.0,25.0,11221,1.0,0.0,1536.0,,mixer_b16_224_miil_in21k,58519344.0,,,mixer_b16_224_miil_in21k,67.740421,,49.0,0.0,0.0,1.0,0.0,0.0,1.0,0.0,0.0,0.0,0.0,1.0,0,2021.0,Supervised,Image Classification,Entirely MLP-based Image Processing,Average
1025000.0,39.1,0.0,0.875,0.0,0.0,timm,787456.0,mixer,ImageNet-1K,0.0,49.0,1000,1.0,0.0,2048.0,,mixer_l16_224,206381664.0,,,mixer_l16_224,208.196168,,97.0,0.0,0.0,1.0,0.0,0.0,1.0,0.0,0.0,0.0,0.0,1.0,0,2021.0,Supervised,Image Classification,Entirely MLP-based Image Processing,Average
22389075.0,39.1,0.0,0.875,0.0,0.0,timm,787456.0,mixer,ImageNet-21K,0.0,49.0,21843,1.0,0.0,2048.0,,mixer_l16_224_in21k,206381664.0,,,mixer_l16_224_in21k,229.560243,,97.0,0.0,0.0,1.0,0.0,0.0,1.0,0.0,0.0,0.0,0.0,1.0,0,2021.0,Supervised,Image Classification,Entirely MLP-based Image Processing,Average
1537000.0,47.1,0.0,0.875,0.0,0.0,timm,864.0,mixnet,ImageNet-1K,0.0,58.0,1000,155.0,0.0,405504.0,,mixnet_l,5331612.0,,,mixnet_l,7.329252,,1.0,1.0,0.0,1.0,0.0,0.0,0.0,0.0,0.0,0.0,1.0,0.0,0,2019.0,Supervised,Image Classification,Mixed Depthwise Convolutional Layers,Average
1537000.0,47.1,0.0,0.875,0.0,0.0,timm,648.0,mixnet,ImageNet-1K,0.0,58.0,1000,155.0,0.0,307200.0,,mixnet_m,3127822.0,,,mixnet_m,5.014382,,1.0,1.0,0.0,1.0,0.0,0.0,0.0,0.0,0.0,0.0,1.0,0.0,0,2019.0,Supervised,Image Classification,Mixed Depthwise Convolutional Layers,Average
1537000.0,39.0,0.0,0.875,0.0,0.0,timm,432.0,mixnet,ImageNet-1K,0.0,49.0,1000,123.0,0.0,307200.0,,mixnet_s,2257782.0,,,mixnet_s,4.134606,,1.0,1.0,0.0,1.0,0.0,0.0,0.0,0.0,0.0,0.0,1.0,0.0,0,2019.0,Supervised,Image Classification,Mixed Depthwise Convolutional Layers,Average
1537000.0,57.5,0.0,0.875,0.0,0.0,timm,1080.0,mixnet,ImageNet-1K,0.0,70.0,1000,192.0,0.0,491520.0,,mixnet_xl,9786352.0,,,mixnet_xl,11.896768,,1.0,1.0,0.0,1.0,0.0,0.0,0.0,0.0,0.0,0.0,1.0,0.0,0,2019.0,Supervised,Image Classification,Mixed Depthwise Convolutional Layers,Average
1281000.0,27.2,0.0,0.875,0.0,0.0,timm,864.0,nasnet,ImageNet-1K,0.0,52.0,1000,52.0,0.0,409600.0,,mnasnet_100,2653928.0,,,mnasnet_100,4.383312,,1.0,1.0,1.0,1.0,0.0,0.0,1.0,0.0,0.0,0.0,1.0,0.0,0,2017.0,Supervised,"Image Classification, Object Detection",Neural Architecture Search,"Max, Average"
1281000.0,28.2,0.0,0.875,0.0,0.0,timm,216.0,nasnet,ImageNet-1K,0.0,46.0,1000,66.0,0.0,184320.0,,mnasnet_small,547800.0,,,mnasnet_small,2.030264,,1.0,1.0,1.0,1.0,0.0,0.0,1.0,0.0,0.0,0.0,1.0,0.0,0,2017.0,Supervised,"Image Classification, Object Detection",Neural Architecture Search,"Max, Average"
14374101.0,27.9,0.0,0.875,0.0,0.0,timm,432.0,mobilenetv3,ImageNet-21K-P,0.0,46.0,11221,63.0,0.0,1230080.0,,mobilenetv3_large_100_miil_in21k,2947120.0,,,mobilenetv3_large_100_miil_in21k,18.576133,,1.0,1.0,0.0,1.0,1.0,0.0,1.0,0.0,0.0,0.0,1.0,0.0,0,2019.0,Supervised,"Image Classification, Object Detection, Image Segmentation",Hardware-aware Network Design,"Average, Spatial Pyramid"
641000.0,39.1,9.0,0.9,7.0,0.0,timm,464.0,mobilevit,ImageNet-1K,0.0,53.0,1000,35.0,0.0,102400.0,,mobilevit_s,4822544.0,,,mobilevit_s,5.578632,,37.0,1.0,0.0,1.0,1.0,0.0,1.0,1.0,1.0,1.0,0.0,0.0,Swish,2021.0,Supervised,"Image Classification, Object Detection, Image Segmentation",ViT for Mobile Applications,Average
385000.0,39.1,9.0,0.9,7.0,0.0,timm,464.0,mobilevit,ImageNet-1K,0.0,53.0,1000,35.0,0.0,36864.0,,mobilevit_xs,1887104.0,,,mobilevit_xs,2.317848,,37.0,1.0,0.0,1.0,1.0,0.0,1.0,1.0,1.0,1.0,0.0,0.0,Swish,2021.0,Supervised,"Image Classification, Object Detection, Image Segmentation",ViT for Mobile Applications,Average
321000.0,39.2,9.0,0.9,7.0,0.0,timm,464.0,mobilevit,ImageNet-1K,0.0,53.0,1000,35.0,0.0,25600.0,,mobilevit_xxs,920880.0,,,mobilevit_xxs,1.272024,,37.0,1.0,0.0,1.0,1.0,0.0,1.0,1.0,1.0,1.0,0.0,0.0,Swish,2021.0,Supervised,"Image Classification, Object Detection, Image Segmentation",ViT for Mobile Applications,Average
257000.0,33.2,18.0,0.888,6.0,0.0,timm,464.0,mobilevitv2,ImageNet-1K,0.0,25.0,1000,64.0,0.0,1105385.0,,mobilevitv2_050,1105385.0,,,mobilevitv2_050,1.370593,,1.0,1.0,0.0,1.0,1.0,0.0,1.0,1.0,1.0,1.0,1.0,0.0,0,2022.0,Supervised,"Image Classification, Object Detection, Image Segmentation",Separable Self-Attention,"Average, Spatial Pyramid"
385000.0,33.2,18.0,0.888,6.0,0.0,timm,696.0,mobilevitv2,ImageNet-1K,0.0,25.0,1000,64.0,0.0,2468697.0,,mobilevitv2_075,2468697.0,,,mobilevitv2_075,2.866009,,1.0,1.0,0.0,1.0,1.0,0.0,1.0,1.0,1.0,1.0,1.0,0.0,0,2022.0,Supervised,"Image Classification, Object Detection, Image Segmentation",Separable Self-Attention,"Average, Spatial Pyramid"
513000.0,33.2,18.0,0.888,6.0,0.0,timm,928.0,mobilevitv2,ImageNet-1K,0.0,25.0,1000,64.0,0.0,4372425.0,,mobilevitv2_100,4372425.0,,,mobilevitv2_100,4.901841,,1.0,1.0,0.0,1.0,1.0,0.0,1.0,1.0,1.0,1.0,1.0,0.0,0,2022.0,Supervised,"Image Classification, Object Detection, Image Segmentation",Separable Self-Attention,"Average, Spatial Pyramid"
641000.0,33.2,18.0,0.888,6.0,0.0,timm,1160.0,mobilevitv2,ImageNet-1K,0.0,25.0,1000,64.0,0.0,6816569.0,,mobilevitv2_125,6816569.0,,,mobilevitv2_125,7.478089,,1.0,1.0,0.0,1.0,1.0,0.0,1.0,1.0,1.0,1.0,1.0,0.0,0,2022.0,Supervised,"Image Classification, Object Detection, Image Segmentation",Separable Self-Attention,"Average, Spatial Pyramid"
769000.0,33.2,18.0,0.888,6.0,0.0,timm,1392.0,mobilevitv2,ImageNet-1K,0.0,25.0,1000,64.0,0.0,9801129.0,,mobilevitv2_150,9801129.0,,,mobilevitv2_150,10.594753,,1.0,1.0,0.0,1.0,1.0,0.0,1.0,1.0,1.0,1.0,1.0,0.0,0,2022.0,Supervised,"Image Classification, Object Detection, Image Segmentation",Separable Self-Attention,"Average, Spatial Pyramid"
769000.0,33.2,18.0,1.0,6.0,0.0,timm,1392.0,mobilevitv2,ImageNet-1K,0.0,25.0,1000,64.0,0.0,9801129.0,,mobilevitv2_150_384_in22ft1k,9801129.0,,,mobilevitv2_150_384_in22ft1k,10.594753,,1.0,1.0,0.0,1.0,1.0,0.0,1.0,1.0,1.0,1.0,1.0,0.0,0,2022.0,Supervised,"Image Classification, Object Detection, Image Segmentation",Separable Self-Attention,"Average, Spatial Pyramid"
769000.0,33.2,18.0,0.888,6.0,0.0,timm,1392.0,mobilevitv2,ImageNet-1K,0.0,25.0,1000,64.0,0.0,9801129.0,,mobilevitv2_150_in22ft1k,9801129.0,,,mobilevitv2_150_in22ft1k,10.594753,,1.0,1.0,0.0,1.0,1.0,0.0,1.0,1.0,1.0,1.0,1.0,0.0,0,2022.0,Supervised,"Image Classification, Object Detection, Image Segmentation",Separable Self-Attention,"Average, Spatial Pyramid"
897000.0,33.2,18.0,0.888,6.0,0.0,timm,1624.0,mobilevitv2,ImageNet-1K,0.0,25.0,1000,64.0,0.0,13326105.0,,mobilevitv2_175,13326105.0,,,mobilevitv2_175,14.251833,,1.0,1.0,0.0,1.0,1.0,0.0,1.0,1.0,1.0,1.0,1.0,0.0,0,2022.0,Supervised,"Image Classification, Object Detection, Image Segmentation",Separable Self-Attention,"Average, Spatial Pyramid"
897000.0,33.2,18.0,1.0,6.0,0.0,timm,1624.0,mobilevitv2,ImageNet-1K,0.0,25.0,1000,64.0,0.0,13326105.0,,mobilevitv2_175_384_in22ft1k,13326105.0,,,mobilevitv2_175_384_in22ft1k,14.251833,,1.0,1.0,0.0,1.0,1.0,0.0,1.0,1.0,1.0,1.0,1.0,0.0,0,2022.0,Supervised,"Image Classification, Object Detection, Image Segmentation",Separable Self-Attention,"Average, Spatial Pyramid"
897000.0,33.2,18.0,0.888,6.0,0.0,timm,1624.0,mobilevitv2,ImageNet-1K,0.0,25.0,1000,64.0,0.0,13326105.0,,mobilevitv2_175_in22ft1k,13326105.0,,,mobilevitv2_175_in22ft1k,14.251833,,1.0,1.0,0.0,1.0,1.0,0.0,1.0,1.0,1.0,1.0,1.0,0.0,0,2022.0,Supervised,"Image Classification, Object Detection, Image Segmentation",Separable Self-Attention,"Average, Spatial Pyramid"
1025000.0,33.2,18.0,0.888,6.0,0.0,timm,1856.0,mobilevitv2,ImageNet-1K,0.0,25.0,1000,64.0,0.0,17391497.0,,mobilevitv2_200,17391497.0,,,mobilevitv2_200,18.449329,,1.0,1.0,0.0,1.0,1.0,0.0,1.0,1.0,1.0,1.0,1.0,0.0,0,2022.0,Supervised,"Image Classification, Object Detection, Image Segmentation",Separable Self-Attention,"Average, Spatial Pyramid"
1025000.0,33.2,18.0,1.0,6.0,0.0,timm,1856.0,mobilevitv2,ImageNet-1K,0.0,25.0,1000,64.0,0.0,17391497.0,,mobilevitv2_200_384_in22ft1k,17391497.0,,,mobilevitv2_200_384_in22ft1k,18.449329,,1.0,1.0,0.0,1.0,1.0,0.0,1.0,1.0,1.0,1.0,1.0,0.0,0,2022.0,Supervised,"Image Classification, Object Detection, Image Segmentation",Separable Self-Attention,"Average, Spatial Pyramid"
1025000.0,33.2,18.0,0.888,6.0,0.0,timm,1856.0,mobilevitv2,ImageNet-1K,0.0,25.0,1000,64.0,0.0,17391497.0,,mobilevitv2_200_in22ft1k,17391497.0,,,mobilevitv2_200_in22ft1k,18.449329,,1.0,1.0,0.0,1.0,1.0,0.0,1.0,1.0,1.0,1.0,1.0,0.0,0,2022.0,Supervised,"Image Classification, Object Detection, Image Segmentation",Separable Self-Attention,"Average, Spatial Pyramid"
769000.0,50.2,24.0,0.9,0.0,0.0,timm,14208.0,mvitv2,ImageNet-1K,3.0,121.0,1000,73.0,0.0,1536.0,,mvitv2_base,50515200.0,,,mvitv2_base,51.472744,,100.0,0.0,0.0,1.0,0.0,0.0,1.0,1.0,1.0,1.0,0.0,1.0,0,2021.0,Supervised,"Image Classification, Object Detection, Image Segmentation",Multiscale Features in Vision Transformers With Pooling Attention,Class Token
1153000.0,98.2,48.0,0.9,0.0,0.0,timm,21312.0,mvitv2,ImageNet-1K,3.0,241.0,1000,145.0,0.0,2304.0,,mvitv2_large,216583344.0,,,mvitv2_large,217.992952,,196.0,0.0,0.0,1.0,0.0,0.0,1.0,1.0,1.0,1.0,0.0,1.0,0,2021.0,Supervised,"Image Classification, Object Detection, Image Segmentation",Multiscale Features in Vision Transformers With Pooling Attention,Class Token
769000.0,34.2,16.0,0.9,0.0,0.0,timm,14208.0,mvitv2,ImageNet-1K,3.0,81.0,1000,49.0,0.0,1536.0,,mvitv2_small,33972960.0,,,mvitv2_small,34.870216,,68.0,0.0,0.0,1.0,0.0,0.0,1.0,1.0,1.0,1.0,0.0,1.0,0,2021.0,Supervised,"Image Classification, Object Detection, Image Segmentation",Multiscale Features in Vision Transformers With Pooling Attention,Class Token
769000.0,22.2,10.0,0.9,0.0,0.0,timm,14208.0,mvitv2,ImageNet-1K,3.0,51.0,1000,31.0,0.0,1536.0,,mvitv2_tiny,23307168.0,,,mvitv2_tiny,24.17332,,44.0,0.0,0.0,1.0,0.0,0.0,1.0,1.0,1.0,1.0,0.0,1.0,0,2021.0,Supervised,"Image Classification, Object Detection, Image Segmentation",Multiscale Features in Vision Transformers With Pooling Attention,Class Token
4033000.0,150.5,0.0,0.911,0.0,0.0,timm,2784.0,nasnet,ImageNet-1K,78.0,264.0,1000,488.0,0.0,49230.0,,nasnetalarge,10054464.0,,,nasnetalarge,88.75315,,1.0,1.0,1.0,1.0,0.0,0.0,1.0,0.0,0.0,0.0,1.0,0.0,0,2017.0,Supervised,"Image Classification, Object Detection",Neural Architecture Search,"Max, Average"
961000.0,30.8,0.0,0.9,0.0,0.0,timm,1160.0,regnet,ImageNet-1K,4.0,0.0,1000,106.0,0.0,316800.0,,nf_regnet_b1,8945024.0,,,nf_regnet_b1,10.223984,,1.0,,,,,,,,,,,,,,,,,
2049000.0,15.7,0.0,0.94,0.0,0.0,timm,9536.0,resnet,ImageNet-1K,4.0,0.0,1000,53.0,0.0,23498496.0,,nf_resnet50,23498496.0,,,nf_resnet50,25.557032,,1.0,1.0,1.0,1.0,1.0,0.0,1.0,0.0,0.0,0.0,1.0,0.0,0,2015.0,Supervised,"Image Classification, Object Detection, Image Segmentation",Deep Residual Learning for Image Recognition,"Max, Average"
2305000.0,22.6,0.0,1.0,0.0,0.0,timm,97680.0,nfnet,ImageNet-1K,3.0,0.0,1000,81.0,0.0,3543552.0,,nfnet_l0,29128256.0,,,nfnet_l0,35.074488,,1.0,1.0,1.0,1.0,0.0,0.0,1.0,0.0,0.0,0.0,0.0,1.0,0,2021.0,Supervised,Image Classification,Normalization-Free ResNet with High Performance,Average
1025000.0,25.6,17.0,0.9,0.0,0.0,timm,150784.0,pit,ImageNet-1K,0.0,27.0,1000,3.0,0.0,2048.0,,pit_b_224,72340736.0,,,pit_b_224,73.76484,,55.0,0.0,0.0,1.0,0.0,0.0,1.0,1.0,1.0,1.0,0.0,1.0,0,2021.0,Supervised,"Image Classification, Object Detection",Learnable Pooling in Vision Transformer,Class Token
1025000.0,25.7,17.0,0.9,0.0,0.0,timm,150784.0,pit,ImageNet-1K,0.0,27.0,1000,3.0,0.0,2048.0,,pit_b_distilled_224,72340736.0,,,pit_b_distilled_224,74.790096,,56.0,0.0,0.0,1.0,0.0,0.0,1.0,1.0,1.0,1.0,0.0,1.0,0,2021.0,Supervised,"Image Classification, Object Detection",Learnable Pooling in Vision Transformer,Class Token
577000.0,23.8,16.0,0.9,0.0,0.0,timm,110736.0,pit,ImageNet-1K,0.0,25.0,1000,3.0,0.0,1152.0,,pit_s_224,22667904.0,,,pit_s_224,23.461912,,51.0,0.0,0.0,1.0,0.0,0.0,1.0,1.0,1.0,1.0,0.0,1.0,0,2021.0,Supervised,"Image Classification, Object Detection",Learnable Pooling in Vision Transformer,Class Token
577000.0,23.9,16.0,0.9,0.0,0.0,timm,110736.0,pit,ImageNet-1K,0.0,25.0,1000,3.0,0.0,1152.0,,pit_s_distilled_224,22667904.0,,,pit_s_distilled_224,24.039056,,52.0,0.0,0.0,1.0,0.0,0.0,1.0,1.0,1.0,1.0,0.0,1.0,0,2021.0,Supervised,"Image Classification, Object Detection",Learnable Pooling in Vision Transformer,Class Token
257000.0,23.8,16.0,0.9,0.0,0.0,timm,49216.0,pit,ImageNet-1K,0.0,25.0,1000,3.0,0.0,512.0,,pit_ti_224,4493824.0,,,pit_ti_224,4.847272,,51.0,0.0,0.0,1.0,0.0,0.0,1.0,1.0,1.0,1.0,0.0,1.0,0,2021.0,Supervised,"Image Classification, Object Detection",Learnable Pooling in Vision Transformer,Class Token
257000.0,23.9,16.0,0.9,0.0,0.0,timm,49216.0,pit,ImageNet-1K,0.0,25.0,1000,3.0,0.0,512.0,,pit_ti_distilled_224,4493824.0,,,pit_ti_distilled_224,5.104336,,52.0,0.0,0.0,1.0,0.0,0.0,1.0,1.0,1.0,1.0,0.0,1.0,0,2021.0,Supervised,"Image Classification, Object Detection",Learnable Pooling in Vision Transformer,Class Token
385000.0,23.8,16.0,0.9,0.0,0.0,timm,73824.0,pit,ImageNet-1K,0.0,25.0,1000,3.0,0.0,768.0,,pit_xs_224,10089216.0,,,pit_xs_224,10.618888,,51.0,0.0,0.0,1.0,0.0,0.0,1.0,1.0,1.0,1.0,0.0,1.0,0,2021.0,Supervised,"Image Classification, Object Detection",Learnable Pooling in Vision Transformer,Class Token
385000.0,23.9,16.0,0.9,0.0,0.0,timm,73824.0,pit,ImageNet-1K,0.0,25.0,1000,3.0,0.0,768.0,,pit_xs_distilled_224,10089216.0,,,pit_xs_distilled_224,11.003984,,52.0,0.0,0.0,1.0,0.0,0.0,1.0,1.0,1.0,1.0,0.0,1.0,0,2021.0,Supervised,"Image Classification, Object Detection",Learnable Pooling in Vision Transformer,Class Token
4321000.0,114.2,0.0,0.911,0.0,0.0,timm,2784.0,nasnet,ImageNet-1K,50.0,201.0,1000,373.0,0.0,69468.0,,pnasnet5large,16664832.0,,,pnasnet5large,86.057668,,1.0,1.0,1.0,1.0,0.0,0.0,1.0,0.0,0.0,0.0,1.0,0.0,0,2017.0,Supervised,"Image Classification, Object Detection",Neural Architecture Search,"Max, Average"
769000.0,48.8,0.0,0.95,0.0,0.0,timm,14208.0,poolformer,ImageNet-1K,36.0,0.0,1000,76.0,0.0,1536.0,,poolformer_m36,55361280.0,,,poolformer_m36,56.17252,,1.0,0.0,0.0,1.0,0.0,0.0,1.0,0.0,1.0,0.0,0.0,1.0,0,2021.0,Supervised,"Image Classification, Object Detection, Image Segmentation",Pooling Operations Instead of Attention,Average
769000.0,64.4,0.0,0.95,0.0,0.0,timm,14208.0,poolformer,ImageNet-1K,48.0,0.0,1000,100.0,0.0,1536.0,,poolformer_m48,72653376.0,,,poolformer_m48,73.473448,,1.0,0.0,0.0,1.0,0.0,0.0,1.0,0.0,1.0,0.0,0.0,1.0,0,2021.0,Supervised,"Image Classification, Object Detection, Image Segmentation",Pooling Operations Instead of Attention,Average
513000.0,17.6,0.0,0.9,0.0,0.0,timm,9472.0,poolformer,ImageNet-1K,12.0,0.0,1000,28.0,0.0,1024.0,,poolformer_s12,11385024.0,,,poolformer_s12,11.915176,,1.0,0.0,0.0,1.0,0.0,0.0,1.0,0.0,1.0,0.0,0.0,1.0,0,2021.0,Supervised,"Image Classification, Object Detection, Image Segmentation",Pooling Operations Instead of Attention,Average
513000.0,33.2,0.0,0.9,0.0,0.0,timm,9472.0,poolformer,ImageNet-1K,24.0,0.0,1000,52.0,0.0,1024.0,,poolformer_s24,20852160.0,,,poolformer_s24,21.388968,,1.0,0.0,0.0,1.0,0.0,0.0,1.0,0.0,1.0,0.0,0.0,1.0,0,2021.0,Supervised,"Image Classification, Object Detection, Image Segmentation",Pooling Operations Instead of Attention,Average
513000.0,48.8,0.0,0.9,0.0,0.0,timm,9472.0,poolformer,ImageNet-1K,36.0,0.0,1000,76.0,0.0,1024.0,,poolformer_s36,30319296.0,,,poolformer_s36,30.86276,,1.0,0.0,0.0,1.0,0.0,0.0,1.0,0.0,1.0,0.0,0.0,1.0,0,2021.0,Supervised,"Image Classification, Object Detection, Image Segmentation",Pooling Operations Instead of Attention,Average
257000.0,17.5,13.0,0.9,0.0,0.0,timm,4800.0,pvt_v2,ImageNet-1K,0.0,30.0,1000,18.0,0.0,3404960.0,,pvt_v2_b0,3404960.0,,,pvt_v2_b0,3.66676,,41.0,1.0,0.0,1.0,0.0,0.0,1.0,1.0,1.0,1.0,0.0,1.0,0,2021.0,Supervised,"Image Classification, Object Detection, Image Segmentation",Optimized Pyramid Vision Transformer Structure,Average
513000.0,17.5,13.0,0.9,0.0,0.0,timm,9600.0,pvt_v2,ImageNet-1K,0.0,30.0,1000,18.0,0.0,13486400.0,,pvt_v2_b1,13486400.0,,,pvt_v2_b1,14.009,,41.0,1.0,0.0,1.0,0.0,0.0,1.0,1.0,1.0,1.0,0.0,1.0,0,2021.0,Supervised,"Image Classification, Object Detection, Image Segmentation",Optimized Pyramid Vision Transformer Structure,Average
513000.0,32.5,21.0,0.9,0.0,0.0,timm,9600.0,pvt_v2,ImageNet-1K,0.0,53.0,1000,33.0,0.0,24840256.0,,pvt_v2_b2,24840256.0,,,pvt_v2_b2,25.362856,,81.0,1.0,0.0,1.0,0.0,0.0,1.0,1.0,1.0,1.0,0.0,1.0,0,2021.0,Supervised,"Image Classification, Object Detection, Image Segmentation",Optimized Pyramid Vision Transformer Structure,Average
513000.0,36.3,21.0,0.9,0.0,0.0,timm,9600.0,pvt_v2,ImageNet-1K,0.0,56.0,1000,36.0,0.0,22030912.0,,pvt_v2_b2_li,22030912.0,,,pvt_v2_b2_li,22.553512,,81.0,1.0,0.0,1.0,0.0,0.0,1.0,1.0,1.0,1.0,0.0,1.0,0,2021.0,Supervised,"Image Classification, Object Detection, Image Segmentation",Optimized Pyramid Vision Transformer Structure,Average
513000.0,55.3,33.0,0.9,0.0,0.0,timm,9600.0,pvt_v2,ImageNet-1K,0.0,89.0,1000,57.0,0.0,44716096.0,,pvt_v2_b3,44716096.0,,,pvt_v2_b3,45.238696,,141.0,1.0,0.0,1.0,0.0,0.0,1.0,1.0,1.0,1.0,0.0,1.0,0,2021.0,Supervised,"Image Classification, Object Detection, Image Segmentation",Optimized Pyramid Vision Transformer Structure,Average
513000.0,80.0,46.0,0.9,0.0,0.0,timm,9600.0,pvt_v2,ImageNet-1K,0.0,128.0,1000,83.0,0.0,62033472.0,,pvt_v2_b4,62033472.0,,,pvt_v2_b4,62.556072,,206.0,1.0,0.0,1.0,0.0,0.0,1.0,1.0,1.0,1.0,0.0,1.0,0,2021.0,Supervised,"Image Classification, Object Detection, Image Segmentation",Optimized Pyramid Vision Transformer Structure,Average
1089000.0,47.5,0.0,1.0,22.0,0.0,timm,864.0,regnet,ImageNet-1K,0.0,66.0,1000,115.0,0.0,215336.0,,regnetv_040,11263408.0,,,regnetv_040,20.64064,,1.0,,,,,,,,,,,,,,,,,
1297000.0,54.6,0.0,1.0,25.0,0.0,timm,864.0,regnet,ImageNet-1K,4.0,75.0,1000,130.0,0.0,271052.0,,regnetv_064,16764696.0,,,regnetv_064,30.576052,,1.0,,,,,,,,,,,,,,,,,
369000.0,29.3,0.0,0.875,13.0,13.0,timm,928.0,regnetx,ImageNet-1K,0.0,44.0,1000,44.0,0.0,3840.0,,regnetx_002,2057856.0,,,regnetx_002,2.684792,,1.0,1.0,1.0,1.0,1.0,0.0,1.0,0.0,0.0,0.0,1.0,0.0,0,2020.0,Supervised,Image Classification,Systematic Network Design No Squeeze Excitation,Average
385000.0,47.3,0.0,0.875,22.0,22.0,timm,928.0,regnetx,ImageNet-1K,0.0,71.0,1000,71.0,0.0,7680.0,,regnetx_004,4177920.0,,,regnetx_004,5.157512,,1.0,1.0,1.0,1.0,1.0,0.0,1.0,0.0,0.0,0.0,1.0,0.0,0,2020.0,Supervised,Image Classification,Systematic Network Design No Squeeze Excitation,Average
529000.0,35.3,0.0,0.875,16.0,16.0,timm,928.0,regnetx,ImageNet-1K,0.0,53.0,1000,53.0,0.0,15744.0,,regnetx_006,4675968.0,,,regnetx_006,6.19604,,1.0,1.0,1.0,1.0,1.0,0.0,1.0,0.0,0.0,0.0,1.0,0.0,0,2020.0,Supervised,Image Classification,Systematic Network Design No Squeeze Excitation,Average
673000.0,35.3,0.0,0.875,16.0,16.0,timm,928.0,regnetx,ImageNet-1K,0.0,53.0,1000,53.0,0.0,17408.0,,regnetx_008,4935168.0,,,regnetx_008,7.259656,,1.0,1.0,1.0,1.0,1.0,0.0,1.0,0.0,0.0,0.0,1.0,0.0,0,2020.0,Supervised,Image Classification,Systematic Network Design No Squeeze Excitation,Average
913000.0,39.3,0.0,0.875,18.0,18.0,timm,928.0,regnetx,ImageNet-1K,0.0,59.0,1000,59.0,0.0,51264.0,,regnetx_016,4181184.0,,,regnetx_016,9.190136,,1.0,1.0,1.0,1.0,1.0,0.0,1.0,0.0,0.0,0.0,1.0,0.0,0,2020.0,Supervised,Image Classification,Systematic Network Design No Squeeze Excitation,Average
1009000.0,53.3,0.0,0.875,25.0,25.0,timm,928.0,regnetx,ImageNet-1K,0.0,80.0,1000,80.0,0.0,116736.0,,regnetx_032,8377344.0,,,regnetx_032,15.296552,,1.0,1.0,1.0,1.0,1.0,0.0,1.0,0.0,0.0,0.0,1.0,0.0,0,2020.0,Supervised,Image Classification,Systematic Network Design No Squeeze Excitation,Average
1361000.0,49.3,0.0,0.875,23.0,23.0,timm,928.0,regnetx,ImageNet-1K,0.0,74.0,1000,74.0,0.0,81920.0,,regnetx_040,11558400.0,,,regnetx_040,22.118248,,1.0,1.0,1.0,1.0,1.0,0.0,1.0,0.0,0.0,0.0,1.0,0.0,0,2020.0,Supervised,Image Classification,Systematic Network Design No Squeeze Excitation,Average
1625000.0,37.3,0.0,0.875,17.0,17.0,timm,928.0,regnetx,ImageNet-1K,0.0,56.0,1000,56.0,0.0,264768.0,,regnetx_064,16244480.0,,,regnetx_064,26.209256,,1.0,1.0,1.0,1.0,1.0,0.0,1.0,0.0,0.0,0.0,1.0,0.0,0,2020.0,Supervised,Image Classification,Systematic Network Design No Squeeze Excitation,Average
1921000.0,49.3,0.0,0.875,23.0,23.0,timm,928.0,regnetx,ImageNet-1K,0.0,74.0,1000,74.0,0.0,139520.0,,regnetx_080,27043200.0,,,regnetx_080,39.572648,,1.0,1.0,1.0,1.0,1.0,0.0,1.0,0.0,0.0,0.0,1.0,0.0,0,2020.0,Supervised,Image Classification,Systematic Network Design No Squeeze Excitation,Average
2241000.0,41.3,0.0,0.875,19.0,19.0,timm,928.0,regnetx,ImageNet-1K,0.0,62.0,1000,62.0,0.0,616448.0,,regnetx_120,27596800.0,,,regnetx_120,46.106056,,1.0,1.0,1.0,1.0,1.0,0.0,1.0,0.0,0.0,0.0,1.0,0.0,0,2020.0,Supervised,Image Classification,Systematic Network Design No Squeeze Excitation,Average
2049000.0,47.3,0.0,0.875,22.0,22.0,timm,928.0,regnetx,ImageNet-1K,0.0,71.0,1000,71.0,0.0,802816.0,,regnetx_160,34406400.0,,,regnetx_160,54.278536,,1.0,1.0,1.0,1.0,1.0,0.0,1.0,0.0,0.0,0.0,1.0,0.0,0,2020.0,Supervised,Image Classification,Systematic Network Design No Squeeze Excitation,Average
2521000.0,49.3,0.0,0.875,23.0,23.0,timm,928.0,regnetx,ImageNet-1K,0.0,74.0,1000,74.0,0.0,1376256.0,,regnetx_320,73382400.0,,,regnetx_320,107.81156,,1.0,1.0,1.0,1.0,1.0,0.0,1.0,0.0,0.0,0.0,1.0,0.0,0,2020.0,Supervised,Image Classification,Systematic Network Design No Squeeze Excitation,Average
369000.0,35.8,0.0,0.875,13.0,13.0,timm,928.0,regnety,ImageNet-1K,0.0,44.0,1000,70.0,0.0,4256.0,,regnety_002,2495262.0,,,regnety_002,3.162996,,1.0,1.0,1.0,1.0,1.0,0.0,1.0,0.0,0.0,0.0,0.0,0.0,SiLU,2020.0,Supervised,Image Classification,Regnet With Squeeze Excitation,Average
441000.0,43.3,0.0,0.875,16.0,16.0,timm,928.0,regnety,ImageNet-1K,0.0,53.0,1000,85.0,0.0,9656.0,,regnety_004,3035722.0,,,regnety_004,4.344144,,1.0,1.0,1.0,1.0,1.0,0.0,1.0,0.0,0.0,0.0,0.0,0.0,SiLU,2020.0,Supervised,Image Classification,Regnet With Squeeze Excitation,Average
609000.0,40.8,0.0,0.875,15.0,15.0,timm,928.0,regnety,ImageNet-1K,0.0,50.0,1000,80.0,0.0,13112.0,,regnety_006,3884424.0,,,regnety_006,6.05516,,1.0,1.0,1.0,1.0,1.0,0.0,1.0,0.0,0.0,0.0,0.0,0.0,SiLU,2020.0,Supervised,Image Classification,Regnet With Squeeze Excitation,Average
769000.0,38.3,0.0,0.875,14.0,14.0,timm,928.0,regnety,ImageNet-1K,0.0,47.0,1000,75.0,0.0,18504.0,,regnety_008,2901776.0,,,regnety_008,6.263168,,1.0,1.0,1.0,1.0,1.0,0.0,1.0,0.0,0.0,0.0,0.0,0.0,SiLU,2020.0,Supervised,Image Classification,Regnet With Squeeze Excitation,Average
889000.0,70.8,0.0,0.875,27.0,27.0,timm,928.0,regnety,ImageNet-1K,0.0,86.0,1000,140.0,0.0,32756.0,,regnety_016,5970414.0,,,regnety_016,11.20243,,1.0,1.0,1.0,1.0,1.0,0.0,1.0,0.0,0.0,0.0,0.0,0.0,SiLU,2020.0,Supervised,Image Classification,Regnet With Squeeze Excitation,Average
1513000.0,55.8,0.0,1.0,21.0,21.0,timm,928.0,regnety,ImageNet-1K,0.0,68.0,1000,110.0,0.0,55178.0,,regnety_032,12222774.0,,,regnety_032,19.436338,,1.0,1.0,1.0,1.0,1.0,0.0,1.0,0.0,0.0,0.0,0.0,0.0,SiLU,2020.0,Supervised,Image Classification,Regnet With Squeeze Excitation,Average
1089000.0,58.3,0.0,1.0,22.0,22.0,timm,928.0,regnety,ImageNet-1K,0.0,71.0,1000,115.0,0.0,215336.0,,regnety_040,11263408.0,,,regnety_040,20.646656,,1.0,1.0,1.0,1.0,1.0,0.0,1.0,0.0,0.0,0.0,0.0,0.0,SiLU,2020.0,Supervised,Image Classification,Regnet With Squeeze Excitation,Average
1297000.0,65.8,0.0,1.0,25.0,25.0,timm,928.0,regnety,ImageNet-1K,0.0,80.0,1000,130.0,0.0,271052.0,,regnety_064,16764696.0,,,regnety_064,30.583252,,1.0,1.0,1.0,1.0,1.0,0.0,1.0,0.0,0.0,0.0,0.0,0.0,SiLU,2020.0,Supervised,Image Classification,Regnet With Squeeze Excitation,Average
2017000.0,45.8,0.0,1.0,17.0,17.0,timm,928.0,regnety,ImageNet-1K,0.0,56.0,1000,90.0,0.0,281954.0,,regnety_080,24396624.0,,,regnety_080,39.180068,,1.0,1.0,1.0,1.0,1.0,0.0,1.0,0.0,0.0,0.0,0.0,0.0,SiLU,2020.0,Supervised,Image Classification,Regnet With Squeeze Excitation,Average
2241000.0,50.8,0.0,0.875,19.0,19.0,timm,928.0,regnety,ImageNet-1K,0.0,62.0,1000,100.0,0.0,645632.0,,regnety_120,31823792.0,,,regnety_120,51.822544,,1.0,1.0,1.0,1.0,1.0,0.0,1.0,0.0,0.0,0.0,0.0,0.0,SiLU,2020.0,Supervised,Image Classification,Regnet With Squeeze Excitation,Average
3025000.0,48.3,0.0,1.0,18.0,18.0,timm,928.0,regnety,ImageNet-1K,0.0,59.0,1000,95.0,0.0,645632.0,,regnety_160,54520424.0,,,regnety_160,83.59014,,1.0,1.0,1.0,1.0,1.0,0.0,1.0,0.0,0.0,0.0,0.0,0.0,SiLU,2020.0,Supervised,Image Classification,Regnet With Squeeze Excitation,Average
3713000.0,53.3,0.0,0.875,20.0,20.0,timm,928.0,regnety,ImageNet-1K,0.0,65.0,1000,105.0,0.0,1176306.0,,regnety_320,92544162.0,,,regnety_320,145.04677,,1.0,1.0,1.0,1.0,1.0,0.0,1.0,0.0,0.0,0.0,0.0,0.0,SiLU,2020.0,Supervised,Image Classification,Regnet With Squeeze Excitation,Average
529000.0,71.3,0.0,1.0,28.0,28.0,timm,928.0,regnetz,ImageNet-1K,0.0,85.0,1000,141.0,0.0,69524.0,,regnetz_040,16740432.0,,,regnetz_040,27.1168,,1.0,1.0,1.0,1.0,1.0,0.0,1.0,0.0,0.0,0.0,0.0,0.0,SiLU,2020.0,Supervised,Image Classification,Z Block with Inverted Bottlenecks,Average
1537000.0,71.7,0.0,1.0,28.0,28.0,timm,928.0,regnetz,ImageNet-1K,0.0,86.0,1000,142.0,0.0,69524.0,,regnetz_040h,16740432.0,,,regnetz_040h,28.93888,,1.0,1.0,1.0,1.0,1.0,0.0,1.0,0.0,0.0,0.0,0.0,0.0,SiLU,2020.0,Supervised,Image Classification,Z Block with Inverted Bottlenecks,Average
1537000.0,61.2,0.0,0.94,22.0,0.0,timm,928.0,regnetz,ImageNet-1K,0.0,68.0,1000,112.0,0.0,442368.0,,regnetz_b16,7685456.0,,,regnetz_b16,9.71548,,1.0,1.0,1.0,1.0,1.0,0.0,1.0,0.0,0.0,0.0,0.0,0.0,SiLU,2020.0,Supervised,Image Classification,Z Block with Inverted Bottlenecks,Average
1537000.0,61.2,0.0,0.94,22.0,0.0,timm,928.0,regnetz,ImageNet-1K,0.0,68.0,1000,112.0,0.0,442368.0,,regnetz_c16,11416672.0,,,regnetz_c16,13.45988,,1.0,1.0,1.0,1.0,1.0,0.0,1.0,0.0,0.0,0.0,0.0,0.0,SiLU,2020.0,Supervised,Image Classification,Z Block with Inverted Bottlenecks,Average
1537000.0,47.6,0.0,0.95,22.0,0.0,timm,960.0,regnetz,ImageNet-1K,0.0,0.0,1000,112.0,0.0,446976.0,,regnetz_c16_evos,11502880.0,,,regnetz_c16_evos,13.487816,,1.0,1.0,1.0,1.0,1.0,0.0,1.0,0.0,0.0,0.0,0.0,0.0,SiLU,2020.0,Supervised,Image Classification,Z Block with Inverted Bottlenecks,Average
1793000.0,67.8,0.0,1.0,24.0,0.0,timm,26232.0,regnetz,ImageNet-1K,0.0,76.0,1000,124.0,0.0,688128.0,,regnetz_d8,20774656.0,,,regnetz_d8,23.373792,,1.0,1.0,1.0,1.0,1.0,0.0,1.0,0.0,0.0,0.0,0.0,0.0,SiLU,2020.0,Supervised,Image Classification,Z Block with Inverted Bottlenecks,Average
1793000.0,52.6,0.0,0.95,24.0,0.0,timm,76032.0,regnetz,ImageNet-1K,0.0,0.0,1000,124.0,0.0,693504.0,,regnetz_d8_evos,20901760.0,,,regnetz_d8_evos,23.464296,,1.0,1.0,1.0,1.0,1.0,0.0,1.0,0.0,0.0,0.0,0.0,0.0,SiLU,2020.0,Supervised,Image Classification,Z Block with Inverted Bottlenecks,Average
1793000.0,67.8,0.0,0.95,24.0,0.0,timm,26232.0,regnetz,ImageNet-1K,0.0,76.0,1000,124.0,0.0,688128.0,,regnetz_d32,24977152.0,,,regnetz_d32,27.576288,,1.0,1.0,1.0,1.0,1.0,0.0,1.0,0.0,0.0,0.0,0.0,0.0,SiLU,2020.0,Supervised,Image Classification,Z Block with Inverted Bottlenecks,Average
2049000.0,83.9,0.0,1.0,30.0,0.0,timm,26232.0,regnetz,ImageNet-1K,0.0,94.0,1000,154.0,0.0,1048576.0,,regnetz_e8,54406368.0,,,regnetz_e8,57.698176,,1.0,1.0,1.0,1.0,1.0,0.0,1.0,0.0,0.0,0.0,0.0,0.0,SiLU,2020.0,Supervised,Image Classification,Z Block with Inverted Bottlenecks,Average
1409000.0,37.2,0.0,0.875,0.0,0.0,timm,2176.0,vgg,ImageNet-1K,0.0,61.0,1000,44.0,0.0,26757120.0,,repvgg_a2,26757120.0,,,repvgg_a2,28.2106,,1.0,1.0,0.0,1.0,0.0,0.0,0.0,0.0,0.0,0.0,1.0,0.0,0,2014.0,Supervised,Image Classification,Deep Architecture with 11 Layers,Max
1281000.0,47.4,0.0,0.875,0.0,0.0,timm,2176.0,vgg,ImageNet-1K,0.0,79.0,1000,56.0,0.0,14499840.0,,repvgg_b0,14499840.0,,,repvgg_b0,15.81796,,1.0,1.0,0.0,1.0,0.0,0.0,0.0,0.0,0.0,0.0,1.0,0.0,0,2014.0,Supervised,Image Classification,Deep Architecture with 11 Layers,Max
2049000.0,47.4,0.0,0.875,0.0,0.0,timm,2176.0,vgg,ImageNet-1K,0.0,79.0,1000,56.0,0.0,55296000.0,,repvgg_b1,55296000.0,,,repvgg_b1,57.415016,,1.0,1.0,0.0,1.0,0.0,0.0,0.0,0.0,0.0,0.0,1.0,0.0,0,2014.0,Supervised,Image Classification,Deep Architecture with 11 Layers,Max
2049000.0,47.4,0.0,0.875,0.0,0.0,timm,2176.0,vgg,ImageNet-1K,0.0,79.0,1000,56.0,0.0,37847040.0,,repvgg_b1g4,37847040.0,,,repvgg_b1g4,39.966056,,1.0,1.0,0.0,1.0,0.0,0.0,0.0,0.0,0.0,0.0,1.0,0.0,0,2014.0,Supervised,Image Classification,Deep Architecture with 11 Layers,Max
2561000.0,47.4,0.0,0.875,0.0,0.0,timm,2176.0,vgg,ImageNet-1K,0.0,79.0,1000,56.0,0.0,86374400.0,,repvgg_b2,86374400.0,,,repvgg_b2,89.022376,,1.0,1.0,0.0,1.0,0.0,0.0,0.0,0.0,0.0,0.0,1.0,0.0,0,2014.0,Supervised,Image Classification,Deep Architecture with 11 Layers,Max
2561000.0,47.4,0.0,0.875,0.0,0.0,timm,2176.0,vgg,ImageNet-1K,0.0,79.0,1000,56.0,0.0,59110400.0,,repvgg_b2g4,59110400.0,,,repvgg_b2g4,61.758376,,1.0,1.0,0.0,1.0,0.0,0.0,0.0,0.0,0.0,0.0,1.0,0.0,0,2014.0,Supervised,Image Classification,Deep Architecture with 11 Layers,Max
2561000.0,47.4,0.0,0.875,0.0,0.0,timm,2176.0,vgg,ImageNet-1K,0.0,79.0,1000,56.0,0.0,120422400.0,,repvgg_b3,120422400.0,,,repvgg_b3,123.085288,,1.0,1.0,0.0,1.0,0.0,0.0,0.0,0.0,0.0,0.0,1.0,0.0,0,2014.0,Supervised,Image Classification,Deep Architecture with 11 Layers,Max
2561000.0,47.4,0.0,0.875,0.0,0.0,timm,2176.0,vgg,ImageNet-1K,0.0,79.0,1000,56.0,0.0,81162240.0,,repvgg_b3g4,81162240.0,,,repvgg_b3g4,83.825128,,1.0,1.0,0.0,1.0,0.0,0.0,0.0,0.0,0.0,0.0,1.0,0.0,0,2014.0,Supervised,Image Classification,Deep Architecture with 11 Layers,Max
2049000.0,38.1,0.0,0.875,0.0,0.0,timm,9408.0,res2net,ImageNet-1K,5.0,149.0,1000,149.0,0.0,128.0,,res2net50_14w_8s,14586976.0,,,res2net50_14w_8s,25.059816,,1.0,1.0,1.0,1.0,1.0,0.0,1.0,0.0,0.0,0.0,1.0,0.0,0,2019.0,Supervised,"Image Classification, Object Detection, Image Segmentation",Hierarchical Residual-Like Connections,Average
2049000.0,25.3,0.0,0.875,0.0,0.0,timm,9408.0,res2net,ImageNet-1K,5.0,85.0,1000,85.0,0.0,128.0,,res2net50_26w_4s,14998304.0,,,res2net50_26w_4s,25.69912,,1.0,1.0,1.0,1.0,1.0,0.0,1.0,0.0,0.0,0.0,1.0,0.0,0,2019.0,Supervised,"Image Classification, Object Detection, Image Segmentation",Hierarchical Residual-Like Connections,Average
2049000.0,31.7,0.0,0.875,0.0,0.0,timm,9408.0,res2net,ImageNet-1K,5.0,117.0,1000,117.0,0.0,128.0,,res2net50_26w_6s,22025376.0,,,res2net50_26w_6s,37.051448,,1.0,1.0,1.0,1.0,1.0,0.0,1.0,0.0,0.0,0.0,1.0,0.0,0,2019.0,Supervised,"Image Classification, Object Detection, Image Segmentation",Hierarchical Residual-Like Connections,Average
2049000.0,38.1,0.0,0.875,0.0,0.0,timm,9408.0,res2net,ImageNet-1K,5.0,149.0,1000,149.0,0.0,128.0,,res2net50_26w_8s,29052448.0,,,res2net50_26w_8s,48.403776,,1.0,1.0,1.0,1.0,1.0,0.0,1.0,0.0,0.0,0.0,1.0,0.0,0,2019.0,Supervised,"Image Classification, Object Detection, Image Segmentation",Hierarchical Residual-Like Connections,Average
2049000.0,18.9,0.0,0.875,0.0,0.0,timm,9408.0,res2net,ImageNet-1K,5.0,53.0,1000,53.0,0.0,128.0,,res2net50_48w_2s,14752512.0,,,res2net50_48w_2s,25.287304,,1.0,1.0,1.0,1.0,1.0,0.0,1.0,0.0,0.0,0.0,1.0,0.0,0,2019.0,Supervised,"Image Classification, Object Detection, Image Segmentation",Hierarchical Residual-Like Connections,Average
2049000.0,49.1,0.0,0.875,0.0,0.0,timm,9408.0,res2net,ImageNet-1K,5.0,170.0,1000,170.0,0.0,128.0,,res2net101_26w_4s,26705936.0,,,res2net101_26w_4s,45.206688,,1.0,1.0,1.0,1.0,1.0,0.0,1.0,0.0,0.0,0.0,1.0,0.0,0,2019.0,Supervised,"Image Classification, Object Detection, Image Segmentation",Hierarchical Residual-Like Connections,Average
2049000.0,25.3,0.0,0.875,0.0,0.0,timm,9408.0,res2next,ImageNet-1K,5.0,85.0,1000,85.0,0.0,128.0,,res2next50,14322176.0,,,res2next50,24.671464,,1.0,1.0,1.0,1.0,1.0,0.0,1.0,0.0,0.0,0.0,1.0,0.0,0,2019.0,Supervised,"Image Classification, Object Detection, Image Segmentation",Enhanced Grouped Convolutions,Average
385000.0,13.9,0.0,0.875,0.0,0.0,timm,295296.0,resmlp,ImageNet-1K,0.0,0.0,1000,1.0,0.0,768.0,,resmlp_12_224,14660592.0,,,resmlp_12_224,15.350872,,37.0,1.0,0.0,1.0,0.0,0.0,1.0,0.0,1.0,0.0,0.0,1.0,0,2021.0,Self-Supervised,Image Classification,Residual MLP for Image Classification,Average
385000.0,13.9,0.0,0.875,0.0,0.0,timm,295296.0,resmlp,ImageNet-1K,0.0,0.0,1000,1.0,0.0,768.0,,resmlp_12_224_dino,14660592.0,,,resmlp_12_224_dino,15.350872,,37.0,1.0,0.0,1.0,0.0,0.0,1.0,0.0,1.0,0.0,0.0,1.0,0,2021.0,Self-Supervised,Image Classification,Residual MLP for Image Classification,Average
385000.0,13.9,0.0,0.875,0.0,0.0,timm,295296.0,resmlp,ImageNet-1K,0.0,0.0,1000,1.0,0.0,768.0,,resmlp_12_distilled_224,14660592.0,,,resmlp_12_distilled_224,15.350872,,37.0,1.0,0.0,1.0,0.0,0.0,1.0,0.0,1.0,0.0,0.0,1.0,0,2021.0,Self-Supervised,Image Classification,Residual MLP for Image Classification,Average
385000.0,27.1,0.0,0.875,0.0,0.0,timm,295296.0,resmlp,ImageNet-1K,0.0,0.0,1000,1.0,0.0,768.0,,resmlp_24_224,29321184.0,,,resmlp_24_224,30.02068,,73.0,1.0,0.0,1.0,0.0,0.0,1.0,0.0,1.0,0.0,0.0,1.0,0,2021.0,Self-Supervised,Image Classification,Residual MLP for Image Classification,Average
385000.0,27.1,0.0,0.875,0.0,0.0,timm,295296.0,resmlp,ImageNet-1K,0.0,0.0,1000,1.0,0.0,768.0,,resmlp_24_224_dino,29321184.0,,,resmlp_24_224_dino,30.02068,,73.0,1.0,0.0,1.0,0.0,0.0,1.0,0.0,1.0,0.0,0.0,1.0,0,2021.0,Self-Supervised,Image Classification,Residual MLP for Image Classification,Average
385000.0,27.1,0.0,0.875,0.0,0.0,timm,295296.0,resmlp,ImageNet-1K,0.0,0.0,1000,1.0,0.0,768.0,,resmlp_24_distilled_224,29321184.0,,,resmlp_24_distilled_224,30.02068,,73.0,1.0,0.0,1.0,0.0,0.0,1.0,0.0,1.0,0.0,0.0,1.0,0,2021.0,Self-Supervised,Image Classification,Residual MLP for Image Classification,Average
385000.0,40.3,0.0,0.875,0.0,0.0,timm,295296.0,resmlp,ImageNet-1K,0.0,0.0,1000,1.0,0.0,768.0,,resmlp_36_224,43981776.0,,,resmlp_36_224,44.690488,,109.0,1.0,0.0,1.0,0.0,0.0,1.0,0.0,1.0,0.0,0.0,1.0,0,2021.0,Self-Supervised,Image Classification,Residual MLP for Image Classification,Average
385000.0,40.3,0.0,0.875,0.0,0.0,timm,295296.0,resmlp,ImageNet-1K,0.0,0.0,1000,1.0,0.0,768.0,,resmlp_36_distilled_224,43981776.0,,,resmlp_36_distilled_224,44.690488,,109.0,1.0,0.0,1.0,0.0,0.0,1.0,0.0,1.0,0.0,0.0,1.0,0,2021.0,Self-Supervised,Image Classification,Residual MLP for Image Classification,Average
769000.0,27.1,0.0,0.875,0.0,0.0,timm,148224.0,resmlp,ImageNet-1K,0.0,0.0,1000,1.0,0.0,1536.0,,resmlp_big_24_224,128182656.0,,,resmlp_big_24_224,129.13828,,73.0,1.0,0.0,1.0,0.0,0.0,1.0,0.0,1.0,0.0,0.0,1.0,0,2021.0,Self-Supervised,Image Classification,Residual MLP for Image Classification,Average
769000.0,27.1,0.0,0.875,0.0,0.0,timm,148224.0,resmlp,ImageNet-1K,0.0,0.0,1000,1.0,0.0,1536.0,,resmlp_big_24_224_in22ft1k,128182656.0,,,resmlp_big_24_224_in22ft1k,129.13828,,73.0,1.0,0.0,1.0,0.0,0.0,1.0,0.0,1.0,0.0,0.0,1.0,0,2021.0,Self-Supervised,Image Classification,Residual MLP for Image Classification,Average
769000.0,27.1,0.0,0.875,0.0,0.0,timm,148224.0,resmlp,ImageNet-1K,0.0,0.0,1000,1.0,0.0,1536.0,,resmlp_big_24_distilled_224,128182656.0,,,resmlp_big_24_distilled_224,129.13828,,73.0,1.0,0.0,1.0,0.0,0.0,1.0,0.0,1.0,0.0,0.0,1.0,0,2021.0,Self-Supervised,Image Classification,Residual MLP for Image Classification,Average
2049000.0,11.9,0.0,0.875,4.0,0.0,timm,28640.0,resnest,ImageNet-1K,7.0,23.0,1000,27.0,0.0,128.0,,resnest14d,6435584.0,,,resnest14d,10.611688,,1.0,1.0,1.0,1.0,1.0,0.0,1.0,1.0,0.0,0.0,1.0,0.0,0,2020.0,Supervised,Image Classification,Split-Attention Mechanism,Average
2049000.0,19.9,0.0,0.875,8.0,0.0,timm,28640.0,resnest,ImageNet-1K,7.0,39.0,1000,47.0,0.0,128.0,,resnest26d,11294208.0,,,resnest26d,17.069448,,1.0,1.0,1.0,1.0,1.0,0.0,1.0,1.0,0.0,0.0,1.0,0.0,0,2020.0,Supervised,Image Classification,Split-Attention Mechanism,Average
2049000.0,35.9,0.0,0.875,16.0,0.0,timm,28640.0,resnest,ImageNet-1K,7.0,71.0,1000,87.0,0.0,128.0,,resnest50d,16152832.0,,,resnest50d,27.48324,,1.0,1.0,1.0,1.0,1.0,0.0,1.0,1.0,0.0,0.0,1.0,0.0,0,2020.0,Supervised,Image Classification,Split-Attention Mechanism,Average
2049000.0,35.9,0.0,0.875,16.0,0.0,timm,28640.0,resnest,ImageNet-1K,7.0,71.0,1000,87.0,0.0,128.0,,resnest50d_1s4x24d,14980032.0,,,resnest50d_1s4x24d,25.677,,1.0,1.0,1.0,1.0,1.0,0.0,1.0,1.0,0.0,0.0,1.0,0.0,0,2020.0,Supervised,Image Classification,Split-Attention Mechanism,Average
2049000.0,35.9,0.0,0.875,16.0,0.0,timm,28640.0,resnest,ImageNet-1K,7.0,71.0,1000,87.0,0.0,128.0,,resnest50d_4s2x40d,17956736.0,,,resnest50d_4s2x40d,30.417592,,1.0,1.0,1.0,1.0,1.0,0.0,1.0,1.0,0.0,0.0,1.0,0.0,0,2020.0,Supervised,Image Classification,Split-Attention Mechanism,Average
2049000.0,69.9,0.0,0.875,33.0,0.0,timm,112576.0,resnest,ImageNet-1K,7.0,139.0,1000,172.0,0.0,256.0,,resnest101e,28383872.0,,,resnest101e,48.275016,,1.0,1.0,1.0,1.0,1.0,0.0,1.0,1.0,0.0,0.0,1.0,0.0,0,2020.0,Supervised,Image Classification,Split-Attention Mechanism,Average
2049000.0,135.9,0.0,0.909,66.0,0.0,timm,112576.0,resnest,ImageNet-1K,7.0,271.0,1000,337.0,0.0,256.0,,resnest200e,44203520.0,,,resnest200e,70.201544,,1.0,1.0,1.0,1.0,1.0,0.0,1.0,1.0,0.0,0.0,1.0,0.0,0,2020.0,Supervised,Image Classification,Split-Attention Mechanism,Average
2049000.0,181.9,0.0,0.928,89.0,0.0,timm,112576.0,resnest,ImageNet-1K,7.0,363.0,1000,452.0,0.0,256.0,,resnest269e,58806272.0,,,resnest269e,110.92948,,1.0,1.0,1.0,1.0,1.0,0.0,1.0,1.0,0.0,0.0,1.0,0.0,0,2020.0,Supervised,Image Classification,Split-Attention Mechanism,Average
1537000.0,26.5,0.0,0.9,10.0,0.0,timm,26232.0,resnet,ImageNet-1K,0.0,37.0,1000,37.0,0.0,16363520.0,,resnet32ts,16363520.0,,,resnet32ts,17.963616,,1.0,1.0,1.0,1.0,1.0,0.0,1.0,0.0,0.0,0.0,1.0,0.0,0,2015.0,Supervised,"Image Classification, Object Detection, Image Segmentation",Deep Residual Learning for Image Recognition,"Max, Average"
2049000.0,21.7,0.0,0.95,16.0,16.0,timm,9408.0,resnet,ImageNet-1K,1.0,53.0,1000,53.0,0.0,128.0,,resnet50,14964736.0,,,resnet50,25.557032,,1.0,1.0,1.0,1.0,1.0,0.0,1.0,0.0,0.0,0.0,1.0,0.0,0,2015.0,Supervised,"Image Classification, Object Detection, Image Segmentation",Deep Residual Learning for Image Recognition,"Max, Average"
2049000.0,43.4,0.0,1.0,14.0,0.0,timm,97680.0,resnet,ImageNet-1K,0.0,67.0,1000,67.0,0.0,3145728.0,,resnet61q,31453184.0,,,resnet61q,36.846968,,1.0,1.0,1.0,1.0,1.0,0.0,1.0,0.0,0.0,0.0,1.0,0.0,0,2015.0,Supervised,"Image Classification, Object Detection, Image Segmentation",Deep Residual Learning for Image Recognition,"Max, Average"
2049000.0,42.1,0.0,0.95,33.0,33.0,timm,9408.0,resnet,ImageNet-1K,1.0,104.0,1000,104.0,0.0,128.0,,resnet101,26090496.0,,,resnet101,44.54916,,1.0,1.0,1.0,1.0,1.0,0.0,1.0,0.0,0.0,0.0,1.0,0.0,0,2015.0,Supervised,"Image Classification, Object Detection, Image Segmentation",Deep Residual Learning for Image Recognition,"Max, Average"
2049000.0,62.5,0.0,0.95,50.0,50.0,timm,9408.0,resnet,ImageNet-1K,1.0,155.0,1000,155.0,0.0,128.0,,resnet152,40613888.0,,,resnet152,60.192808,,1.0,1.0,1.0,1.0,1.0,0.0,1.0,0.0,0.0,0.0,1.0,0.0,0,2015.0,Supervised,"Image Classification, Object Detection, Image Segmentation",Deep Residual Learning for Image Recognition,"Max, Average"
2049000.0,32.7,0.0,0.91,16.0,16.0,timm,28640.0,resnet,ImageNet-1K,3.0,56.0,1000,88.0,0.0,128.0,,resnetrs50,21263872.0,,,resnetrs50,35.691912,,1.0,1.0,1.0,1.0,1.0,0.0,1.0,0.0,0.0,0.0,1.0,0.0,0,2015.0,Supervised,"Image Classification, Object Detection, Image Segmentation",Deep Residual Learning for Image Recognition,"Max, Average"
2049000.0,16.8,0.0,0.95,16.0,0.0,timm,28704.0,resnetv2,ImageNet-1K,4.0,0.0,1000,56.0,0.0,6144.0,,resnetv2_50d_evos,23507520.0,,,resnetv2_50d_evos,25.591368,,0.0,1.0,1.0,0.0,1.0,0.0,1.0,0.0,0.0,0.0,1.0,0.0,0,2016.0,Supervised,Image Classification,Pre-activation Residual Units,"Max, Average"
2049000.0,49.7,0.0,1.0,33.0,0.0,timm,9408.0,resnetv2,ImageNet-1K,1.0,0.0,1000,105.0,0.0,42385408.0,,resnetv2_101x1_bitm,42385408.0,,,resnetv2_101x1_bitm,44.54148,,0.0,1.0,1.0,0.0,1.0,0.0,1.0,0.0,0.0,0.0,1.0,0.0,0,2016.0,Supervised,Image Classification,Pre-activation Residual Units,"Max, Average"
8193000.0,73.5,0.0,1.0,50.0,0.0,timm,37632.0,resnetv2,ImageNet-1K,1.0,0.0,1000,156.0,0.0,927727616.0,,resnetv2_152x4_bitm,927727616.0,,,resnetv2_152x4_bitm,936.533224,,0.0,1.0,1.0,0.0,1.0,0.0,1.0,0.0,0.0,0.0,1.0,0.0,0,2016.0,Supervised,Image Classification,Pre-activation Residual Units,"Max, Average"
2049000.0,22.2,0.0,0.9,8.0,0.0,timm,26232.0,resnext,ImageNet-1K,1.0,31.0,1000,31.0,0.0,8192000.0,,resnext26ts,8192000.0,,,resnext26ts,10.297952,,1.0,1.0,1.0,1.0,1.0,0.0,1.0,0.0,0.0,0.0,1.0,0.0,0,2017.0,Supervised,Image Classification,Grouped Convolutions,"Max, Average"
2049000.0,21.7,0.0,0.95,16.0,16.0,timm,9408.0,resnext,ImageNet-1K,1.0,53.0,1000,53.0,0.0,128.0,,resnext50_32x4d,14544896.0,,,resnext50_32x4d,25.028904,,1.0,1.0,1.0,1.0,1.0,0.0,1.0,0.0,0.0,0.0,1.0,0.0,0,2017.0,Supervised,Image Classification,Grouped Convolutions,"Max, Average"
2049000.0,22.8,0.0,0.875,16.0,16.0,timm,28640.0,resnext,ImageNet-1K,4.0,55.0,1000,55.0,0.0,128.0,,resnext50d_32x4d,14544896.0,,,resnext50d_32x4d,25.048136,,1.0,1.0,1.0,1.0,1.0,0.0,1.0,0.0,0.0,0.0,1.0,0.0,0,2017.0,Supervised,Image Classification,Grouped Convolutions,"Max, Average"
2049000.0,42.1,0.0,0.875,33.0,33.0,timm,9408.0,resnext,ImageNet-1K,1.0,104.0,1000,104.0,0.0,128.0,,resnext101_32x8d,55160832.0,,,resnext101_32x8d,88.791336,,1.0,1.0,1.0,1.0,1.0,0.0,1.0,0.0,0.0,0.0,1.0,0.0,0,2017.0,Supervised,Image Classification,Grouped Convolutions,"Max, Average"
2049000.0,42.1,0.0,1.0,33.0,33.0,timm,9408.0,resnext,ImageNet-1K,1.0,104.0,1000,104.0,0.0,128.0,,resnext101_64x4d,51769344.0,,,resnext101_64x4d,83.455272,,1.0,1.0,1.0,1.0,1.0,0.0,1.0,0.0,0.0,0.0,1.0,0.0,0,2017.0,Supervised,Image Classification,Grouped Convolutions,"Max, Average"
1281000.0,36.3,0.0,0.875,16.0,0.0,timm,928.0,rexnet,ImageNet-1K,0.0,62.0,1000,75.0,0.0,3475005.0,,rexnet_100,3475005.0,,,rexnet_100,4.796873,,1.0,1.0,0.0,1.0,1.0,0.0,1.0,0.0,0.0,0.0,0.0,0.0,Swish,2020.0,Supervised,"Image Classification, Object Detection, Image Segmentation",Efficiency Improvements with Channel Design,Average
1665000.0,36.3,0.0,0.875,16.0,0.0,timm,1218.0,rexnet,ImageNet-1K,0.0,62.0,1000,75.0,0.0,5838933.0,,rexnet_130,5838933.0,,,rexnet_130,7.557091,,1.0,1.0,0.0,1.0,1.0,0.0,1.0,0.0,0.0,0.0,0.0,0.0,Swish,2020.0,Supervised,"Image Classification, Object Detection, Image Segmentation",Efficiency Improvements with Channel Design,Average
1921000.0,36.3,0.0,0.875,16.0,0.0,timm,1392.0,rexnet,ImageNet-1K,0.0,62.0,1000,75.0,0.0,7746279.0,,rexnet_150,7746279.0,,,rexnet_150,9.728593,,1.0,1.0,0.0,1.0,1.0,0.0,1.0,0.0,0.0,0.0,0.0,0.0,Swish,2020.0,Supervised,"Image Classification, Object Detection, Image Segmentation",Efficiency Improvements with Channel Design,Average
2561000.0,36.3,0.0,0.875,16.0,0.0,timm,1856.0,rexnet,ImageNet-1K,0.0,62.0,1000,75.0,0.0,13723884.0,,rexnet_200,13723884.0,,,rexnet_200,16.36662,,1.0,1.0,0.0,1.0,1.0,0.0,1.0,0.0,0.0,0.0,0.0,0.0,Swish,2020.0,Supervised,"Image Classification, Object Detection, Image Segmentation",Efficiency Improvements with Channel Design,Average
1281000.0,29.9,0.0,0.94,10.0,0.0,timm,26232.0,botnet,ImageNet-1K,1.0,38.0,1000,50.0,0.0,1966080.0,,sebotnet33ts_256,10393856.0,,,sebotnet33ts_256,13.701984,,1.0,1.0,1.0,1.0,1.0,0.0,1.0,1.0,0.0,1.0,1.0,1.0,0,2021.0,Supervised,"Image Classification, Object Detection, Image Segmentation",Transformer Blocks in ResNet,Average
1281000.0,30.3,0.0,0.94,6.0,0.0,timm,26232.0,halonet,ImageNet-1K,0.0,38.0,1000,54.0,0.0,1966080.0,,sehalonet33ts,10383584.0,,,sehalonet33ts,13.691712,,1.0,1.0,0.0,1.0,1.0,0.0,1.0,1.0,0.0,0.0,0.0,0.0,SiLU,2021.0,Supervised,"Image Classification, Object Detection, Image Segmentation",Halo Attention Mechanism,"Max, Average, Strided"
1025000.0,17.8,0.0,0.875,0.0,0.0,timm,928.0,selecsls,ImageNet-1K,0.0,41.0,1000,41.0,0.0,5321984.0,,selecsls42b,26110336.0,,,selecsls42b,32.458248,,1.0,1.0,0.0,1.0,1.0,0.0,1.0,0.0,0.0,0.0,1.0,0.0,0,2019.0,Supervised,"Image Classification, Object Detection",Long and Short Range Skip Connections,Average
1281000.0,25.3,0.0,0.875,0.0,0.0,timm,928.0,selecsls,ImageNet-1K,0.0,59.0,1000,59.0,0.0,8835008.0,,selecsls60,20553832.0,,,selecsls60,30.670768,,1.0,1.0,0.0,1.0,1.0,0.0,1.0,0.0,0.0,0.0,1.0,0.0,0,2019.0,Supervised,"Image Classification, Object Detection",Long and Short Range Skip Connections,Average
1025000.0,25.3,0.0,0.875,0.0,0.0,timm,928.0,selecsls,ImageNet-1K,0.0,59.0,1000,59.0,0.0,8835008.0,,selecsls60b,22913128.0,,,selecsls60b,32.774064,,1.0,1.0,0.0,1.0,1.0,0.0,1.0,0.0,0.0,0.0,1.0,0.0,0,2019.0,Supervised,"Image Classification, Object Detection",Long and Short Range Skip Connections,Average
1281000.0,28.9,0.0,0.875,0.0,0.0,timm,648.0,nasnet,ImageNet-1K,0.0,49.0,1000,65.0,0.0,307200.0,,semnasnet_075,1296598.0,,,semnasnet_075,2.912278,,1.0,1.0,1.0,1.0,0.0,0.0,1.0,0.0,0.0,0.0,1.0,0.0,0,2017.0,Supervised,"Image Classification, Object Detection",Neural Architecture Search,"Max, Average"
1281000.0,28.9,0.0,0.875,0.0,0.0,timm,864.0,nasnet,ImageNet-1K,0.0,49.0,1000,65.0,0.0,409600.0,,semnasnet_100,2162086.0,,,semnasnet_100,3.887038,,1.0,1.0,1.0,1.0,0.0,0.0,1.0,0.0,0.0,0.0,1.0,0.0,0,2017.0,Supervised,"Image Classification, Object Detection",Neural Architecture Search,"Max, Average"
385000.0,52.1,0.0,0.875,0.0,0.0,timm,28416.0,sequencer2d,ImageNet-1K,0.0,73.0,1000,4.0,72.0,768.0,,sequencer2d_l,53884032.0,,,sequencer2d_l,54.298216,,109.0,,,,,,,,,,,,,,,,,
385000.0,35.3,0.0,0.875,0.0,0.0,timm,28416.0,sequencer2d,ImageNet-1K,0.0,49.0,1000,4.0,48.0,768.0,,sequencer2d_m,37893504.0,,,sequencer2d_m,38.307688,,73.0,,,,,,,,,,,,,,,,,
385000.0,26.9,0.0,0.875,0.0,0.0,timm,28416.0,sequencer2d,ImageNet-1K,0.0,37.0,1000,4.0,36.0,768.0,,sequencer2d_s,27237504.0,,,sequencer2d_s,27.651688,,55.0,,,,,,,,,,,,,,,,,
1281000.0,31.9,0.0,0.9,10.0,0.0,timm,26232.0,seresnet,ImageNet-1K,0.0,38.0,1000,58.0,0.0,1966080.0,,seresnet33ts,16466464.0,,,seresnet33ts,19.7792,,1.0,1.0,1.0,1.0,1.0,0.0,1.0,0.0,0.0,0.0,1.0,0.0,0,2017.0,Supervised,"Image Classification, Object Detection",Squeeze-and-Excitation Block ResNet,Average
2049000.0,31.3,0.0,0.875,16.0,16.0,timm,9408.0,seresnet,ImageNet-1K,1.0,53.0,1000,85.0,0.0,128.0,,seresnet50,16544128.0,,,seresnet50,28.088024,,1.0,1.0,1.0,1.0,1.0,0.0,1.0,0.0,0.0,0.0,1.0,0.0,0,2017.0,Supervised,"Image Classification, Object Detection",Squeeze-and-Excitation Block ResNet,Average
2049000.0,93.6,0.0,1.0,50.0,50.0,timm,28640.0,seresnet,ImageNet-1K,4.0,157.0,1000,257.0,0.0,128.0,,seresnet152d,45371648.0,,,seresnet152d,66.84108,,1.0,1.0,1.0,1.0,1.0,0.0,1.0,0.0,0.0,0.0,1.0,0.0,0,2017.0,Supervised,"Image Classification, Object Detection",Squeeze-and-Excitation Block ResNet,Average
2049000.0,18.0,0.0,0.875,8.0,8.0,timm,28640.0,resnext,ImageNet-1K,4.0,31.0,1000,47.0,0.0,128.0,,seresnext26d_32x4d,11100416.0,,,seresnext26d_32x4d,16.809512,,1.0,1.0,1.0,1.0,1.0,0.0,1.0,0.0,0.0,0.0,1.0,0.0,0,2017.0,Supervised,Image Classification,Grouped Convolutions,"Max, Average"
2049000.0,18.0,0.0,0.875,8.0,8.0,timm,26104.0,resnext,ImageNet-1K,4.0,31.0,1000,47.0,0.0,128.0,,seresnext26t_32x4d,11100416.0,,,seresnext26t_32x4d,16.806976,,1.0,1.0,1.0,1.0,1.0,0.0,1.0,0.0,0.0,0.0,1.0,0.0,0,2017.0,Supervised,Image Classification,Grouped Convolutions,"Max, Average"
2049000.0,26.2,0.0,0.9,8.0,0.0,timm,26232.0,resnext,ImageNet-1K,1.0,31.0,1000,47.0,0.0,8282112.0,,seresnext26ts,8282112.0,,,seresnext26ts,10.388064,,1.0,1.0,1.0,1.0,1.0,0.0,1.0,0.0,0.0,0.0,1.0,0.0,0,2017.0,Supervised,Image Classification,Grouped Convolutions,"Max, Average"
2049000.0,31.3,0.0,0.875,16.0,16.0,timm,9408.0,resnext,ImageNet-1K,1.0,53.0,1000,85.0,0.0,128.0,,seresnext50_32x4d,16124288.0,,,seresnext50_32x4d,27.559896,,1.0,1.0,1.0,1.0,1.0,0.0,1.0,0.0,0.0,0.0,1.0,0.0,0,2017.0,Supervised,Image Classification,Grouped Convolutions,"Max, Average"
2049000.0,61.9,0.0,1.0,33.0,33.0,timm,9408.0,resnext,ImageNet-1K,1.0,104.0,1000,170.0,0.0,128.0,,seresnext101_32x8d,58200512.0,,,seresnext101_32x8d,93.569048,,1.0,1.0,1.0,1.0,1.0,0.0,1.0,0.0,0.0,0.0,1.0,0.0,0,2017.0,Supervised,Image Classification,Grouped Convolutions,"Max, Average"
2049000.0,63.0,0.0,1.0,33.0,33.0,timm,28640.0,resnext,ImageNet-1K,4.0,106.0,1000,172.0,0.0,128.0,,seresnext101d_32x8d,58200512.0,,,seresnext101d_32x8d,93.58828,,1.0,1.0,1.0,1.0,1.0,0.0,1.0,0.0,0.0,0.0,1.0,0.0,0,2017.0,Supervised,Image Classification,Grouped Convolutions,"Max, Average"
2049000.0,63.0,0.0,1.0,33.0,33.0,timm,28640.0,resnext,ImageNet-1K,7.0,106.0,1000,172.0,0.0,128.0,,seresnextaa101d_32x8d,58200512.0,,,seresnextaa101d_32x8d,93.58828,,1.0,1.0,1.0,1.0,1.0,0.0,1.0,0.0,0.0,0.0,1.0,0.0,0,2017.0,Supervised,Image Classification,Grouped Convolutions,"Max, Average"
513000.0,23.0,0.0,0.875,0.0,0.0,timm,9408.0,resnet,ImageNet-1K,1.0,36.0,1000,44.0,0.0,128.0,,skresnet18,8586496.0,,,skresnet18,11.958056,,1.0,1.0,1.0,1.0,1.0,0.0,1.0,0.0,0.0,0.0,1.0,0.0,0,2015.0,Supervised,"Image Classification, Object Detection, Image Segmentation",Deep Residual Learning for Image Recognition,"Max, Average"
513000.0,43.8,0.0,0.875,0.0,0.0,timm,9408.0,resnet,ImageNet-1K,1.0,68.0,1000,84.0,0.0,128.0,,skresnet34,13403520.0,,,skresnet34,22.282376,,1.0,1.0,1.0,1.0,1.0,0.0,1.0,0.0,0.0,0.0,1.0,0.0,0,2015.0,Supervised,"Image Classification, Object Detection, Image Segmentation",Deep Residual Learning for Image Recognition,"Max, Average"
2049000.0,52.1,0.0,0.875,16.0,0.0,timm,9408.0,skresnext,ImageNet-1K,1.0,85.0,1000,101.0,0.0,128.0,,skresnext50_32x4d,15995264.0,,,skresnext50_32x4d,27.479784,,1.0,1.0,1.0,1.0,1.0,0.0,1.0,0.0,0.0,0.0,1.0,0.0,0,2019.0,Supervised,Image Classification,Selective Kernel Units in ResNeXt,"Max, Average"
1281000.0,33.2,0.0,0.875,0.0,0.0,timm,864.0,nasnet,ImageNet-1K,0.0,64.0,1000,64.0,0.0,409600.0,,spnasnet_100,2690648.0,,,spnasnet_100,4.421616,,1.0,1.0,1.0,1.0,0.0,0.0,1.0,0.0,0.0,0.0,1.0,0.0,0,2017.0,Supervised,"Image Classification, Object Detection",Neural Architecture Search,"Max, Average"
513000.0,9.4,0.0,0.875,0.0,8.0,timm,9408.0,resnet,ImageNet-1K,1.0,20.0,1000,20.0,0.0,128.0,,ssl_resnet18,8393728.0,,,ssl_resnet18,11.689512,,1.0,1.0,1.0,1.0,1.0,0.0,1.0,0.0,0.0,0.0,1.0,0.0,0,2015.0,Supervised,"Image Classification, Object Detection, Image Segmentation",Deep Residual Learning for Image Recognition,"Max, Average"
2049000.0,21.7,0.0,0.875,16.0,16.0,timm,9408.0,resnet,ImageNet-1K,1.0,53.0,1000,53.0,0.0,128.0,,ssl_resnet50,14964736.0,,,ssl_resnet50,25.557032,,1.0,1.0,1.0,1.0,1.0,0.0,1.0,0.0,0.0,0.0,1.0,0.0,0,2015.0,Supervised,"Image Classification, Object Detection, Image Segmentation",Deep Residual Learning for Image Recognition,"Max, Average"
2049000.0,21.7,0.0,0.875,16.0,16.0,timm,9408.0,resnext,ImageNet-1K,1.0,53.0,1000,53.0,0.0,128.0,,ssl_resnext50_32x4d,14544896.0,,,ssl_resnext50_32x4d,25.028904,,1.0,1.0,1.0,1.0,1.0,0.0,1.0,0.0,0.0,0.0,1.0,0.0,0,2017.0,Supervised,Image Classification,Grouped Convolutions,"Max, Average"
2049000.0,42.1,0.0,0.875,33.0,33.0,timm,9408.0,resnext,ImageNet-1K,1.0,104.0,1000,104.0,0.0,128.0,,ssl_resnext101_32x4d,26171392.0,,,ssl_resnext101_32x4d,44.177704,,1.0,1.0,1.0,1.0,1.0,0.0,1.0,0.0,0.0,0.0,1.0,0.0,0,2017.0,Supervised,Image Classification,Grouped Convolutions,"Max, Average"
2049000.0,42.1,0.0,0.875,33.0,33.0,timm,9408.0,resnext,ImageNet-1K,1.0,104.0,1000,104.0,0.0,128.0,,ssl_resnext101_32x8d,55160832.0,,,ssl_resnext101_32x8d,88.791336,,1.0,1.0,1.0,1.0,1.0,0.0,1.0,0.0,0.0,0.0,1.0,0.0,0,2017.0,Supervised,Image Classification,Grouped Convolutions,"Max, Average"
2049000.0,42.1,0.0,0.875,33.0,33.0,timm,9408.0,resnext,ImageNet-1K,1.0,104.0,1000,104.0,0.0,128.0,,ssl_resnext101_32x16d,123314176.0,,,ssl_resnext101_32x16d,194.026792,,1.0,1.0,1.0,1.0,1.0,0.0,1.0,0.0,0.0,0.0,1.0,0.0,0,2017.0,Supervised,Image Classification,Grouped Convolutions,"Max, Average"
1025000.0,40.9,49.0,0.9,0.0,0.0,timm,6528.0,swin,ImageNet-1K,0.0,53.0,1000,1.0,0.0,2048.0,,swin_base_patch4_window7_224,86671104.0,,,swin_base_patch4_window7_224,87.768224,,100.0,0.0,0.0,1.0,0.0,0.0,1.0,1.0,1.0,1.0,0.0,1.0,0,2021.0,Supervised,"Image Classification, Object Detection, Image Segmentation",Shifted Windows for Hierarchical Vision Transformer,Average
22387025.0,40.9,49.0,0.9,0.0,0.0,timm,6528.0,swin,ImageNet-21K,0.0,53.0,21841,1.0,0.0,2048.0,,swin_base_patch4_window7_224_in22k,86671104.0,,,swin_base_patch4_window7_224_in22k,109.130249,,100.0,0.0,0.0,1.0,0.0,0.0,1.0,1.0,1.0,1.0,0.0,1.0,0,2021.0,Supervised,"Image Classification, Object Detection, Image Segmentation",Shifted Windows for Hierarchical Vision Transformer,Average
1025000.0,40.9,49.0,1.0,0.0,0.0,timm,6528.0,swin,ImageNet-1K,0.0,53.0,1000,1.0,0.0,2048.0,,swin_base_patch4_window12_384,86671104.0,,,swin_base_patch4_window12_384,87.903584,,100.0,0.0,0.0,1.0,0.0,0.0,1.0,1.0,1.0,1.0,0.0,1.0,0,2021.0,Supervised,"Image Classification, Object Detection, Image Segmentation",Shifted Windows for Hierarchical Vision Transformer,Average
22387025.0,40.9,49.0,1.0,0.0,0.0,timm,6528.0,swin,ImageNet-21K,0.0,53.0,21841,1.0,0.0,2048.0,,swin_base_patch4_window12_384_in22k,86671104.0,,,swin_base_patch4_window12_384_in22k,109.265609,,100.0,0.0,0.0,1.0,0.0,0.0,1.0,1.0,1.0,1.0,0.0,1.0,0,2021.0,Supervised,"Image Classification, Object Detection, Image Segmentation",Shifted Windows for Hierarchical Vision Transformer,Average
1537000.0,40.9,49.0,0.9,0.0,0.0,timm,9792.0,swin,ImageNet-1K,0.0,53.0,1000,1.0,0.0,3072.0,,swin_large_patch4_window7_224,194887296.0,,,swin_large_patch4_window7_224,196.532476,,100.0,0.0,0.0,1.0,0.0,0.0,1.0,1.0,1.0,1.0,0.0,1.0,0,2021.0,Supervised,"Image Classification, Object Detection, Image Segmentation",Shifted Windows for Hierarchical Vision Transformer,Average
33569617.0,40.9,49.0,0.9,0.0,0.0,timm,9792.0,swin,ImageNet-21K,0.0,53.0,21841,1.0,0.0,3072.0,,swin_large_patch4_window7_224_in22k,194887296.0,,,swin_large_patch4_window7_224_in22k,228.565093,,100.0,0.0,0.0,1.0,0.0,0.0,1.0,1.0,1.0,1.0,0.0,1.0,0,2021.0,Supervised,"Image Classification, Object Detection, Image Segmentation",Shifted Windows for Hierarchical Vision Transformer,Average
1537000.0,40.9,49.0,1.0,0.0,0.0,timm,9792.0,swin,ImageNet-1K,0.0,53.0,1000,1.0,0.0,3072.0,,swin_large_patch4_window12_384,194887296.0,,,swin_large_patch4_window12_384,196.735516,,100.0,0.0,0.0,1.0,0.0,0.0,1.0,1.0,1.0,1.0,0.0,1.0,0,2021.0,Supervised,"Image Classification, Object Detection, Image Segmentation",Shifted Windows for Hierarchical Vision Transformer,Average
33569617.0,40.9,49.0,1.0,0.0,0.0,timm,9792.0,swin,ImageNet-21K,0.0,53.0,21841,1.0,0.0,3072.0,,swin_large_patch4_window12_384_in22k,194887296.0,,,swin_large_patch4_window12_384_in22k,228.768133,,100.0,0.0,0.0,1.0,0.0,0.0,1.0,1.0,1.0,1.0,0.0,1.0,0,2021.0,Supervised,"Image Classification, Object Detection, Image Segmentation",Shifted Windows for Hierarchical Vision Transformer,Average
769000.0,60.1,73.0,0.9,0.0,0.0,timm,4896.0,swin,ImageNet-1K,0.0,77.0,1000,1.0,0.0,1536.0,,swin_s3_base_224,70076736.0,,,swin_s3_base_224,71.125762,,148.0,0.0,0.0,1.0,0.0,0.0,1.0,1.0,1.0,1.0,0.0,1.0,0,2021.0,Supervised,"Image Classification, Object Detection, Image Segmentation",Shifted Windows for Hierarchical Vision Transformer,Average
769000.0,40.9,49.0,0.9,0.0,0.0,timm,4896.0,swin,ImageNet-1K,0.0,53.0,1000,1.0,0.0,1536.0,,swin_s3_small_224,48783168.0,,,swin_s3_small_224,49.737298,,100.0,0.0,0.0,1.0,0.0,0.0,1.0,1.0,1.0,1.0,0.0,1.0,0,2021.0,Supervised,"Image Classification, Object Detection, Image Segmentation",Shifted Windows for Hierarchical Vision Transformer,Average
769000.0,21.7,25.0,0.9,0.0,0.0,timm,4896.0,swin,ImageNet-1K,0.0,29.0,1000,1.0,0.0,1536.0,,swin_s3_tiny_224,27489600.0,,,swin_s3_tiny_224,28.328674,,52.0,0.0,0.0,1.0,0.0,0.0,1.0,1.0,1.0,1.0,0.0,1.0,0,2021.0,Supervised,"Image Classification, Object Detection, Image Segmentation",Shifted Windows for Hierarchical Vision Transformer,Average
769000.0,40.9,49.0,0.9,0.0,0.0,timm,4896.0,swin,ImageNet-1K,0.0,53.0,1000,1.0,0.0,1536.0,,swin_small_patch4_window7_224,48783168.0,,,swin_small_patch4_window7_224,49.606258,,100.0,0.0,0.0,1.0,0.0,0.0,1.0,1.0,1.0,1.0,0.0,1.0,0,2021.0,Supervised,"Image Classification, Object Detection, Image Segmentation",Shifted Windows for Hierarchical Vision Transformer,Average
769000.0,21.7,25.0,0.9,0.0,0.0,timm,4896.0,swin,ImageNet-1K,0.0,29.0,1000,1.0,0.0,1536.0,,swin_tiny_patch4_window7_224,27489600.0,,,swin_tiny_patch4_window7_224,28.288354,,52.0,0.0,0.0,1.0,0.0,0.0,1.0,1.0,1.0,1.0,0.0,1.0,0,2021.0,Supervised,"Image Classification, Object Detection, Image Segmentation",Shifted Windows for Hierarchical Vision Transformer,Average
1025000.0,53.0,49.0,0.9,0.0,0.0,timm,6528.0,swin,ImageNet-1K,0.0,53.0,1000,1.0,0.0,2048.0,,swinv2_base_window8_256,86860800.0,,,swinv2_base_window8_256,87.918816,,148.0,0.0,0.0,1.0,0.0,0.0,1.0,1.0,1.0,1.0,0.0,1.0,0,2021.0,Supervised,"Image Classification, Object Detection, Image Segmentation",Shifted Windows for Hierarchical Vision Transformer,Average
22387025.0,53.0,49.0,0.9,0.0,0.0,timm,6528.0,swin,ImageNet-21K,0.0,53.0,21841,1.0,0.0,2048.0,,swinv2_base_window12_192_22k,86860800.0,,,swinv2_base_window12_192_22k,109.280841,,148.0,0.0,0.0,1.0,0.0,0.0,1.0,1.0,1.0,1.0,0.0,1.0,0,2021.0,Supervised,"Image Classification, Object Detection, Image Segmentation",Shifted Windows for Hierarchical Vision Transformer,Average
1025000.0,53.0,49.0,0.9,0.0,0.0,timm,6528.0,swin,ImageNet-1K,0.0,53.0,1000,1.0,0.0,2048.0,,swinv2_base_window12to16_192to256_22kft1k,86860800.0,,,swinv2_base_window12to16_192to256_22kft1k,87.918816,,148.0,0.0,0.0,1.0,0.0,0.0,1.0,1.0,1.0,1.0,0.0,1.0,0,2021.0,Supervised,"Image Classification, Object Detection, Image Segmentation",Shifted Windows for Hierarchical Vision Transformer,Average
1025000.0,53.0,49.0,1.0,0.0,0.0,timm,6528.0,swin,ImageNet-1K,0.0,53.0,1000,1.0,0.0,2048.0,,swinv2_base_window12to24_192to384_22kft1k,86860800.0,,,swinv2_base_window12to24_192to384_22kft1k,87.918816,,148.0,0.0,0.0,1.0,0.0,0.0,1.0,1.0,1.0,1.0,0.0,1.0,0,2021.0,Supervised,"Image Classification, Object Detection, Image Segmentation",Shifted Windows for Hierarchical Vision Transformer,Average
1025000.0,53.0,49.0,0.9,0.0,0.0,timm,6528.0,swin,ImageNet-1K,0.0,53.0,1000,1.0,0.0,2048.0,,swinv2_base_window16_256,86860800.0,,,swinv2_base_window16_256,87.918816,,148.0,0.0,0.0,1.0,0.0,0.0,1.0,1.0,1.0,1.0,0.0,1.0,0,2021.0,Supervised,"Image Classification, Object Detection, Image Segmentation",Shifted Windows for Hierarchical Vision Transformer,Average
769000.0,57.6,53.0,0.9,0.0,0.0,timm,4896.0,swin,ImageNet-1K,0.0,53.0,1000,1.0,0.0,48920922.0,,swinv2_cr_small_224,48920922.0,,,swinv2_cr_small_224,49.6951,,148.0,0.0,0.0,1.0,0.0,0.0,1.0,1.0,1.0,1.0,0.0,1.0,0,2021.0,Supervised,"Image Classification, Object Detection, Image Segmentation",Shifted Windows for Hierarchical Vision Transformer,Average
769000.0,57.6,53.0,0.9,0.0,0.0,timm,4896.0,swin,ImageNet-1K,0.0,56.0,1000,1.0,0.0,48922266.0,,swinv2_cr_small_ns_224,48922266.0,,,swinv2_cr_small_ns_224,49.696444,,148.0,0.0,0.0,1.0,0.0,0.0,1.0,1.0,1.0,1.0,0.0,1.0,0,2021.0,Supervised,"Image Classification, Object Detection, Image Segmentation",Shifted Windows for Hierarchical Vision Transformer,Average
769000.0,30.0,29.0,0.9,0.0,0.0,timm,4896.0,swin,ImageNet-1K,0.0,32.0,1000,1.0,0.0,27559434.0,,swinv2_cr_tiny_ns_224,27559434.0,,,swinv2_cr_tiny_ns_224,28.333468,,76.0,0.0,0.0,1.0,0.0,0.0,1.0,1.0,1.0,1.0,0.0,1.0,0,2021.0,Supervised,"Image Classification, Object Detection, Image Segmentation",Shifted Windows for Hierarchical Vision Transformer,Average
33569617.0,53.0,49.0,0.9,0.0,0.0,timm,9792.0,swin,ImageNet-21K,0.0,53.0,21841,1.0,0.0,3072.0,,swinv2_large_window12_192_22k,195153408.0,,,swinv2_large_window12_192_22k,228.772549,,148.0,0.0,0.0,1.0,0.0,0.0,1.0,1.0,1.0,1.0,0.0,1.0,0,2021.0,Supervised,"Image Classification, Object Detection, Image Segmentation",Shifted Windows for Hierarchical Vision Transformer,Average
1537000.0,53.0,49.0,0.9,0.0,0.0,timm,9792.0,swin,ImageNet-1K,0.0,53.0,1000,1.0,0.0,3072.0,,swinv2_large_window12to16_192to256_22kft1k,195153408.0,,,swinv2_large_window12to16_192to256_22kft1k,196.739932,,148.0,0.0,0.0,1.0,0.0,0.0,1.0,1.0,1.0,1.0,0.0,1.0,0,2021.0,Supervised,"Image Classification, Object Detection, Image Segmentation",Shifted Windows for Hierarchical Vision Transformer,Average
1537000.0,53.0,49.0,1.0,0.0,0.0,timm,9792.0,swin,ImageNet-1K,0.0,53.0,1000,1.0,0.0,3072.0,,swinv2_large_window12to24_192to384_22kft1k,195153408.0,,,swinv2_large_window12to24_192to384_22kft1k,196.739932,,148.0,0.0,0.0,1.0,0.0,0.0,1.0,1.0,1.0,1.0,0.0,1.0,0,2021.0,Supervised,"Image Classification, Object Detection, Image Segmentation",Shifted Windows for Hierarchical Vision Transformer,Average
769000.0,53.0,49.0,0.9,0.0,0.0,timm,4896.0,swin,ImageNet-1K,0.0,53.0,1000,1.0,0.0,1536.0,,swinv2_small_window8_256,48934656.0,,,swinv2_small_window8_256,49.728418,,148.0,0.0,0.0,1.0,0.0,0.0,1.0,1.0,1.0,1.0,0.0,1.0,0,2021.0,Supervised,"Image Classification, Object Detection, Image Segmentation",Shifted Windows for Hierarchical Vision Transformer,Average
769000.0,53.0,49.0,0.9,0.0,0.0,timm,4896.0,swin,ImageNet-1K,0.0,53.0,1000,1.0,0.0,1536.0,,swinv2_small_window16_256,48934656.0,,,swinv2_small_window16_256,49.728418,,148.0,0.0,0.0,1.0,0.0,0.0,1.0,1.0,1.0,1.0,0.0,1.0,0,2021.0,Supervised,"Image Classification, Object Detection, Image Segmentation",Shifted Windows for Hierarchical Vision Transformer,Average
769000.0,27.8,25.0,0.9,0.0,0.0,timm,4896.0,swin,ImageNet-1K,0.0,29.0,1000,1.0,0.0,1536.0,,swinv2_tiny_window8_256,27562752.0,,,swinv2_tiny_window8_256,28.347154,,76.0,0.0,0.0,1.0,0.0,0.0,1.0,1.0,1.0,1.0,0.0,1.0,0,2021.0,Supervised,"Image Classification, Object Detection, Image Segmentation",Shifted Windows for Hierarchical Vision Transformer,Average
769000.0,27.8,25.0,0.9,0.0,0.0,timm,4896.0,swin,ImageNet-1K,0.0,29.0,1000,1.0,0.0,1536.0,,swinv2_tiny_window16_256,27562752.0,,,swinv2_tiny_window16_256,28.347154,,76.0,0.0,0.0,1.0,0.0,0.0,1.0,1.0,1.0,1.0,0.0,1.0,0,2021.0,Supervised,"Image Classification, Object Detection, Image Segmentation",Shifted Windows for Hierarchical Vision Transformer,Average
513000.0,9.4,0.0,0.875,0.0,8.0,timm,9408.0,resnet,ImageNet-1K,1.0,20.0,1000,20.0,0.0,128.0,,swsl_resnet18,8393728.0,,,swsl_resnet18,11.689512,,1.0,1.0,1.0,1.0,1.0,0.0,1.0,0.0,0.0,0.0,1.0,0.0,0,2015.0,Supervised,"Image Classification, Object Detection, Image Segmentation",Deep Residual Learning for Image Recognition,"Max, Average"
2049000.0,21.7,0.0,0.875,16.0,16.0,timm,9408.0,resnet,ImageNet-1K,1.0,53.0,1000,53.0,0.0,128.0,,swsl_resnet50,14964736.0,,,swsl_resnet50,25.557032,,1.0,1.0,1.0,1.0,1.0,0.0,1.0,0.0,0.0,0.0,1.0,0.0,0,2015.0,Supervised,"Image Classification, Object Detection, Image Segmentation",Deep Residual Learning for Image Recognition,"Max, Average"
2049000.0,21.7,0.0,0.875,16.0,16.0,timm,9408.0,resnext,ImageNet-1K,1.0,53.0,1000,53.0,0.0,128.0,,swsl_resnext50_32x4d,14544896.0,,,swsl_resnext50_32x4d,25.028904,,1.0,1.0,1.0,1.0,1.0,0.0,1.0,0.0,0.0,0.0,1.0,0.0,0,2017.0,Supervised,Image Classification,Grouped Convolutions,"Max, Average"
2049000.0,42.1,0.0,0.875,33.0,33.0,timm,9408.0,resnext,ImageNet-1K,1.0,104.0,1000,104.0,0.0,128.0,,swsl_resnext101_32x4d,26171392.0,,,swsl_resnext101_32x4d,44.177704,,1.0,1.0,1.0,1.0,1.0,0.0,1.0,0.0,0.0,0.0,1.0,0.0,0,2017.0,Supervised,Image Classification,Grouped Convolutions,"Max, Average"
2049000.0,42.1,0.0,0.875,33.0,33.0,timm,9408.0,resnext,ImageNet-1K,1.0,104.0,1000,104.0,0.0,128.0,,swsl_resnext101_32x8d,55160832.0,,,swsl_resnext101_32x8d,88.791336,,1.0,1.0,1.0,1.0,1.0,0.0,1.0,0.0,0.0,0.0,1.0,0.0,0,2017.0,Supervised,Image Classification,Grouped Convolutions,"Max, Average"
2049000.0,42.1,0.0,0.875,33.0,33.0,timm,9408.0,resnext,ImageNet-1K,1.0,104.0,1000,104.0,0.0,128.0,,swsl_resnext101_32x16d,123314176.0,,,swsl_resnext101_32x16d,194.026792,,1.0,1.0,1.0,1.0,1.0,0.0,1.0,0.0,0.0,0.0,1.0,0.0,0,2017.0,Supervised,Image Classification,Grouped Convolutions,"Max, Average"
1409000.0,45.0,0.0,0.89,0.0,0.0,timm,864.0,efficientnet,ImageNet-1K,0.0,69.0,1000,115.0,0.0,495616.0,,tf_efficientnet_b2_ap,7136946.0,,,tf_efficientnet_b2_ap,9.109994,,1.0,1.0,1.0,1.0,1.0,0.0,1.0,0.0,0.0,0.0,1.0,0.0,0,2019.0,Supervised,Image Classification,Compound Scaling Method,Average
2049000.0,75.0,0.0,0.934,0.0,0.0,timm,1296.0,efficientnet,ImageNet-1K,0.0,116.0,1000,194.0,0.0,1048576.0,,tf_efficientnet_b5,27118176.0,,,tf_efficientnet_b5,30.389784,,1.0,1.0,1.0,1.0,1.0,0.0,1.0,0.0,0.0,0.0,1.0,0.0,0,2019.0,Supervised,Image Classification,Compound Scaling Method,Average
2561000.0,105.0,0.0,0.949,0.0,0.0,timm,1728.0,efficientnet,ImageNet-1K,0.0,163.0,1000,273.0,0.0,1638400.0,,tf_efficientnet_b7_ns,61836112.0,,,tf_efficientnet_b7_ns,66.34796,,1.0,1.0,1.0,1.0,1.0,0.0,1.0,0.0,0.0,0.0,1.0,0.0,0,2019.0,Supervised,Image Classification,Compound Scaling Method,Average
1281000.0,26.2,0.0,0.875,0.0,0.0,timm,864.0,efficientnet,ImageNet-1K,0.0,49.0,1000,49.0,0.0,245760.0,,tf_efficientnet_es,3859328.0,,,tf_efficientnet_es,5.438392,,1.0,1.0,1.0,1.0,1.0,0.0,1.0,0.0,0.0,0.0,1.0,0.0,0,2019.0,Supervised,Image Classification,Compound Scaling Method,Average
1281000.0,37.4,0.0,0.875,0.0,0.0,timm,864.0,efficientnetv2,ImageNet-1K,0.0,59.0,1000,91.0,0.0,245760.0,,tf_efficientnetv2_b0,5551472.0,,,tf_efficientnetv2_b0,7.139704,,1.0,1.0,1.0,1.0,0.0,0.0,1.0,0.0,0.0,0.0,1.0,0.0,0,2021.0,Supervised,Image Classification,Training-aware Optimizations,"Max, Average"
1281000.0,98.5,0.0,1.0,0.0,0.0,timm,648.0,efficientnetv2,ImageNet-1K,0.0,157.0,1000,245.0,0.0,655360.0,,tf_efficientnetv2_m_in21ft1k,51910316.0,,,tf_efficientnetv2_m_in21ft1k,54.139356,,1.0,1.0,1.0,1.0,0.0,0.0,1.0,0.0,0.0,0.0,1.0,0.0,0,2021.0,Supervised,Image Classification,Training-aware Optimizations,"Max, Average"
2049000.0,30.0,0.0,0.875,0.0,0.0,timm,928.0,inception_v3,ImageNet-1K,2.0,94.0,1000,94.0,0.0,5280.0,,tf_inception_v3,6076800.0,,,tf_inception_v3,23.834568,,1.0,1.0,0.0,1.0,0.0,0.0,0.0,0.0,0.0,0.0,1.0,0.0,0,2015.0,Supervised,Image Classification,"Label Smoothing, Factorized Convolutions","Max, Average"
1537000.0,47.1,0.0,0.875,0.0,0.0,timm,864.0,mixnet,ImageNet-1K,0.0,58.0,1000,155.0,0.0,405504.0,,tf_mixnet_l,5331612.0,,,tf_mixnet_l,7.329252,,1.0,1.0,0.0,1.0,0.0,0.0,0.0,0.0,0.0,0.0,1.0,0.0,0,2019.0,Supervised,Image Classification,Mixed Depthwise Convolutional Layers,Average
1537000.0,47.1,0.0,0.875,0.0,0.0,timm,648.0,mixnet,ImageNet-1K,0.0,58.0,1000,155.0,0.0,307200.0,,tf_mixnet_m,3127822.0,,,tf_mixnet_m,5.014382,,1.0,1.0,0.0,1.0,0.0,0.0,0.0,0.0,0.0,0.0,1.0,0.0,0,2019.0,Supervised,Image Classification,Mixed Depthwise Convolutional Layers,Average
1537000.0,39.0,0.0,0.875,0.0,0.0,timm,432.0,mixnet,ImageNet-1K,0.0,49.0,1000,123.0,0.0,307200.0,,tf_mixnet_s,2257782.0,,,tf_mixnet_s,4.134606,,1.0,1.0,0.0,1.0,0.0,0.0,0.0,0.0,0.0,0.0,1.0,0.0,0,2019.0,Supervised,Image Classification,Mixed Depthwise Convolutional Layers,Average
1281000.0,37.8,0.0,0.875,0.0,0.0,timm,864.0,tinynet,ImageNet-1K,0.0,58.0,1000,96.0,0.0,409600.0,,tinynet_a,4444508.0,,,tinynet_a,6.187972,,1.0,1.0,1.0,1.0,1.0,0.0,1.0,0.0,0.0,0.0,1.0,0.0,0,2020.0,Supervised,"Image Classification, Object Detection",Efficiency and Compactness Modeling Scheme Applied to EfficientNet,Average
1281000.0,32.1,0.0,0.875,0.0,0.0,timm,864.0,tinynet,ImageNet-1K,0.0,49.0,1000,81.0,0.0,307200.0,,tinynet_b,2108170.0,,,tinynet_b,3.730562,,1.0,1.0,1.0,1.0,1.0,0.0,1.0,0.0,0.0,0.0,1.0,0.0,0,2020.0,Supervised,"Image Classification, Object Detection",Efficiency and Compactness Modeling Scheme Applied to EfficientNet,Average
1281000.0,30.2,0.0,0.875,0.0,0.0,timm,864.0,tinynet,ImageNet-1K,0.0,46.0,1000,76.0,0.0,225280.0,,tinynet_c,928538.0,,,tinynet_c,2.457234,,1.0,1.0,1.0,1.0,1.0,0.0,1.0,0.0,0.0,0.0,1.0,0.0,0,2020.0,Supervised,"Image Classification, Object Detection",Efficiency and Compactness Modeling Scheme Applied to EfficientNet,Average
1281000.0,22.6,0.0,0.875,0.0,0.0,timm,864.0,tinynet,ImageNet-1K,0.0,34.0,1000,56.0,0.0,225280.0,,tinynet_d,813494.0,,,tinynet_d,2.338446,,1.0,1.0,1.0,1.0,1.0,0.0,1.0,0.0,0.0,0.0,1.0,0.0,0,2020.0,Supervised,"Image Classification, Object Detection",Efficiency and Compactness Modeling Scheme Applied to EfficientNet,Average
1281000.0,20.7,0.0,0.875,0.0,0.0,timm,864.0,tinynet,ImageNet-1K,0.0,31.0,1000,51.0,0.0,204800.0,,tinynet_e,542068.0,,,tinynet_e,2.042972,,1.0,1.0,1.0,1.0,1.0,0.0,1.0,0.0,0.0,0.0,1.0,0.0,0,2020.0,Supervised,"Image Classification, Object Detection",Efficiency and Compactness Modeling Scheme Applied to EfficientNet,Average
385000.0,39.5,24.0,0.9,0.0,0.0,timm,3552.0,tnt,ImageNet-1K,0.0,63.0,1000,1.0,0.0,768.0,,tnt_s_patch16_224,23140224.0,,,tnt_s_patch16_224,23.755336,,134.0,0.0,0.0,1.0,0.0,0.0,1.0,1.0,1.0,1.0,0.0,1.0,0,2021.0,Supervised,"Image Classification, Object Detection, Image Segmentation",Transformer Patches within Transformer Patches,Average
2433000.0,50.2,0.0,0.875,21.0,30.0,timm,53556256.0,tresnet,ImageNet-1K,3.0,0.0,1000,139.0,0.0,,,tresnet_l,,,,tresnet_l,55.989256,,1.0,1.0,1.0,1.0,1.0,0.0,1.0,0.0,0.0,0.0,1.0,0.0,0,2020.0,Supervised,"Image Classification, Object Detection",ResNet optimized for GPU Architecture,"Max, Average"
2433000.0,50.2,0.0,0.875,21.0,30.0,timm,53556256.0,tresnet,ImageNet-1K,3.0,0.0,1000,139.0,0.0,,,tresnet_l_448,,,,tresnet_l_448,55.989256,,1.0,1.0,1.0,1.0,1.0,0.0,1.0,0.0,0.0,0.0,1.0,0.0,0,2020.0,Supervised,"Image Classification, Object Detection",ResNet optimized for GPU Architecture,"Max, Average"
2049000.0,35.5,0.0,0.875,14.0,21.0,timm,29340032.0,tresnet,ImageNet-1K,3.0,0.0,1000,96.0,0.0,,,tresnet_m,,,,tresnet_m,31.389032,,1.0,1.0,1.0,1.0,1.0,0.0,1.0,0.0,0.0,0.0,1.0,0.0,0,2020.0,Supervised,"Image Classification, Object Detection",ResNet optimized for GPU Architecture,"Max, Average"
2049000.0,35.5,0.0,0.875,14.0,21.0,timm,29340032.0,tresnet,ImageNet-1K,3.0,0.0,1000,96.0,0.0,,,tresnet_m_448,,,,tresnet_m_448,31.389032,,1.0,1.0,1.0,1.0,1.0,0.0,1.0,0.0,0.0,0.0,1.0,0.0,0,2020.0,Supervised,"Image Classification, Object Detection",ResNet optimized for GPU Architecture,"Max, Average"
22991829.0,35.5,0.0,0.875,14.0,21.0,timm,29340032.0,tresnet,ImageNet-21K-P,3.0,0.0,11221,96.0,0.0,,,tresnet_m_miil_in21k,,,,tresnet_m_miil_in21k,52.331861,,1.0,1.0,1.0,1.0,1.0,0.0,1.0,0.0,0.0,0.0,1.0,0.0,0,2020.0,Supervised,"Image Classification, Object Detection",ResNet optimized for GPU Architecture,"Max, Average"
2049000.0,58.4,0.0,0.875,33.0,33.0,timm,44125824.0,tresnet,ImageNet-1K,3.0,0.0,1000,164.0,0.0,,,tresnet_v2_l,,,,tresnet_v2_l,46.174824,,1.0,1.0,1.0,1.0,1.0,0.0,1.0,0.0,0.0,0.0,1.0,0.0,0,2020.0,Supervised,"Image Classification, Object Detection",ResNet optimized for GPU Architecture,"Max, Average"
2657000.0,60.4,0.0,0.875,27.0,36.0,timm,75779244.0,tresnet,ImageNet-1K,3.0,0.0,1000,169.0,0.0,,,tresnet_xl,,,,tresnet_xl,78.436244,,1.0,1.0,1.0,1.0,1.0,0.0,1.0,0.0,0.0,0.0,1.0,0.0,0,2020.0,Supervised,"Image Classification, Object Detection",ResNet optimized for GPU Architecture,"Max, Average"
2657000.0,60.4,0.0,0.875,27.0,36.0,timm,75779244.0,tresnet,ImageNet-1K,3.0,0.0,1000,169.0,0.0,,,tresnet_xl_448,,,,tresnet_xl_448,78.436244,,1.0,1.0,1.0,1.0,1.0,0.0,1.0,0.0,0.0,0.0,1.0,0.0,0,2020.0,Supervised,"Image Classification, Object Detection",ResNet optimized for GPU Architecture,"Max, Average"
513000.0,16.6,0.0,0.875,0.0,16.0,timm,9408.0,resnet,ImageNet-1K,1.0,36.0,1000,36.0,0.0,128.0,,tv_resnet34,13114368.0,,,tv_resnet34,21.797672,,1.0,1.0,1.0,1.0,1.0,0.0,1.0,0.0,0.0,0.0,1.0,0.0,0,2015.0,Supervised,"Image Classification, Object Detection, Image Segmentation",Deep Residual Learning for Image Recognition,"Max, Average"
2049000.0,21.7,0.0,0.875,16.0,16.0,timm,9408.0,resnet,ImageNet-1K,1.0,53.0,1000,53.0,0.0,128.0,,tv_resnet50,14964736.0,,,tv_resnet50,25.557032,,1.0,1.0,1.0,1.0,1.0,0.0,1.0,0.0,0.0,0.0,1.0,0.0,0,2015.0,Supervised,"Image Classification, Object Detection, Image Segmentation",Deep Residual Learning for Image Recognition,"Max, Average"
2049000.0,42.1,0.0,0.875,33.0,33.0,timm,9408.0,resnet,ImageNet-1K,1.0,104.0,1000,104.0,0.0,128.0,,tv_resnet101,26090496.0,,,tv_resnet101,44.54916,,1.0,1.0,1.0,1.0,1.0,0.0,1.0,0.0,0.0,0.0,1.0,0.0,0,2015.0,Supervised,"Image Classification, Object Detection, Image Segmentation",Deep Residual Learning for Image Recognition,"Max, Average"
2049000.0,62.5,0.0,0.875,50.0,50.0,timm,9408.0,resnet,ImageNet-1K,1.0,155.0,1000,155.0,0.0,128.0,,tv_resnet152,40613888.0,,,tv_resnet152,60.192808,,1.0,1.0,1.0,1.0,1.0,0.0,1.0,0.0,0.0,0.0,1.0,0.0,0,2015.0,Supervised,"Image Classification, Object Detection, Image Segmentation",Deep Residual Learning for Image Recognition,"Max, Average"
2049000.0,21.7,0.0,0.875,16.0,16.0,timm,9408.0,resnext,ImageNet-1K,1.0,53.0,1000,53.0,0.0,128.0,,tv_resnext50_32x4d,14544896.0,,,tv_resnext50_32x4d,25.028904,,1.0,1.0,1.0,1.0,1.0,0.0,1.0,0.0,0.0,0.0,1.0,0.0,0,2017.0,Supervised,Image Classification,Grouped Convolutions,"Max, Average"
513000.0,53.7,0.0,0.9,0.0,0.0,timm,858112.0,twins,ImageNet-1K,0.0,86.0,1000,33.0,0.0,1024.0,,twins_pcpvt_base,42446080.0,,,twins_pcpvt_base,43.828456,,141.0,,,,,,,,,,,,,,,,,
513000.0,77.1,0.0,0.9,0.0,0.0,timm,858112.0,twins,ImageNet-1K,0.0,125.0,1000,46.0,0.0,1024.0,,twins_pcpvt_large,59607296.0,,,twins_pcpvt_large,60.989672,,206.0,,,,,,,,,,,,,,,,,
513000.0,32.1,0.0,0.9,0.0,0.0,timm,858112.0,twins,ImageNet-1K,0.0,50.0,1000,21.0,0.0,1024.0,,twins_pcpvt_small,22723840.0,,,twins_pcpvt_small,24.106216,,81.0,,,,,,,,,,,,,,,,,
769000.0,43.3,0.0,0.9,0.0,0.0,timm,1557216.0,twins,ImageNet-1K,0.0,64.0,1000,19.0,0.0,1536.0,,twins_svt_base,53728800.0,,,twins_svt_base,56.070952,,109.0,,,,,,,,,,,,,,,,,
1025000.0,43.3,0.0,0.9,0.0,0.0,timm,2764416.0,twins,ImageNet-1K,0.0,64.0,1000,19.0,0.0,2048.0,,twins_svt_large,95460736.0,,,twins_svt_large,99.2714,,109.0,,,,,,,,,,,,,,,,,
513000.0,33.2,0.0,0.9,0.0,0.0,timm,694080.0,twins,ImageNet-1K,0.0,48.0,1000,15.0,0.0,1024.0,,twins_svt_small,22843072.0,,,twins_svt_small,24.060776,,82.0,,,,,,,,,,,,,,,,,
4097000.0,4.5,0.0,0.875,0.0,0.0,timm,14714688.0,vgg,ImageNet-1K,5.0,0.0,1000,15.0,0.0,119545856.0,,vgg16,119545856.0,,,vgg16,138.357544,,1.0,1.0,0.0,1.0,0.0,0.0,0.0,0.0,0.0,0.0,1.0,0.0,0,2014.0,Supervised,Image Classification,Deep Architecture with 11 Layers,Max
4097000.0,5.1,0.0,0.875,0.0,0.0,timm,20024384.0,vgg,ImageNet-1K,5.0,0.0,1000,18.0,0.0,119545856.0,,vgg19,119545856.0,,,vgg19,143.66724,,1.0,1.0,0.0,1.0,0.0,0.0,0.0,0.0,0.0,0.0,1.0,0.0,0,2014.0,Supervised,Image Classification,Deep Architecture with 11 Layers,Max
4097000.0,6.7,0.0,0.875,0.0,0.0,timm,20035392.0,vgg,ImageNet-1K,5.0,16.0,1000,18.0,0.0,119545856.0,,vgg19_bn,119545856.0,,,vgg19_bn,143.678248,,1.0,1.0,0.0,1.0,0.0,0.0,0.0,0.0,0.0,0.0,1.0,0.0,0,2014.0,Supervised,Image Classification,Deep Architecture with 11 Layers,Max
769000.0,22.0,8.0,0.9,0.0,0.0,timm,4768.0,visformer,ImageNet-1K,0.0,28.0,1000,57.0,0.0,1536.0,,visformer_small,28323840.0,,,visformer_small,40.219592,,1.0,1.0,0.0,1.0,0.0,0.0,1.0,1.0,1.0,1.0,1.0,1.0,0,2021.0,Supervised,"Image Classification, Object Detection",Convolutional Token Embedding,Average
769000.0,22.6,13.0,0.9,0.0,0.0,timm,148224.0,vit,ImageNet-1K,0.0,25.0,1000,1.0,0.0,1536.0,,vit_base_patch8_224,85054464.0,,,vit_base_patch8_224,86.576872,,49.0,0.0,1.0,1.0,1.0,0.0,1.0,1.0,1.0,1.0,0.0,1.0,0,2021.0,Supervised,Image Classification,Transformer Architecture Applied to Image Patches,Average
0.0,22.6,13.0,0.9,0.0,0.0,timm,148224.0,vit,ImageNet-1K,0.0,25.0,768,1.0,0.0,1536.0,,vit_base_patch8_224_dino,85054464.0,,,vit_base_patch8_224_dino,85.807872,,48.0,0.0,1.0,1.0,1.0,0.0,1.0,1.0,1.0,1.0,0.0,1.0,0,2021.0,Supervised,Image Classification,Transformer Architecture Applied to Image Patches,Average
16797267.0,22.6,13.0,0.9,0.0,0.0,timm,148224.0,vit,ImageNet-21K,0.0,25.0,21843,1.0,0.0,1536.0,,vit_base_patch8_224_in21k,85054464.0,,,vit_base_patch8_224_in21k,102.605139,,49.0,0.0,1.0,1.0,1.0,0.0,1.0,1.0,1.0,1.0,0.0,1.0,0,2021.0,Supervised,Image Classification,Transformer Architecture Applied to Image Patches,Average
769000.0,22.6,13.0,0.9,0.0,0.0,timm,590592.0,vit,ImageNet-1K,0.0,25.0,1000,1.0,0.0,1536.0,,vit_base_patch16_224,85054464.0,,,vit_base_patch16_224,86.567656,,49.0,0.0,1.0,1.0,1.0,0.0,1.0,1.0,1.0,1.0,0.0,1.0,0,2021.0,Supervised,Image Classification,Transformer Architecture Applied to Image Patches,Average
0.0,22.6,13.0,0.9,0.0,0.0,timm,590592.0,vit,ImageNet-1K,0.0,25.0,768,1.0,0.0,1536.0,,vit_base_patch16_224_dino,85054464.0,,,vit_base_patch16_224_dino,85.798656,,48.0,0.0,1.0,1.0,1.0,0.0,1.0,1.0,1.0,1.0,0.0,1.0,0,2021.0,Supervised,Image Classification,Transformer Architecture Applied to Image Patches,Average
16797267.0,22.6,13.0,0.9,0.0,0.0,timm,590592.0,vit,ImageNet-21K,0.0,25.0,21843,1.0,0.0,1536.0,,vit_base_patch16_224_in21k,85054464.0,,,vit_base_patch16_224_in21k,102.595923,,49.0,0.0,1.0,1.0,1.0,0.0,1.0,1.0,1.0,1.0,0.0,1.0,0,2021.0,Supervised,Image Classification,Transformer Architecture Applied to Image Patches,Average
769000.0,22.6,13.0,0.875,0.0,0.0,timm,590592.0,vit,ImageNet-1K,0.0,25.0,1000,1.0,0.0,1536.0,,vit_base_patch16_224_miil,85026816.0,,,vit_base_patch16_224_miil,86.540008,,49.0,0.0,1.0,1.0,1.0,0.0,1.0,1.0,1.0,1.0,0.0,1.0,0,2021.0,Supervised,Image Classification,Transformer Architecture Applied to Image Patches,Average
8628949.0,22.6,13.0,0.875,0.0,0.0,timm,590592.0,vit,ImageNet-21K-P,0.0,25.0,11221,1.0,0.0,1536.0,,vit_base_patch16_224_miil_in21k,85026816.0,,,vit_base_patch16_224_miil_in21k,94.399957,,49.0,0.0,1.0,1.0,1.0,0.0,1.0,1.0,1.0,1.0,0.0,1.0,0,2021.0,Supervised,Image Classification,Transformer Architecture Applied to Image Patches,Average
769000.0,22.6,13.0,1.0,0.0,0.0,timm,590592.0,vit,ImageNet-1K,0.0,25.0,1000,1.0,0.0,1536.0,,vit_base_patch16_384,85054464.0,,,vit_base_patch16_384,86.859496,,49.0,0.0,1.0,1.0,1.0,0.0,1.0,1.0,1.0,1.0,0.0,1.0,0,2021.0,Supervised,Image Classification,Transformer Architecture Applied to Image Patches,Average
769000.0,20.2,13.0,0.9,0.0,0.0,timm,590592.0,vit,ImageNet-1K,0.0,25.0,1000,1.0,0.0,1536.0,,vit_base_patch16_rpn_224,85026816.0,,,vit_base_patch16_rpn_224,86.538472,,49.0,0.0,1.0,1.0,1.0,0.0,1.0,1.0,1.0,1.0,0.0,1.0,0,2021.0,Supervised,Image Classification,Transformer Architecture Applied to Image Patches,Average
769000.0,22.6,13.0,0.9,0.0,0.0,timm,2360064.0,vit,ImageNet-1K,0.0,25.0,1000,1.0,0.0,1536.0,,vit_base_patch32_224,85054464.0,,,vit_base_patch32_224,88.224232,,49.0,0.0,1.0,1.0,1.0,0.0,1.0,1.0,1.0,1.0,0.0,1.0,0,2021.0,Supervised,Image Classification,Transformer Architecture Applied to Image Patches,Average
393728.0,22.6,13.0,0.9,0.0,0.0,timm,2359296.0,vit,LAION-2B,0.0,26.0,512,1.0,0.0,1536.0,,vit_base_patch32_224_clip_laion2b,85054464.0,,,vit_base_patch32_224_clip_laion2b,87.849728,,49.0,0.0,1.0,1.0,1.0,0.0,1.0,1.0,1.0,1.0,0.0,1.0,0,2021.0,Supervised,Image Classification,Transformer Architecture Applied to Image Patches,Average
16797267.0,22.6,13.0,0.9,0.0,0.0,timm,2360064.0,vit,ImageNet-21K,0.0,25.0,21843,1.0,0.0,1536.0,,vit_base_patch32_224_in21k,85054464.0,,,vit_base_patch32_224_in21k,104.252499,,49.0,0.0,1.0,1.0,1.0,0.0,1.0,1.0,1.0,1.0,0.0,1.0,0,2021.0,Supervised,Image Classification,Transformer Architecture Applied to Image Patches,Average
769000.0,22.6,13.0,1.0,0.0,0.0,timm,2360064.0,vit,ImageNet-1K,0.0,25.0,1000,1.0,0.0,1536.0,,vit_base_patch32_384,85054464.0,,,vit_base_patch32_384,88.297192,,49.0,0.0,1.0,1.0,1.0,0.0,1.0,1.0,1.0,1.0,0.0,1.0,0,2021.0,Supervised,Image Classification,Transformer Architecture Applied to Image Patches,Average
16797267.0,50.1,13.0,0.9,16.0,16.0,timm,12682048.0,vit,ImageNet-21K,1.0,25.0,21843,53.0,0.0,1536.0,,vit_base_r50_s16_224_in21k,85054464.0,,,vit_base_r50_s16_224_in21k,114.687379,,49.0,0.0,1.0,1.0,1.0,0.0,1.0,1.0,1.0,1.0,0.0,1.0,0,2021.0,Supervised,Image Classification,Transformer Architecture Applied to Image Patches,Average
769000.0,50.1,13.0,1.0,16.0,16.0,timm,12682048.0,vit,ImageNet-1K,1.0,25.0,1000,53.0,0.0,1536.0,,vit_base_r50_s16_384,85054464.0,,,vit_base_r50_s16_384,98.950952,,49.0,0.0,1.0,1.0,1.0,0.0,1.0,1.0,1.0,1.0,0.0,1.0,0,2021.0,Supervised,Image Classification,Transformer Architecture Applied to Image Patches,Average
1311744.0,58.6,33.0,0.9,0.0,0.0,timm,752640.0,vit,LAION-2B,0.0,66.0,1024,1.0,0.0,2560.0,,vit_huge_patch14_224_clip_laion2b,629678080.0,,,vit_huge_patch14_224_clip_laion2b,632.077824,,129.0,0.0,1.0,1.0,1.0,0.0,1.0,1.0,1.0,1.0,0.0,1.0,0,2021.0,Supervised,Image Classification,Transformer Architecture Applied to Image Patches,Average
27980883.0,58.6,33.0,0.9,0.0,0.0,timm,753920.0,vit,ImageNet-21K,0.0,65.0,21843,1.0,0.0,2560.0,,vit_huge_patch14_224_in21k,629678080.0,,,vit_huge_patch14_224_in21k,658.745683,,129.0,0.0,1.0,1.0,1.0,0.0,1.0,1.0,1.0,1.0,0.0,1.0,0,2021.0,Supervised,Image Classification,Transformer Architecture Applied to Image Patches,Average
787200.0,44.2,25.0,0.9,0.0,0.0,timm,602112.0,vit,ImageNet-1K,0.0,50.0,768,1.0,0.0,2048.0,,vit_large_patch14_224_clip_laion2b,302309376.0,,,vit_large_patch14_224_clip_laion2b,303.966976,,97.0,0.0,1.0,1.0,1.0,0.0,1.0,1.0,1.0,1.0,0.0,1.0,0,2021.0,Supervised,Image Classification,Transformer Architecture Applied to Image Patches,Average
1025000.0,44.2,25.0,0.9,0.0,0.0,timm,787456.0,vit,ImageNet-1K,0.0,49.0,1000,1.0,0.0,2048.0,,vit_large_patch16_224,302309376.0,,,vit_large_patch16_224,304.326632,,97.0,0.0,1.0,1.0,1.0,0.0,1.0,1.0,1.0,1.0,0.0,1.0,0,2021.0,Supervised,Image Classification,Transformer Architecture Applied to Image Patches,Average
22389075.0,44.2,25.0,0.9,0.0,0.0,timm,787456.0,vit,ImageNet-21K,0.0,49.0,21843,1.0,0.0,2048.0,,vit_large_patch16_224_in21k,302309376.0,,,vit_large_patch16_224_in21k,325.690707,,97.0,0.0,1.0,1.0,1.0,0.0,1.0,1.0,1.0,1.0,0.0,1.0,0,2021.0,Supervised,Image Classification,Transformer Architecture Applied to Image Patches,Average
1025000.0,44.2,25.0,1.0,0.0,0.0,timm,787456.0,vit,ImageNet-1K,0.0,49.0,1000,1.0,0.0,2048.0,,vit_large_patch16_384,302309376.0,,,vit_large_patch16_384,304.715752,,97.0,0.0,1.0,1.0,1.0,0.0,1.0,1.0,1.0,1.0,0.0,1.0,0,2021.0,Supervised,Image Classification,Transformer Architecture Applied to Image Patches,Average
22389075.0,44.2,25.0,0.9,0.0,0.0,timm,3146752.0,vit,ImageNet-21K,0.0,49.0,21843,1.0,0.0,2048.0,,vit_large_patch32_224_in21k,302309376.0,,,vit_large_patch32_224_in21k,327.899475,,97.0,0.0,1.0,1.0,1.0,0.0,1.0,1.0,1.0,1.0,0.0,1.0,0,2021.0,Supervised,Image Classification,Transformer Architecture Applied to Image Patches,Average
1025000.0,44.2,25.0,1.0,0.0,0.0,timm,3146752.0,vit,ImageNet-1K,0.0,49.0,1000,1.0,0.0,2048.0,,vit_large_patch32_384,302309376.0,,,vit_large_patch32_384,306.63268,,97.0,0.0,1.0,1.0,1.0,0.0,1.0,1.0,1.0,1.0,0.0,1.0,0,2021.0,Supervised,Image Classification,Transformer Architecture Applied to Image Patches,Average
1025000.0,72.4,25.0,0.9,16.0,16.0,timm,25606208.0,vit,ImageNet-1K,1.0,49.0,1000,54.0,0.0,2048.0,,vit_large_r50_s32_224,302309376.0,,,vit_large_r50_s32_224,328.994856,,97.0,0.0,1.0,1.0,1.0,0.0,1.0,1.0,1.0,1.0,0.0,1.0,0,2021.0,Supervised,Image Classification,Transformer Architecture Applied to Image Patches,Average
22389075.0,72.4,25.0,0.9,16.0,16.0,timm,25606208.0,vit,ImageNet-21K,1.0,49.0,21843,54.0,0.0,2048.0,,vit_large_r50_s32_224_in21k,302309376.0,,,vit_large_r50_s32_224_in21k,350.358931,,97.0,0.0,1.0,1.0,1.0,0.0,1.0,1.0,1.0,1.0,0.0,1.0,0,2021.0,Supervised,Image Classification,Transformer Architecture Applied to Image Patches,Average
1025000.0,72.4,25.0,1.0,16.0,16.0,timm,25606208.0,vit,ImageNet-1K,1.0,49.0,1000,54.0,0.0,2048.0,,vit_large_r50_s32_384,302309376.0,,,vit_large_r50_s32_384,329.092136,,97.0,0.0,1.0,1.0,1.0,0.0,1.0,1.0,1.0,1.0,0.0,1.0,0,2021.0,Supervised,Image Classification,Transformer Architecture Applied to Image Patches,Average
769000.0,32.0,13.0,0.9,0.0,0.0,timm,590592.0,relpos,ImageNet-1K,0.0,25.0,1000,1.0,0.0,1536.0,,vit_relpos_base_patch16_224,85068432.0,,,vit_relpos_base_patch16_224,86.42956,,73.0,1.0,0.0,1.0,0.0,0.0,1.0,1.0,1.0,1.0,1.0,0.0,0,2021.0,Supervised,"Image Classification, Object Detection, Image Segmentation",ViT architecture with Relative Position Embeddings,Average
769000.0,32.0,13.0,0.9,0.0,0.0,timm,590592.0,relpos,ImageNet-1K,0.0,25.0,1000,1.0,0.0,1536.0,,vit_relpos_base_patch16_clsgap_224,85068432.0,,,vit_relpos_base_patch16_clsgap_224,86.430328,,73.0,1.0,0.0,1.0,0.0,0.0,1.0,1.0,1.0,1.0,1.0,0.0,0,2021.0,Supervised,"Image Classification, Object Detection, Image Segmentation",ViT architecture with Relative Position Embeddings,Average
897000.0,29.6,13.0,0.9,0.0,0.0,timm,2753408.0,relpos,ImageNet-1K,0.0,25.0,1000,1.0,0.0,1792.0,,vit_relpos_base_patch32_plus_rpn_256,115771560.0,,,vit_relpos_base_patch32_plus_rpn_256,119.42376,,73.0,1.0,0.0,1.0,0.0,0.0,1.0,1.0,1.0,1.0,1.0,0.0,0,2021.0,Supervised,"Image Classification, Object Detection, Image Segmentation",ViT architecture with Relative Position Embeddings,Average
513000.0,32.0,13.0,0.9,0.0,0.0,timm,393728.0,relpos,ImageNet-1K,0.0,25.0,1000,1.0,0.0,1024.0,,vit_relpos_medium_patch16_224,37839456.0,,,vit_relpos_medium_patch16_224,38.747208,,73.0,1.0,0.0,1.0,0.0,0.0,1.0,1.0,1.0,1.0,1.0,0.0,0,2021.0,Supervised,"Image Classification, Object Detection, Image Segmentation",ViT architecture with Relative Position Embeddings,Average
513000.0,32.0,13.0,0.9,0.0,0.0,timm,393728.0,relpos,ImageNet-1K,0.0,25.0,1000,1.0,0.0,1024.0,,vit_relpos_medium_patch16_cls_224,37856352.0,,,vit_relpos_medium_patch16_cls_224,38.764616,,73.0,1.0,0.0,1.0,0.0,0.0,1.0,1.0,1.0,1.0,1.0,0.0,0,2021.0,Supervised,"Image Classification, Object Detection, Image Segmentation",ViT architecture with Relative Position Embeddings,Average
513000.0,29.6,13.0,0.9,0.0,0.0,timm,393728.0,relpos,ImageNet-1K,0.0,25.0,1000,1.0,0.0,1024.0,,vit_relpos_medium_patch16_rpn_224,37827168.0,,,vit_relpos_medium_patch16_rpn_224,38.73492,,73.0,1.0,0.0,1.0,0.0,0.0,1.0,1.0,1.0,1.0,1.0,0.0,0,2021.0,Supervised,"Image Classification, Object Detection, Image Segmentation",ViT architecture with Relative Position Embeddings,Average
385000.0,32.0,13.0,0.9,0.0,0.0,timm,295296.0,relpos,ImageNet-1K,0.0,25.0,1000,1.0,0.0,768.0,,vit_relpos_small_patch16_224,21302856.0,,,vit_relpos_small_patch16_224,21.98392,,73.0,1.0,0.0,1.0,0.0,0.0,1.0,1.0,1.0,1.0,1.0,0.0,0,2021.0,Supervised,"Image Classification, Object Detection, Image Segmentation",ViT architecture with Relative Position Embeddings,Average
0.0,22.6,13.0,0.9,0.0,0.0,timm,74112.0,vit,ImageNet-1K,0.0,25.0,384,1.0,0.0,768.0,,vit_small_patch8_224_dino,21293568.0,,,vit_small_patch8_224_dino,21.670272,,48.0,0.0,1.0,1.0,1.0,0.0,1.0,1.0,1.0,1.0,0.0,1.0,0,2021.0,Supervised,Image Classification,Transformer Architecture Applied to Image Patches,Average
385000.0,22.6,13.0,0.9,0.0,0.0,timm,295296.0,vit,ImageNet-1K,0.0,25.0,1000,1.0,0.0,768.0,,vit_small_patch16_224,21293568.0,,,vit_small_patch16_224,22.050664,,49.0,0.0,1.0,1.0,1.0,0.0,1.0,1.0,1.0,1.0,0.0,1.0,0,2021.0,Supervised,Image Classification,Transformer Architecture Applied to Image Patches,Average
0.0,22.6,13.0,0.9,0.0,0.0,timm,295296.0,vit,ImageNet-1K,0.0,25.0,384,1.0,0.0,768.0,,vit_small_patch16_224_dino,21293568.0,,,vit_small_patch16_224_dino,21.665664,,48.0,0.0,1.0,1.0,1.0,0.0,1.0,1.0,1.0,1.0,0.0,1.0,0,2021.0,Supervised,Image Classification,Transformer Architecture Applied to Image Patches,Average
8409555.0,22.6,13.0,0.9,0.0,0.0,timm,295296.0,vit,ImageNet-21K,0.0,25.0,21843,1.0,0.0,768.0,,vit_small_patch16_224_in21k,21293568.0,,,vit_small_patch16_224_in21k,30.075219,,49.0,0.0,1.0,1.0,1.0,0.0,1.0,1.0,1.0,1.0,0.0,1.0,0,2021.0,Supervised,Image Classification,Transformer Architecture Applied to Image Patches,Average
385000.0,22.6,13.0,1.0,0.0,0.0,timm,295296.0,vit,ImageNet-1K,0.0,25.0,1000,1.0,0.0,768.0,,vit_small_patch16_384,21293568.0,,,vit_small_patch16_384,22.196584,,49.0,0.0,1.0,1.0,1.0,0.0,1.0,1.0,1.0,1.0,0.0,1.0,0,2021.0,Supervised,Image Classification,Transformer Architecture Applied to Image Patches,Average
385000.0,22.6,13.0,0.9,0.0,0.0,timm,1180032.0,vit,ImageNet-1K,0.0,25.0,1000,1.0,0.0,768.0,,vit_small_patch32_224,21293568.0,,,vit_small_patch32_224,22.878952,,49.0,0.0,1.0,1.0,1.0,0.0,1.0,1.0,1.0,1.0,0.0,1.0,0,2021.0,Supervised,Image Classification,Transformer Architecture Applied to Image Patches,Average
8409555.0,22.6,13.0,0.9,0.0,0.0,timm,1180032.0,vit,ImageNet-21K,0.0,25.0,21843,1.0,0.0,768.0,,vit_small_patch32_224_in21k,21293568.0,,,vit_small_patch32_224_in21k,30.903507,,49.0,0.0,1.0,1.0,1.0,0.0,1.0,1.0,1.0,1.0,0.0,1.0,0,2021.0,Supervised,Image Classification,Transformer Architecture Applied to Image Patches,Average
385000.0,22.6,13.0,1.0,0.0,0.0,timm,1180032.0,vit,ImageNet-1K,0.0,25.0,1000,1.0,0.0,768.0,,vit_small_patch32_384,21293568.0,,,vit_small_patch32_384,22.915432,,49.0,0.0,1.0,1.0,1.0,0.0,1.0,1.0,1.0,1.0,0.0,1.0,0,2021.0,Supervised,Image Classification,Transformer Architecture Applied to Image Patches,Average
385000.0,38.8,13.0,0.9,8.0,8.0,timm,14732992.0,vit,ImageNet-1K,1.0,25.0,1000,30.0,0.0,768.0,,vit_small_r26_s32_224,21293568.0,,,vit_small_r26_s32_224,36.431912,,49.0,0.0,1.0,1.0,1.0,0.0,1.0,1.0,1.0,1.0,0.0,1.0,0,2021.0,Supervised,Image Classification,Transformer Architecture Applied to Image Patches,Average
8409555.0,38.8,13.0,0.9,8.0,8.0,timm,14732992.0,vit,ImageNet-21K,1.0,25.0,21843,30.0,0.0,768.0,,vit_small_r26_s32_224_in21k,21293568.0,,,vit_small_r26_s32_224_in21k,44.456467,,49.0,0.0,1.0,1.0,1.0,0.0,1.0,1.0,1.0,1.0,0.0,1.0,0,2021.0,Supervised,Image Classification,Transformer Architecture Applied to Image Patches,Average
385000.0,38.8,13.0,1.0,8.0,8.0,timm,14732992.0,vit,ImageNet-1K,1.0,25.0,1000,30.0,0.0,768.0,,vit_small_r26_s32_384,21293568.0,,,vit_small_r26_s32_384,36.468392,,49.0,0.0,1.0,1.0,1.0,0.0,1.0,1.0,1.0,1.0,0.0,1.0,0,2021.0,Supervised,Image Classification,Transformer Architecture Applied to Image Patches,Average
513000.0,23.2,13.0,0.9,0.0,0.0,timm,393728.0,relpos,ImageNet-1K,0.0,25.0,1000,1.0,0.0,1024.0,,vit_srelpos_medium_patch16_224,37822464.0,,,vit_srelpos_medium_patch16_224,38.735856,,51.0,1.0,0.0,1.0,0.0,0.0,1.0,1.0,1.0,1.0,1.0,0.0,0,2021.0,Supervised,"Image Classification, Object Detection, Image Segmentation",ViT architecture with Relative Position Embeddings,Average
385000.0,23.2,13.0,0.9,0.0,0.0,timm,295296.0,relpos,ImageNet-1K,0.0,25.0,1000,1.0,0.0,768.0,,vit_srelpos_small_patch16_224,21288960.0,,,vit_srelpos_small_patch16_224,21.973486,,51.0,1.0,0.0,1.0,0.0,0.0,1.0,1.0,1.0,1.0,1.0,0.0,0,2021.0,Supervised,"Image Classification, Object Detection, Image Segmentation",ViT architecture with Relative Position Embeddings,Average
193000.0,22.6,13.0,0.9,0.0,0.0,timm,147648.0,vit,ImageNet-1K,0.0,25.0,1000,1.0,0.0,384.0,,vit_tiny_patch16_224,5338368.0,,,vit_tiny_patch16_224,5.717416,,49.0,0.0,1.0,1.0,1.0,0.0,1.0,1.0,1.0,1.0,0.0,1.0,0,2021.0,Supervised,Image Classification,Transformer Architecture Applied to Image Patches,Average
4215699.0,22.6,13.0,0.9,0.0,0.0,timm,147648.0,vit,ImageNet-21K,0.0,25.0,21843,1.0,0.0,384.0,,vit_tiny_patch16_224_in21k,5338368.0,,,vit_tiny_patch16_224_in21k,9.740115,,49.0,0.0,1.0,1.0,1.0,0.0,1.0,1.0,1.0,1.0,0.0,1.0,0,2021.0,Supervised,Image Classification,Transformer Architecture Applied to Image Patches,Average
193000.0,22.6,13.0,1.0,0.0,0.0,timm,147648.0,vit,ImageNet-1K,0.0,25.0,1000,1.0,0.0,384.0,,vit_tiny_patch16_384,5338368.0,,,vit_tiny_patch16_384,5.790376,,49.0,0.0,1.0,1.0,1.0,0.0,1.0,1.0,1.0,1.0,0.0,1.0,0,2021.0,Supervised,Image Classification,Transformer Architecture Applied to Image Patches,Average
193000.0,23.1,13.0,0.9,0.0,0.0,timm,796160.0,vit,ImageNet-1K,1.0,25.0,1000,2.0,0.0,384.0,,vit_tiny_r_s16_p8_224,5338368.0,,,vit_tiny_r_s16_p8_224,6.337704,,49.0,0.0,1.0,1.0,1.0,0.0,1.0,1.0,1.0,1.0,0.0,1.0,0,2021.0,Supervised,Image Classification,Transformer Architecture Applied to Image Patches,Average
4215699.0,23.1,13.0,0.9,0.0,0.0,timm,796160.0,vit,ImageNet-21K,1.0,25.0,21843,2.0,0.0,384.0,,vit_tiny_r_s16_p8_224_in21k,5338368.0,,,vit_tiny_r_s16_p8_224_in21k,10.360403,,49.0,0.0,1.0,1.0,1.0,0.0,1.0,1.0,1.0,1.0,0.0,1.0,0,2021.0,Supervised,Image Classification,Transformer Architecture Applied to Image Patches,Average
193000.0,23.1,13.0,1.0,0.0,0.0,timm,796160.0,vit,ImageNet-1K,1.0,25.0,1000,2.0,0.0,384.0,,vit_tiny_r_s16_p8_384,5338368.0,,,vit_tiny_r_s16_p8_384,6.355944,,49.0,0.0,1.0,1.0,1.0,0.0,1.0,1.0,1.0,1.0,0.0,1.0,0,2021.0,Supervised,Image Classification,Transformer Architecture Applied to Image Patches,Average
385000.0,33.9,34.0,0.96,0.0,0.0,timm,280320.0,volo,ImageNet-1K,4.0,44.0,1000,5.0,0.0,768.0,,volo_d1_224,22549272.0,,,volo_d1_224,26.63204,,88.0,0.0,0.0,1.0,0.0,0.0,1.0,1.0,1.0,1.0,1.0,1.0,0,2021.0,Supervised,"Image Classification, Image Segmentation",Outlook Attention Mechanism,Average
385000.0,33.9,34.0,1.0,0.0,0.0,timm,280320.0,volo,ImageNet-1K,4.0,44.0,1000,5.0,0.0,768.0,,volo_d1_384,22549272.0,,,volo_d1_384,26.77796,,88.0,0.0,0.0,1.0,0.0,0.0,1.0,1.0,1.0,1.0,1.0,1.0,0,2021.0,Supervised,"Image Classification, Image Segmentation",Outlook Attention Mechanism,Average
513000.0,43.5,44.0,0.96,0.0,0.0,timm,345920.0,volo,ImageNet-1K,6.0,56.0,1000,5.0,0.0,1024.0,,volo_d2_224,51952432.0,,,volo_d2_224,58.678336,,114.0,0.0,0.0,1.0,0.0,0.0,1.0,1.0,1.0,1.0,1.0,1.0,0,2021.0,Supervised,"Image Classification, Image Segmentation",Outlook Attention Mechanism,Average
513000.0,43.5,44.0,1.0,0.0,0.0,timm,345920.0,volo,ImageNet-1K,6.0,56.0,1000,5.0,0.0,1024.0,,volo_d2_384,51952432.0,,,volo_d2_384,58.872896,,114.0,0.0,0.0,1.0,0.0,0.0,1.0,1.0,1.0,1.0,1.0,1.0,0,2021.0,Supervised,"Image Classification, Image Segmentation",Outlook Attention Mechanism,Average
513000.0,62.1,66.0,0.96,0.0,0.0,timm,345920.0,volo,ImageNet-1K,8.0,80.0,1000,5.0,0.0,1024.0,,volo_d3_224,79599168.0,,,volo_d3_224,86.325072,,164.0,0.0,0.0,1.0,0.0,0.0,1.0,1.0,1.0,1.0,1.0,1.0,0,2021.0,Supervised,"Image Classification, Image Segmentation",Outlook Attention Mechanism,Average
513000.0,62.1,66.0,1.0,0.0,0.0,timm,345920.0,volo,ImageNet-1K,8.0,80.0,1000,5.0,0.0,1024.0,,volo_d3_448,79599168.0,,,volo_d3_448,86.626128,,164.0,0.0,0.0,1.0,0.0,0.0,1.0,1.0,1.0,1.0,1.0,1.0,0,2021.0,Supervised,"Image Classification, Image Segmentation",Outlook Attention Mechanism,Average
769000.0,62.1,66.0,0.96,0.0,0.0,timm,477120.0,volo,ImageNet-1K,8.0,80.0,1000,5.0,0.0,1536.0,,volo_d4_224,178983264.0,,,volo_d4_224,192.96152,,164.0,0.0,0.0,1.0,0.0,0.0,1.0,1.0,1.0,1.0,1.0,1.0,0,2021.0,Supervised,"Image Classification, Image Segmentation",Outlook Attention Mechanism,Average
769000.0,62.1,66.0,1.15,0.0,0.0,timm,477120.0,volo,ImageNet-1K,8.0,80.0,1000,5.0,0.0,1536.0,,volo_d4_448,178983264.0,,,volo_d4_448,193.413104,,164.0,0.0,0.0,1.0,0.0,0.0,1.0,1.0,1.0,1.0,1.0,1.0,0,2021.0,Supervised,"Image Classification, Image Segmentation",Outlook Attention Mechanism,Average
769000.0,81.3,86.0,0.96,0.0,0.0,timm,1101312.0,volo,ImageNet-1K,12.0,104.0,1000,5.0,0.0,1536.0,,volo_d5_224,278492304.0,,,volo_d5_224,295.455584,,216.0,0.0,0.0,1.0,0.0,0.0,1.0,1.0,1.0,1.0,1.0,1.0,0,2021.0,Supervised,"Image Classification, Image Segmentation",Outlook Attention Mechanism,Average
769000.0,81.3,86.0,1.15,0.0,0.0,timm,1101312.0,volo,ImageNet-1K,12.0,104.0,1000,5.0,0.0,1536.0,,volo_d5_448,278492304.0,,,volo_d5_448,295.907168,,216.0,0.0,0.0,1.0,0.0,0.0,1.0,1.0,1.0,1.0,1.0,1.0,0,2021.0,Supervised,"Image Classification, Image Segmentation",Outlook Attention Mechanism,Average
769000.0,81.3,86.0,1.15,0.0,0.0,timm,1101312.0,volo,ImageNet-1K,12.0,104.0,1000,5.0,0.0,1536.0,,volo_d5_512,278492304.0,,,volo_d5_512,296.091488,,216.0,0.0,0.0,1.0,0.0,0.0,1.0,1.0,1.0,1.0,1.0,1.0,0,2021.0,Supervised,"Image Classification, Image Segmentation",Outlook Attention Mechanism,Average
2049000.0,21.7,0.0,0.875,16.0,16.0,timm,9408.0,resnet,ImageNet-1K,1.0,53.0,1000,53.0,0.0,128.0,,wide_resnet50_2,41971712.0,,,wide_resnet50_2,68.88324,,1.0,1.0,1.0,1.0,1.0,0.0,1.0,0.0,0.0,0.0,1.0,0.0,0,2015.0,Supervised,"Image Classification, Object Detection, Image Segmentation",Deep Residual Learning for Image Recognition,"Max, Average"
2049000.0,42.1,0.0,0.875,33.0,33.0,timm,9408.0,resnet,ImageNet-1K,1.0,104.0,1000,104.0,0.0,128.0,,wide_resnet101_2,78739456.0,,,wide_resnet101_2,126.886696,,1.0,1.0,1.0,1.0,1.0,0.0,1.0,0.0,0.0,0.0,1.0,0.0,0,2015.0,Supervised,"Image Classification, Object Detection, Image Segmentation",Deep Residual Learning for Image Recognition,"Max, Average"
2049000.0,21.6,0.0,0.8975,0.0,0.0,timm,864.0,xception,ImageNet-1K,4.0,40.0,1000,74.0,0.0,64.0,,xception,3159552.0,,,xception,22.855952,,1.0,1.0,1.0,1.0,0.0,0.0,1.0,0.0,0.0,0.0,1.0,0.0,0,2016.0,Supervised,Image Classification,Depthwise Separable Convolutions,"Max, Average"
2049000.0,37.5,0.0,0.903,0.0,0.0,timm,19488.0,xception,ImageNet-1K,0.0,84.0,1000,84.0,0.0,24896800.0,,xception41,24896800.0,,,xception41,26.96956,,1.0,1.0,1.0,1.0,0.0,0.0,1.0,0.0,0.0,0.0,1.0,0.0,0,2016.0,Supervised,Image Classification,Depthwise Separable Convolutions,"Max, Average"
2049000.0,30.2,0.0,0.94,0.0,0.0,timm,19360.0,xception,ImageNet-1K,0.0,40.0,1000,84.0,0.0,24785952.0,,xception41p,24785952.0,,,xception41p,26.907752,,1.0,1.0,1.0,1.0,0.0,0.0,1.0,0.0,0.0,0.0,1.0,0.0,0,2016.0,Supervised,Image Classification,Depthwise Separable Convolutions,"Max, Average"
2049000.0,58.3,0.0,0.94,0.0,0.0,timm,19488.0,xception,ImageNet-1K,0.0,132.0,1000,132.0,0.0,37843552.0,,xception65,37843552.0,,,xception65,39.916312,,1.0,1.0,1.0,1.0,0.0,0.0,1.0,0.0,0.0,0.0,1.0,0.0,0,2016.0,Supervised,Image Classification,Depthwise Separable Convolutions,"Max, Average"
2049000.0,47.8,0.0,0.94,0.0,0.0,timm,19360.0,xception,ImageNet-1K,0.0,64.0,1000,132.0,0.0,37662816.0,,xception65p,37662816.0,,,xception65p,39.81956,,1.0,1.0,1.0,1.0,0.0,0.0,1.0,0.0,0.0,0.0,1.0,0.0,0,2016.0,Supervised,Image Classification,Depthwise Separable Convolutions,"Max, Average"
2049000.0,64.5,0.0,0.903,0.0,0.0,timm,19488.0,xception,ImageNet-1K,0.0,146.0,1000,146.0,0.0,40264008.0,,xception71,40264008.0,,,xception71,42.338736,,1.0,1.0,1.0,1.0,0.0,0.0,1.0,0.0,0.0,0.0,1.0,0.0,0,2016.0,Supervised,Image Classification,Depthwise Separable Convolutions,"Max, Average"
769000.0,55.9,2.0,1.0,0.0,0.0,timm,3325632.0,xcit,ImageNet-1K,0.0,104.0,1000,52.0,0.0,1536.0,,xcit_large_24_p8_224,170551296.0,,,xcit_large_24_p8_224,188.932648,,109.0,0.0,0.0,1.0,0.0,0.0,1.0,1.0,1.0,1.0,1.0,0.0,0,2021.0,Self-Supervised,"Image Classification, Object Detection, Image Segmentation",Feature Cross-Covariance Self-Attention Transformer,"Average, Class Token"
769000.0,55.9,2.0,1.0,0.0,0.0,timm,3325632.0,xcit,ImageNet-1K,0.0,104.0,1000,52.0,0.0,1536.0,,xcit_large_24_p8_224_dist,170551296.0,,,xcit_large_24_p8_224_dist,188.932648,,109.0,0.0,0.0,1.0,0.0,0.0,1.0,1.0,1.0,1.0,1.0,0.0,0,2021.0,Self-Supervised,"Image Classification, Object Detection, Image Segmentation",Feature Cross-Covariance Self-Attention Transformer,"Average, Class Token"
769000.0,55.9,2.0,1.0,0.0,0.0,timm,3325632.0,xcit,ImageNet-1K,0.0,104.0,1000,52.0,0.0,1536.0,,xcit_large_24_p8_384_dist,170551296.0,,,xcit_large_24_p8_384_dist,188.932648,,109.0,0.0,0.0,1.0,0.0,0.0,1.0,1.0,1.0,1.0,1.0,0.0,0,2021.0,Self-Supervised,"Image Classification, Object Detection, Image Segmentation",Feature Cross-Covariance Self-Attention Transformer,"Average, Class Token"
769000.0,56.3,2.0,1.0,0.0,0.0,timm,3489120.0,xcit,ImageNet-1K,0.0,105.0,1000,53.0,0.0,1536.0,,xcit_large_24_p16_224,170551296.0,,,xcit_large_24_p16_224,189.096136,,109.0,0.0,0.0,1.0,0.0,0.0,1.0,1.0,1.0,1.0,1.0,0.0,0,2021.0,Self-Supervised,"Image Classification, Object Detection, Image Segmentation",Feature Cross-Covariance Self-Attention Transformer,"Average, Class Token"
769000.0,56.3,2.0,1.0,0.0,0.0,timm,3489120.0,xcit,ImageNet-1K,0.0,105.0,1000,53.0,0.0,1536.0,,xcit_large_24_p16_224_dist,170551296.0,,,xcit_large_24_p16_224_dist,189.096136,,109.0,0.0,0.0,1.0,0.0,0.0,1.0,1.0,1.0,1.0,1.0,0.0,0,2021.0,Self-Supervised,"Image Classification, Object Detection, Image Segmentation",Feature Cross-Covariance Self-Attention Transformer,"Average, Class Token"
769000.0,56.3,2.0,1.0,0.0,0.0,timm,3489120.0,xcit,ImageNet-1K,0.0,105.0,1000,53.0,0.0,1536.0,,xcit_large_24_p16_384_dist,170551296.0,,,xcit_large_24_p16_384_dist,189.096136,,109.0,0.0,0.0,1.0,0.0,0.0,1.0,1.0,1.0,1.0,1.0,0.0,0,2021.0,Self-Supervised,"Image Classification, Object Detection, Image Segmentation",Feature Cross-Covariance Self-Attention Transformer,"Average, Class Token"
513000.0,55.9,2.0,1.0,0.0,0.0,timm,1479808.0,xcit,ImageNet-1K,0.0,104.0,1000,52.0,0.0,1024.0,,xcit_medium_24_p8_224,75952128.0,,,xcit_medium_24_p8_224,84.323624,,109.0,0.0,0.0,1.0,0.0,0.0,1.0,1.0,1.0,1.0,1.0,0.0,0,2021.0,Self-Supervised,"Image Classification, Object Detection, Image Segmentation",Feature Cross-Covariance Self-Attention Transformer,"Average, Class Token"
513000.0,55.9,2.0,1.0,0.0,0.0,timm,1479808.0,xcit,ImageNet-1K,0.0,104.0,1000,52.0,0.0,1024.0,,xcit_medium_24_p8_224_dist,75952128.0,,,xcit_medium_24_p8_224_dist,84.323624,,109.0,0.0,0.0,1.0,0.0,0.0,1.0,1.0,1.0,1.0,1.0,0.0,0,2021.0,Self-Supervised,"Image Classification, Object Detection, Image Segmentation",Feature Cross-Covariance Self-Attention Transformer,"Average, Class Token"
513000.0,55.9,2.0,1.0,0.0,0.0,timm,1479808.0,xcit,ImageNet-1K,0.0,104.0,1000,52.0,0.0,1024.0,,xcit_medium_24_p8_384_dist,75952128.0,,,xcit_medium_24_p8_384_dist,84.323624,,109.0,0.0,0.0,1.0,0.0,0.0,1.0,1.0,1.0,1.0,1.0,0.0,0,2021.0,Self-Supervised,"Image Classification, Object Detection, Image Segmentation",Feature Cross-Covariance Self-Attention Transformer,"Average, Class Token"
513000.0,56.3,2.0,1.0,0.0,0.0,timm,1551936.0,xcit,ImageNet-1K,0.0,105.0,1000,53.0,0.0,1024.0,,xcit_medium_24_p16_224,75952128.0,,,xcit_medium_24_p16_224,84.395752,,109.0,0.0,0.0,1.0,0.0,0.0,1.0,1.0,1.0,1.0,1.0,0.0,0,2021.0,Self-Supervised,"Image Classification, Object Detection, Image Segmentation",Feature Cross-Covariance Self-Attention Transformer,"Average, Class Token"
513000.0,56.3,2.0,1.0,0.0,0.0,timm,1551936.0,xcit,ImageNet-1K,0.0,105.0,1000,53.0,0.0,1024.0,,xcit_medium_24_p16_384_dist,75952128.0,,,xcit_medium_24_p16_384_dist,84.395752,,109.0,0.0,0.0,1.0,0.0,0.0,1.0,1.0,1.0,1.0,1.0,0.0,0,2021.0,Self-Supervised,"Image Classification, Object Detection, Image Segmentation",Feature Cross-Covariance Self-Attention Transformer,"Average, Class Token"
129000.0,30.7,2.0,1.0,0.0,0.0,timm,93472.0,xcit,ImageNet-1K,0.0,56.0,1000,28.0,0.0,256.0,,xcit_nano_12_p8_224,2416128.0,,,xcit_nano_12_p8_224,3.049016,,61.0,0.0,0.0,1.0,0.0,0.0,1.0,1.0,1.0,1.0,1.0,0.0,0,2021.0,Self-Supervised,"Image Classification, Object Detection, Image Segmentation",Feature Cross-Covariance Self-Attention Transformer,"Average, Class Token"
129000.0,30.7,2.0,1.0,0.0,0.0,timm,93472.0,xcit,ImageNet-1K,0.0,56.0,1000,28.0,0.0,256.0,,xcit_nano_12_p8_224_dist,2416128.0,,,xcit_nano_12_p8_224_dist,3.049016,,61.0,0.0,0.0,1.0,0.0,0.0,1.0,1.0,1.0,1.0,1.0,0.0,0,2021.0,Self-Supervised,"Image Classification, Object Detection, Image Segmentation",Feature Cross-Covariance Self-Attention Transformer,"Average, Class Token"
129000.0,30.7,2.0,1.0,0.0,0.0,timm,93472.0,xcit,ImageNet-1K,0.0,56.0,1000,28.0,0.0,256.0,,xcit_nano_12_p8_384_dist,2416128.0,,,xcit_nano_12_p8_384_dist,3.049016,,61.0,0.0,0.0,1.0,0.0,0.0,1.0,1.0,1.0,1.0,1.0,0.0,0,2021.0,Self-Supervised,"Image Classification, Object Detection, Image Segmentation",Feature Cross-Covariance Self-Attention Transformer,"Average, Class Token"
129000.0,31.1,2.0,1.0,0.0,0.0,timm,97680.0,xcit,ImageNet-1K,0.0,57.0,1000,29.0,0.0,256.0,,xcit_nano_12_p16_224,2416128.0,,,xcit_nano_12_p16_224,3.053224,,61.0,0.0,0.0,1.0,0.0,0.0,1.0,1.0,1.0,1.0,1.0,0.0,0,2021.0,Self-Supervised,"Image Classification, Object Detection, Image Segmentation",Feature Cross-Covariance Self-Attention Transformer,"Average, Class Token"
129000.0,31.1,2.0,1.0,0.0,0.0,timm,97680.0,xcit,ImageNet-1K,0.0,57.0,1000,29.0,0.0,256.0,,xcit_nano_12_p16_224_dist,2416128.0,,,xcit_nano_12_p16_224_dist,3.053224,,61.0,0.0,0.0,1.0,0.0,0.0,1.0,1.0,1.0,1.0,1.0,0.0,0,2021.0,Self-Supervised,"Image Classification, Object Detection, Image Segmentation",Feature Cross-Covariance Self-Attention Transformer,"Average, Class Token"
129000.0,31.1,2.0,1.0,0.0,0.0,timm,97680.0,xcit,ImageNet-1K,0.0,57.0,1000,29.0,0.0,256.0,,xcit_nano_12_p16_384_dist,2416128.0,,,xcit_nano_12_p16_384_dist,3.053224,,61.0,0.0,0.0,1.0,0.0,0.0,1.0,1.0,1.0,1.0,1.0,0.0,0,2021.0,Self-Supervised,"Image Classification, Object Detection, Image Segmentation",Feature Cross-Covariance Self-Attention Transformer,"Average, Class Token"
385000.0,30.7,2.0,1.0,0.0,0.0,timm,833376.0,xcit,ImageNet-1K,0.0,56.0,1000,28.0,0.0,768.0,,xcit_small_12_p8_224,21404160.0,,,xcit_small_12_p8_224,26.213032,,61.0,0.0,0.0,1.0,0.0,0.0,1.0,1.0,1.0,1.0,1.0,0.0,0,2021.0,Self-Supervised,"Image Classification, Object Detection, Image Segmentation",Feature Cross-Covariance Self-Attention Transformer,"Average, Class Token"
385000.0,30.7,2.0,1.0,0.0,0.0,timm,833376.0,xcit,ImageNet-1K,0.0,56.0,1000,28.0,0.0,768.0,,xcit_small_12_p8_224_dist,21404160.0,,,xcit_small_12_p8_224_dist,26.213032,,61.0,0.0,0.0,1.0,0.0,0.0,1.0,1.0,1.0,1.0,1.0,0.0,0,2021.0,Self-Supervised,"Image Classification, Object Detection, Image Segmentation",Feature Cross-Covariance Self-Attention Transformer,"Average, Class Token"
385000.0,30.7,2.0,1.0,0.0,0.0,timm,833376.0,xcit,ImageNet-1K,0.0,56.0,1000,28.0,0.0,768.0,,xcit_small_12_p8_384_dist,21404160.0,,,xcit_small_12_p8_384_dist,26.213032,,61.0,0.0,0.0,1.0,0.0,0.0,1.0,1.0,1.0,1.0,1.0,0.0,0,2021.0,Self-Supervised,"Image Classification, Object Detection, Image Segmentation",Feature Cross-Covariance Self-Attention Transformer,"Average, Class Token"
385000.0,31.1,2.0,1.0,0.0,0.0,timm,873648.0,xcit,ImageNet-1K,0.0,57.0,1000,29.0,0.0,768.0,,xcit_small_12_p16_224,21404160.0,,,xcit_small_12_p16_224,26.253304,,61.0,0.0,0.0,1.0,0.0,0.0,1.0,1.0,1.0,1.0,1.0,0.0,0,2021.0,Self-Supervised,"Image Classification, Object Detection, Image Segmentation",Feature Cross-Covariance Self-Attention Transformer,"Average, Class Token"
385000.0,31.1,2.0,1.0,0.0,0.0,timm,873648.0,xcit,ImageNet-1K,0.0,57.0,1000,29.0,0.0,768.0,,xcit_small_12_p16_224_dist,21404160.0,,,xcit_small_12_p16_224_dist,26.253304,,61.0,0.0,0.0,1.0,0.0,0.0,1.0,1.0,1.0,1.0,1.0,0.0,0,2021.0,Self-Supervised,"Image Classification, Object Detection, Image Segmentation",Feature Cross-Covariance Self-Attention Transformer,"Average, Class Token"
385000.0,31.1,2.0,1.0,0.0,0.0,timm,873648.0,xcit,ImageNet-1K,0.0,57.0,1000,29.0,0.0,768.0,,xcit_small_12_p16_384_dist,21404160.0,,,xcit_small_12_p16_384_dist,26.253304,,61.0,0.0,0.0,1.0,0.0,0.0,1.0,1.0,1.0,1.0,1.0,0.0,0,2021.0,Self-Supervised,"Image Classification, Object Detection, Image Segmentation",Feature Cross-Covariance Self-Attention Transformer,"Average, Class Token"
385000.0,55.9,2.0,1.0,0.0,0.0,timm,833376.0,xcit,ImageNet-1K,0.0,104.0,1000,52.0,0.0,768.0,,xcit_small_24_p8_224,42808320.0,,,xcit_small_24_p8_224,47.631112,,109.0,0.0,0.0,1.0,0.0,0.0,1.0,1.0,1.0,1.0,1.0,0.0,0,2021.0,Self-Supervised,"Image Classification, Object Detection, Image Segmentation",Feature Cross-Covariance Self-Attention Transformer,"Average, Class Token"
385000.0,55.9,2.0,1.0,0.0,0.0,timm,833376.0,xcit,ImageNet-1K,0.0,104.0,1000,52.0,0.0,768.0,,xcit_small_24_p8_224_dist,42808320.0,,,xcit_small_24_p8_224_dist,47.631112,,109.0,0.0,0.0,1.0,0.0,0.0,1.0,1.0,1.0,1.0,1.0,0.0,0,2021.0,Self-Supervised,"Image Classification, Object Detection, Image Segmentation",Feature Cross-Covariance Self-Attention Transformer,"Average, Class Token"
385000.0,55.9,2.0,1.0,0.0,0.0,timm,833376.0,xcit,ImageNet-1K,0.0,104.0,1000,52.0,0.0,768.0,,xcit_small_24_p8_384_dist,42808320.0,,,xcit_small_24_p8_384_dist,47.631112,,109.0,0.0,0.0,1.0,0.0,0.0,1.0,1.0,1.0,1.0,1.0,0.0,0,2021.0,Self-Supervised,"Image Classification, Object Detection, Image Segmentation",Feature Cross-Covariance Self-Attention Transformer,"Average, Class Token"
385000.0,56.3,2.0,1.0,0.0,0.0,timm,873648.0,xcit,ImageNet-1K,0.0,105.0,1000,53.0,0.0,768.0,,xcit_small_24_p16_224,42808320.0,,,xcit_small_24_p16_224,47.671384,,109.0,0.0,0.0,1.0,0.0,0.0,1.0,1.0,1.0,1.0,1.0,0.0,0,2021.0,Self-Supervised,"Image Classification, Object Detection, Image Segmentation",Feature Cross-Covariance Self-Attention Transformer,"Average, Class Token"
385000.0,56.3,2.0,1.0,0.0,0.0,timm,873648.0,xcit,ImageNet-1K,0.0,105.0,1000,53.0,0.0,768.0,,xcit_small_24_p16_224_dist,42808320.0,,,xcit_small_24_p16_224_dist,47.671384,,109.0,0.0,0.0,1.0,0.0,0.0,1.0,1.0,1.0,1.0,1.0,0.0,0,2021.0,Self-Supervised,"Image Classification, Object Detection, Image Segmentation",Feature Cross-Covariance Self-Attention Transformer,"Average, Class Token"
193000.0,30.7,2.0,1.0,0.0,0.0,timm,209328.0,xcit,ImageNet-1K,0.0,56.0,1000,28.0,0.0,384.0,,xcit_tiny_12_p8_224,5393664.0,,,xcit_tiny_12_p8_224,6.706504,,61.0,0.0,0.0,1.0,0.0,0.0,1.0,1.0,1.0,1.0,1.0,0.0,0,2021.0,Self-Supervised,"Image Classification, Object Detection, Image Segmentation",Feature Cross-Covariance Self-Attention Transformer,"Average, Class Token"
193000.0,30.7,2.0,1.0,0.0,0.0,timm,209328.0,xcit,ImageNet-1K,0.0,56.0,1000,28.0,0.0,384.0,,xcit_tiny_12_p8_224_dist,5393664.0,,,xcit_tiny_12_p8_224_dist,6.706504,,61.0,0.0,0.0,1.0,0.0,0.0,1.0,1.0,1.0,1.0,1.0,0.0,0,2021.0,Self-Supervised,"Image Classification, Object Detection, Image Segmentation",Feature Cross-Covariance Self-Attention Transformer,"Average, Class Token"
193000.0,30.7,2.0,1.0,0.0,0.0,timm,209328.0,xcit,ImageNet-1K,0.0,56.0,1000,28.0,0.0,384.0,,xcit_tiny_12_p8_384_dist,5393664.0,,,xcit_tiny_12_p8_384_dist,6.706504,,61.0,0.0,0.0,1.0,0.0,0.0,1.0,1.0,1.0,1.0,1.0,0.0,0,2021.0,Self-Supervised,"Image Classification, Object Detection, Image Segmentation",Feature Cross-Covariance Self-Attention Transformer,"Average, Class Token"
193000.0,31.1,2.0,1.0,0.0,0.0,timm,219096.0,xcit,ImageNet-1K,0.0,57.0,1000,29.0,0.0,384.0,,xcit_tiny_12_p16_224,5393664.0,,,xcit_tiny_12_p16_224,6.716272,,61.0,0.0,0.0,1.0,0.0,0.0,1.0,1.0,1.0,1.0,1.0,0.0,0,2021.0,Self-Supervised,"Image Classification, Object Detection, Image Segmentation",Feature Cross-Covariance Self-Attention Transformer,"Average, Class Token"
193000.0,31.1,2.0,1.0,0.0,0.0,timm,219096.0,xcit,ImageNet-1K,0.0,57.0,1000,29.0,0.0,384.0,,xcit_tiny_12_p16_224_dist,5393664.0,,,xcit_tiny_12_p16_224_dist,6.716272,,61.0,0.0,0.0,1.0,0.0,0.0,1.0,1.0,1.0,1.0,1.0,0.0,0,2021.0,Self-Supervised,"Image Classification, Object Detection, Image Segmentation",Feature Cross-Covariance Self-Attention Transformer,"Average, Class Token"
193000.0,31.1,2.0,1.0,0.0,0.0,timm,219096.0,xcit,ImageNet-1K,0.0,57.0,1000,29.0,0.0,384.0,,xcit_tiny_12_p16_384_dist,5393664.0,,,xcit_tiny_12_p16_384_dist,6.716272,,61.0,0.0,0.0,1.0,0.0,0.0,1.0,1.0,1.0,1.0,1.0,0.0,0,2021.0,Self-Supervised,"Image Classification, Object Detection, Image Segmentation",Feature Cross-Covariance Self-Attention Transformer,"Average, Class Token"
193000.0,55.9,2.0,1.0,0.0,0.0,timm,209328.0,xcit,ImageNet-1K,0.0,104.0,1000,52.0,0.0,384.0,,xcit_tiny_24_p8_224,10787328.0,,,xcit_tiny_24_p8_224,12.107128,,109.0,0.0,0.0,1.0,0.0,0.0,1.0,1.0,1.0,1.0,1.0,0.0,0,2021.0,Self-Supervised,"Image Classification, Object Detection, Image Segmentation",Feature Cross-Covariance Self-Attention Transformer,"Average, Class Token"
193000.0,55.9,2.0,1.0,0.0,0.0,timm,209328.0,xcit,ImageNet-1K,0.0,104.0,1000,52.0,0.0,384.0,,xcit_tiny_24_p8_224_dist,10787328.0,,,xcit_tiny_24_p8_224_dist,12.107128,,109.0,0.0,0.0,1.0,0.0,0.0,1.0,1.0,1.0,1.0,1.0,0.0,0,2021.0,Self-Supervised,"Image Classification, Object Detection, Image Segmentation",Feature Cross-Covariance Self-Attention Transformer,"Average, Class Token"
193000.0,55.9,2.0,1.0,0.0,0.0,timm,209328.0,xcit,ImageNet-1K,0.0,104.0,1000,52.0,0.0,384.0,,xcit_tiny_24_p8_384_dist,10787328.0,,,xcit_tiny_24_p8_384_dist,12.107128,,109.0,0.0,0.0,1.0,0.0,0.0,1.0,1.0,1.0,1.0,1.0,0.0,0,2021.0,Self-Supervised,"Image Classification, Object Detection, Image Segmentation",Feature Cross-Covariance Self-Attention Transformer,"Average, Class Token"
193000.0,56.3,2.0,1.0,0.0,0.0,timm,219096.0,xcit,ImageNet-1K,0.0,105.0,1000,53.0,0.0,384.0,,xcit_tiny_24_p16_224,10787328.0,,,xcit_tiny_24_p16_224,12.116896,,109.0,0.0,0.0,1.0,0.0,0.0,1.0,1.0,1.0,1.0,1.0,0.0,0,2021.0,Self-Supervised,"Image Classification, Object Detection, Image Segmentation",Feature Cross-Covariance Self-Attention Transformer,"Average, Class Token"
193000.0,56.3,2.0,1.0,0.0,0.0,timm,219096.0,xcit,ImageNet-1K,0.0,105.0,1000,53.0,0.0,384.0,,xcit_tiny_24_p16_224_dist,10787328.0,,,xcit_tiny_24_p16_224_dist,12.116896,,109.0,0.0,0.0,1.0,0.0,0.0,1.0,1.0,1.0,1.0,1.0,0.0,0,2021.0,Self-Supervised,"Image Classification, Object Detection, Image Segmentation",Feature Cross-Covariance Self-Attention Transformer,"Average, Class Token"
193000.0,56.3,2.0,1.0,0.0,0.0,timm,219096.0,xcit,ImageNet-1K,0.0,105.0,1000,53.0,0.0,384.0,,xcit_tiny_24_p16_384_dist,10787328.0,,,xcit_tiny_24_p16_384_dist,12.116896,,109.0,0.0,0.0,1.0,0.0,0.0,1.0,1.0,1.0,1.0,1.0,0.0,0,2021.0,Self-Supervised,"Image Classification, Object Detection, Image Segmentation",Feature Cross-Covariance Self-Attention Transformer,"Average, Class Token"
